sample	unit	library	flowcell	platform	lane	sample_id	barcode	fq1	fq2	kb1	kb2
2022001	1	2025-07-17-plate-2	237LGHLT3	ILLUMINA	5	2022001	GTCAGATA+CTACAAGA	data/samples_for_assignment/A_001_2022001_10484831_237LGHLT3_L5_R1.fastq.gz	data/samples_for_assignment/A_001_2022001_10484831_237LGHLT3_L5_R2.fastq.gz	130882	130488
2022002	1	2025-07-17-plate-2	237LGHLT3	ILLUMINA	5	2022002	TCTCATAT+TATAGTAG	data/samples_for_assignment/A_002_2022002_10484831_237LGHLT3_L5_R1.fastq.gz	data/samples_for_assignment/A_002_2022002_10484831_237LGHLT3_L5_R2.fastq.gz	182290	181417
2022003	1	2025-07-17-plate-2	237LGHLT3	ILLUMINA	5	2022003	TCCATAAG+TGCCTGGT	data/samples_for_assignment/A_003_2022003_10484831_237LGHLT3_L5_R1.fastq.gz	data/samples_for_assignment/A_003_2022003_10484831_237LGHLT3_L5_R2.fastq.gz	64125	63688
2022004	1	2025-07-17-plate-2	237LGHLT3	ILLUMINA	5	2022004	CGAGATTA+ACATTATC	data/samples_for_assignment/A_004_2022004_10484831_237LGHLT3_L5_R1.fastq.gz	data/samples_for_assignment/A_004_2022004_10484831_237LGHLT3_L5_R2.fastq.gz	207456	195467
2022005	1	2025-07-17-plate-2	237LGHLT3	ILLUMINA	5	2022005	CATCGCGC+GTCCACTT	data/samples_for_assignment/A_005_2022005_10484831_237LGHLT3_L5_R1.fastq.gz	data/samples_for_assignment/A_005_2022005_10484831_237LGHLT3_L5_R2.fastq.gz	76407	76157
2022006	1	2025-07-17-plate-2	237LGHLT3	ILLUMINA	5	2022006	TCAAGGCA+GTTGATAG	data/samples_for_assignment/A_006_2022006_10484831_237LGHLT3_L5_R1.fastq.gz	data/samples_for_assignment/A_006_2022006_10484831_237LGHLT3_L5_R2.fastq.gz	50844	50630
2022007	1	2025-07-17-plate-2	237LGHLT3	ILLUMINA	5	2022007	CTGAGTAG+ACCAGCGA	data/samples_for_assignment/A_007_2022007_10484831_237LGHLT3_L5_R1.fastq.gz	data/samples_for_assignment/A_007_2022007_10484831_237LGHLT3_L5_R2.fastq.gz	64036	63827
2022008	1	2025-07-17-plate-2	237LGHLT3	ILLUMINA	5	2022008	TCAGACGA+CATACACT	data/samples_for_assignment/A_008_2022008_10484831_237LGHLT3_L5_R1.fastq.gz	data/samples_for_assignment/A_008_2022008_10484831_237LGHLT3_L5_R2.fastq.gz	118984	118118
2022009	1	2025-07-17-plate-2	237LGHLT3	ILLUMINA	5	2022009	GTATGTTC+GTGTGGCG	data/samples_for_assignment/A_009_2022009_10484831_237LGHLT3_L5_R1.fastq.gz	data/samples_for_assignment/A_009_2022009_10484831_237LGHLT3_L5_R2.fastq.gz	220142	219671
2022010	1	2025-07-17-plate-2	237LGHLT3	ILLUMINA	5	2022010	AGCGGCAC+ATCACGAA	data/samples_for_assignment/A_010_2022010_10484831_237LGHLT3_L5_R1.fastq.gz	data/samples_for_assignment/A_010_2022010_10484831_237LGHLT3_L5_R2.fastq.gz	114510	113890
2022011	1	2025-07-17-plate-2	237LGHLT3	ILLUMINA	5	2022011	GTTACGGC+CGGCTCTA	data/samples_for_assignment/A_011_2022011_10484831_237LGHLT3_L5_R1.fastq.gz	data/samples_for_assignment/A_011_2022011_10484831_237LGHLT3_L5_R2.fastq.gz	98537	98629
2022012	1	2025-07-17-plate-2	237LGHLT3	ILLUMINA	5	2022012	GAATGGTT+TCGGCAGC	data/samples_for_assignment/A_012_2022012_10484831_237LGHLT3_L5_R1.fastq.gz	data/samples_for_assignment/A_012_2022012_10484831_237LGHLT3_L5_R2.fastq.gz	41512	41108
2022013	1	2025-07-17-plate-2	237LGHLT3	ILLUMINA	5	2022013	AGGCAACC+GGCCTGTC	data/samples_for_assignment/A_013_2022013_10484831_237LGHLT3_L5_R1.fastq.gz	data/samples_for_assignment/A_013_2022013_10484831_237LGHLT3_L5_R2.fastq.gz	88772	78900
2022014	1	2025-07-17-plate-2	237LGHLT3	ILLUMINA	5	2022014	ATCATTAG+CTGTGTTA	data/samples_for_assignment/A_014_2022014_10484831_237LGHLT3_L5_R1.fastq.gz	data/samples_for_assignment/A_014_2022014_10484831_237LGHLT3_L5_R2.fastq.gz	155729	155402
2022015	1	2025-07-17-plate-2	237LGHLT3	ILLUMINA	5	2022015	TAGGCCGA+TAAGGAAC	data/samples_for_assignment/A_015_2022015_10484831_237LGHLT3_L5_R1.fastq.gz	data/samples_for_assignment/A_015_2022015_10484831_237LGHLT3_L5_R2.fastq.gz	117140	114468
2022016	1	2025-07-17-plate-2	237LGHLT3	ILLUMINA	5	2022016	GGTTGACT+AATAGAGC	data/samples_for_assignment/A_016_2022016_10484831_237LGHLT3_L5_R1.fastq.gz	data/samples_for_assignment/A_016_2022016_10484831_237LGHLT3_L5_R2.fastq.gz	189811	185710
2022017	1	2025-07-17-plate-2	237LGHLT3	ILLUMINA	5	2022017	GCCTTGTT+TCCGACCT	data/samples_for_assignment/A_017_2022017_10484831_237LGHLT3_L5_R1.fastq.gz	data/samples_for_assignment/A_017_2022017_10484831_237LGHLT3_L5_R2.fastq.gz	175485	175152
2022018	1	2025-07-17-plate-2	237LGHLT3	ILLUMINA	5	2022018	CTACATAC+CTTATGGA	data/samples_for_assignment/A_018_2022018_10484831_237LGHLT3_L5_R1.fastq.gz	data/samples_for_assignment/A_018_2022018_10484831_237LGHLT3_L5_R2.fastq.gz	51187	51184
2022019	1	2025-07-17-plate-2	237LGHLT3	ILLUMINA	5	2022019	CCATAGAA+GCTTACGG	data/samples_for_assignment/A_019_2022019_10484831_237LGHLT3_L5_R1.fastq.gz	data/samples_for_assignment/A_019_2022019_10484831_237LGHLT3_L5_R2.fastq.gz	64444	64293
2022020	1	2025-07-17-plate-2	237LGHLT3	ILLUMINA	5	2022020	AGCATCCA+GAACATAC	data/samples_for_assignment/A_020_2022020_10484831_237LGHLT3_L5_R1.fastq.gz	data/samples_for_assignment/A_020_2022020_10484831_237LGHLT3_L5_R2.fastq.gz	146737	145444
2022021	1	2025-07-17-plate-2	237LGHLT3	ILLUMINA	5	2022021	CGCACTCT+GTCGATTA	data/samples_for_assignment/A_021_2022021_10484831_237LGHLT3_L5_R1.fastq.gz	data/samples_for_assignment/A_021_2022021_10484831_237LGHLT3_L5_R2.fastq.gz	64244	63891
2022022	1	2025-07-17-plate-2	237LGHLT3	ILLUMINA	5	2022022	GACACGCA+ACTAGCCG	data/samples_for_assignment/A_022_2022022_10484831_237LGHLT3_L5_R1.fastq.gz	data/samples_for_assignment/A_022_2022022_10484831_237LGHLT3_L5_R2.fastq.gz	98396	98004
2022023	1	2025-07-17-plate-2	237LGHLT3	ILLUMINA	5	2022023	AGTGTATG+TGGCAATA	data/samples_for_assignment/A_023_2022023_10484831_237LGHLT3_L5_R1.fastq.gz	data/samples_for_assignment/A_023_2022023_10484831_237LGHLT3_L5_R2.fastq.gz	220903	221470
2022024	1	2025-07-17-plate-2	237LGHLT3	ILLUMINA	5	2022024	ATTATACG+TACCATCC	data/samples_for_assignment/A_024_2022024_10484831_237LGHLT3_L5_R1.fastq.gz	data/samples_for_assignment/A_024_2022024_10484831_237LGHLT3_L5_R2.fastq.gz	131437	127648
2022025	1	2025-07-17-plate-2	237LGHLT3	ILLUMINA	5	2022025	TAACTCGC+GCTGTAGG	data/samples_for_assignment/A_025_2022025_10484831_237LGHLT3_L5_R1.fastq.gz	data/samples_for_assignment/A_025_2022025_10484831_237LGHLT3_L5_R2.fastq.gz	71228	71080
2022026	1	2025-07-17-plate-2	237LGHLT3	ILLUMINA	5	2022026	CGGCCGTA+CGCACTAA	data/samples_for_assignment/A_026_2022026_10484831_237LGHLT3_L5_R1.fastq.gz	data/samples_for_assignment/A_026_2022026_10484831_237LGHLT3_L5_R2.fastq.gz	106461	105842
2022027	1	2025-07-17-plate-2	237LGHLT3	ILLUMINA	5	2022027	TAATCGAC+AGTGGTCA	data/samples_for_assignment/A_027_2022027_10484831_237LGHLT3_L5_R1.fastq.gz	data/samples_for_assignment/A_027_2022027_10484831_237LGHLT3_L5_R2.fastq.gz	106920	105171
2022028	1	2025-07-17-plate-2	237LGHLT3	ILLUMINA	5	2022028	ATCGGCTG+TTCTATGG	data/samples_for_assignment/A_028_2022028_10484831_237LGHLT3_L5_R1.fastq.gz	data/samples_for_assignment/A_028_2022028_10484831_237LGHLT3_L5_R2.fastq.gz	26605	26592
2022029	1	2025-07-17-plate-2	237LGHLT3	ILLUMINA	5	2022029	TCGGCAAT+AATCCGGC	data/samples_for_assignment/A_029_2022029_10484831_237LGHLT3_L5_R1.fastq.gz	data/samples_for_assignment/A_029_2022029_10484831_237LGHLT3_L5_R2.fastq.gz	17024	16393
2022030	1	2025-07-17-plate-2	237LGHLT3	ILLUMINA	5	2022030	ATCTCGCC+CCATAAGG	data/samples_for_assignment/A_030_2022030_10484831_237LGHLT3_L5_R1.fastq.gz	data/samples_for_assignment/A_030_2022030_10484831_237LGHLT3_L5_R2.fastq.gz	150476	150024
2022031	1	2025-07-17-plate-2	237LGHLT3	ILLUMINA	5	2022031	GCGAGCCA+CTGGTACA	data/samples_for_assignment/A_031_2022031_10484831_237LGHLT3_L5_R1.fastq.gz	data/samples_for_assignment/A_031_2022031_10484831_237LGHLT3_L5_R2.fastq.gz	110688	109886
2022032	1	2025-07-17-plate-2	237LGHLT3	ILLUMINA	5	2022032	TTATTCTA+TCAACGTG	data/samples_for_assignment/A_032_2022032_10484831_237LGHLT3_L5_R1.fastq.gz	data/samples_for_assignment/A_032_2022032_10484831_237LGHLT3_L5_R2.fastq.gz	13133	12964
2022033	1	2025-07-17-plate-2	237LGHLT3	ILLUMINA	5	2022033	CCTGGATA+ACTGTTGT	data/samples_for_assignment/A_033_2022033_10484831_237LGHLT3_L5_R1.fastq.gz	data/samples_for_assignment/A_033_2022033_10484831_237LGHLT3_L5_R2.fastq.gz	158181	156735
2022034	1	2025-07-17-plate-2	237LGHLT3	ILLUMINA	5	2022034	CACCATGT+AGCACATC	data/samples_for_assignment/A_034_2022034_10484831_237LGHLT3_L5_R1.fastq.gz	data/samples_for_assignment/A_034_2022034_10484831_237LGHLT3_L5_R2.fastq.gz	161653	153396
2022035	1	2025-07-17-plate-2	237LGHLT3	ILLUMINA	5	2022035	AATTGTAA+TTCCGTCG	data/samples_for_assignment/A_035_2022035_10484831_237LGHLT3_L5_R1.fastq.gz	data/samples_for_assignment/A_035_2022035_10484831_237LGHLT3_L5_R2.fastq.gz	197570	194394
2022036	1	2025-07-17-plate-2	237LGHLT3	ILLUMINA	5	2022036	GAGGAATA+CTTAACCA	data/samples_for_assignment/A_036_2022036_10484831_237LGHLT3_L5_R1.fastq.gz	data/samples_for_assignment/A_036_2022036_10484831_237LGHLT3_L5_R2.fastq.gz	34350	34109
2022037	1	2025-07-17-plate-2	237LGHLT3	ILLUMINA	5	2022037	CGCACGAG+GCCTCGGA	data/samples_for_assignment/A_037_2022037_10484831_237LGHLT3_L5_R1.fastq.gz	data/samples_for_assignment/A_037_2022037_10484831_237LGHLT3_L5_R2.fastq.gz	106453	107346
2022038	1	2025-07-17-plate-2	237LGHLT3	ILLUMINA	5	2022038	TATCCTAA+ATAGACCG	data/samples_for_assignment/A_038_2022038_10484831_237LGHLT3_L5_R1.fastq.gz	data/samples_for_assignment/A_038_2022038_10484831_237LGHLT3_L5_R2.fastq.gz	64552	64146
2022039	1	2025-07-17-plate-2	237LGHLT3	ILLUMINA	5	2022039	CGCTTCGG+ACAGTTCC	data/samples_for_assignment/A_039_2022039_10484831_237LGHLT3_L5_R1.fastq.gz	data/samples_for_assignment/A_039_2022039_10484831_237LGHLT3_L5_R2.fastq.gz	142491	140305
2022040	1	2025-07-17-plate-2	237LGHLT3	ILLUMINA	5	2022040	GCTAATCA+AGGCATGT	data/samples_for_assignment/A_040_2022040_10484831_237LGHLT3_L5_R1.fastq.gz	data/samples_for_assignment/A_040_2022040_10484831_237LGHLT3_L5_R2.fastq.gz	109485	108777
2022041	1	2025-07-17-plate-2	237LGHLT3	ILLUMINA	5	2022041	CACTGTTA+TTGGCTCC	data/samples_for_assignment/A_041_2022041_10484831_237LGHLT3_L5_R1.fastq.gz	data/samples_for_assignment/A_041_2022041_10484831_237LGHLT3_L5_R2.fastq.gz	56091	53557
2022042	1	2025-07-17-plate-2	237LGHLT3	ILLUMINA	5	2022042	TGCGCGGT+TTACAATT	data/samples_for_assignment/A_042_2022042_10484831_237LGHLT3_L5_R1.fastq.gz	data/samples_for_assignment/A_042_2022042_10484831_237LGHLT3_L5_R2.fastq.gz	125335	124526
2022043	1	2025-07-17-plate-2	237LGHLT3	ILLUMINA	5	2022043	GCGCGAAC+AACCTAGC	data/samples_for_assignment/A_043_2022043_10484831_237LGHLT3_L5_R1.fastq.gz	data/samples_for_assignment/A_043_2022043_10484831_237LGHLT3_L5_R2.fastq.gz	214915	208358
2022044	1	2025-07-17-plate-2	237LGHLT3	ILLUMINA	5	2022044	ATGTGTCT+GGAATTCC	data/samples_for_assignment/A_044_2022044_10484831_237LGHLT3_L5_R1.fastq.gz	data/samples_for_assignment/A_044_2022044_10484831_237LGHLT3_L5_R2.fastq.gz	46235	45262
2022045	1	2025-07-17-plate-2	237LGHLT3	ILLUMINA	5	2022045	CGGAACAA+AAGCGCGC	data/samples_for_assignment/A_045_2022045_10484831_237LGHLT3_L5_R1.fastq.gz	data/samples_for_assignment/A_045_2022045_10484831_237LGHLT3_L5_R2.fastq.gz	158221	154044
2022046	1	2025-07-17-plate-2	237LGHLT3	ILLUMINA	5	2022046	GAGTACTT+TGAGCGTT	data/samples_for_assignment/A_046_2022046_10484831_237LGHLT3_L5_R1.fastq.gz	data/samples_for_assignment/A_046_2022046_10484831_237LGHLT3_L5_R2.fastq.gz	77788	77569
2022047	1	2025-07-17-plate-2	237LGHLT3	ILLUMINA	5	2022047	TGTACACC+ATCATAGG	data/samples_for_assignment/A_047_2022047_10484831_237LGHLT3_L5_R1.fastq.gz	data/samples_for_assignment/A_047_2022047_10484831_237LGHLT3_L5_R2.fastq.gz	29132	28900
2022048	1	2025-07-17-plate-2	237LGHLT3	ILLUMINA	5	2022048	CATAAGGT+TGTTAGAA	data/samples_for_assignment/A_048_2022048_10484831_237LGHLT3_L5_R1.fastq.gz	data/samples_for_assignment/A_048_2022048_10484831_237LGHLT3_L5_R2.fastq.gz	154395	153820
2022049	1	2025-07-17-plate-2	237LGHLT3	ILLUMINA	5	2022049	CTGCAGCG+GATGGATG	data/samples_for_assignment/A_049_2022049_10484831_237LGHLT3_L5_R1.fastq.gz	data/samples_for_assignment/A_049_2022049_10484831_237LGHLT3_L5_R2.fastq.gz	71995	71798
2022050	1	2025-07-17-plate-2	237LGHLT3	ILLUMINA	5	2022050	TGGTATCC+ACGGCCGT	data/samples_for_assignment/A_050_2022050_10484831_237LGHLT3_L5_R1.fastq.gz	data/samples_for_assignment/A_050_2022050_10484831_237LGHLT3_L5_R2.fastq.gz	114835	114067
2022051	1	2025-07-17-plate-2	237LGHLT3	ILLUMINA	5	2022051	CAAGCCAG+CGTTGCTT	data/samples_for_assignment/A_051_2022051_10484831_237LGHLT3_L5_R1.fastq.gz	data/samples_for_assignment/A_051_2022051_10484831_237LGHLT3_L5_R2.fastq.gz	118200	116874
2022052	1	2025-07-17-plate-2	237LGHLT3	ILLUMINA	5	2022052	TGCCTTAC+TGACTACA	data/samples_for_assignment/A_052_2022052_10484831_237LGHLT3_L5_R1.fastq.gz	data/samples_for_assignment/A_052_2022052_10484831_237LGHLT3_L5_R2.fastq.gz	247174	245919
2022053	1	2025-07-17-plate-2	237LGHLT3	ILLUMINA	5	2022053	TCTACATG+CGGCCTCG	data/samples_for_assignment/A_053_2022053_10484831_237LGHLT3_L5_R1.fastq.gz	data/samples_for_assignment/A_053_2022053_10484831_237LGHLT3_L5_R2.fastq.gz	124421	124464
2022054	1	2025-07-17-plate-2	237LGHLT3	ILLUMINA	5	2022054	AGCGTGTA+CAAGCATC	data/samples_for_assignment/A_054_2022054_10484831_237LGHLT3_L5_R1.fastq.gz	data/samples_for_assignment/A_054_2022054_10484831_237LGHLT3_L5_R2.fastq.gz	88058	82639
2022055	1	2025-07-17-plate-2	237LGHLT3	ILLUMINA	5	2022055	TTCAAGCG+TCGTCTGA	data/samples_for_assignment/A_055_2022055_10484831_237LGHLT3_L5_R1.fastq.gz	data/samples_for_assignment/A_055_2022055_10484831_237LGHLT3_L5_R2.fastq.gz	68720	68311
2022056	1	2025-07-17-plate-2	237LGHLT3	ILLUMINA	5	2022056	ATAGATTG+AGACACAT	data/samples_for_assignment/A_056_2022056_10484831_237LGHLT3_L5_R1.fastq.gz	data/samples_for_assignment/A_056_2022056_10484831_237LGHLT3_L5_R2.fastq.gz	218819	217421
2022057	1	2025-07-17-plate-2	237LGHLT3	ILLUMINA	5	2022057	ATTCCACC+GCGCGATG	data/samples_for_assignment/A_057_2022057_10484831_237LGHLT3_L5_R1.fastq.gz	data/samples_for_assignment/A_057_2022057_10484831_237LGHLT3_L5_R2.fastq.gz	61834	61685
2022058	1	2025-07-17-plate-2	237LGHLT3	ILLUMINA	5	2022058	TCCGTCCA+GATACCTC	data/samples_for_assignment/A_058_2022058_10484831_237LGHLT3_L5_R1.fastq.gz	data/samples_for_assignment/A_058_2022058_10484831_237LGHLT3_L5_R2.fastq.gz	60045	57072
2022059	1	2025-07-17-plate-2	237LGHLT3	ILLUMINA	5	2022059	CCGGTCAG+GAACCATG	data/samples_for_assignment/A_059_2022059_10484831_237LGHLT3_L5_R1.fastq.gz	data/samples_for_assignment/A_059_2022059_10484831_237LGHLT3_L5_R2.fastq.gz	72480	71805
2022060	1	2025-07-17-plate-2	237LGHLT3	ILLUMINA	5	2022060	CTCAATTC+GGCCATCA	data/samples_for_assignment/A_060_2022060_10484831_237LGHLT3_L5_R1.fastq.gz	data/samples_for_assignment/A_060_2022060_10484831_237LGHLT3_L5_R2.fastq.gz	77466	76984
2022061	1	2025-07-17-plate-2	237LGHLT3	ILLUMINA	5	2022061	AATGGAGA+TATGTGCA	data/samples_for_assignment/A_061_2022061_10484831_237LGHLT3_L5_R1.fastq.gz	data/samples_for_assignment/A_061_2022061_10484831_237LGHLT3_L5_R2.fastq.gz	59726	59040
2022062	1	2025-07-17-plate-2	237LGHLT3	ILLUMINA	5	2022062	ATGCATGT+ATGTAGAC	data/samples_for_assignment/A_062_2022062_10484831_237LGHLT3_L5_R1.fastq.gz	data/samples_for_assignment/A_062_2022062_10484831_237LGHLT3_L5_R2.fastq.gz	117188	114229
2022063	1	2025-07-17-plate-2	237LGHLT3	ILLUMINA	5	2022063	GGCGCCTG+CACATCGG	data/samples_for_assignment/A_063_2022063_10484831_237LGHLT3_L5_R1.fastq.gz	data/samples_for_assignment/A_063_2022063_10484831_237LGHLT3_L5_R2.fastq.gz	71769	71600
2022064	1	2025-07-17-plate-2	237LGHLT3	ILLUMINA	5	2022064	CGTTATGT+TTAAGTTG	data/samples_for_assignment/A_064_2022064_10484831_237LGHLT3_L5_R1.fastq.gz	data/samples_for_assignment/A_064_2022064_10484831_237LGHLT3_L5_R2.fastq.gz	146999	146244
2022065	1	2025-07-17-plate-2	237LGHLT3	ILLUMINA	5	2022065	GCAATCGT+CGGACAGT	data/samples_for_assignment/A_065_2022065_10484831_237LGHLT3_L5_R1.fastq.gz	data/samples_for_assignment/A_065_2022065_10484831_237LGHLT3_L5_R2.fastq.gz	200795	199789
2022066	1	2025-07-17-plate-2	237LGHLT3	ILLUMINA	5	2022066	ACGCAATA+TCCACGGC	data/samples_for_assignment/A_066_2022066_10484831_237LGHLT3_L5_R1.fastq.gz	data/samples_for_assignment/A_066_2022066_10484831_237LGHLT3_L5_R2.fastq.gz	204342	197906
2022067	1	2025-07-17-plate-2	237LGHLT3	ILLUMINA	5	2022067	TACTCATG+TGTGATGT	data/samples_for_assignment/A_067_2022067_10484831_237LGHLT3_L5_R1.fastq.gz	data/samples_for_assignment/A_067_2022067_10484831_237LGHLT3_L5_R2.fastq.gz	160001	158310
2022068	1	2025-07-17-plate-2	237LGHLT3	ILLUMINA	5	2022068	TAGAATTA+GAGCGCAA	data/samples_for_assignment/A_068_2022068_10484831_237LGHLT3_L5_R1.fastq.gz	data/samples_for_assignment/A_068_2022068_10484831_237LGHLT3_L5_R2.fastq.gz	153997	152465
2022069	1	2025-07-17-plate-2	237LGHLT3	ILLUMINA	5	2022069	ATTAGCGT+ATCTTACT	data/samples_for_assignment/A_069_2022069_10484831_237LGHLT3_L5_R1.fastq.gz	data/samples_for_assignment/A_069_2022069_10484831_237LGHLT3_L5_R2.fastq.gz	185107	184317
2022070	1	2025-07-17-plate-2	237LGHLT3	ILLUMINA	5	2022070	TAACAAGG+ATGTCGTG	data/samples_for_assignment/A_070_2022070_10484831_237LGHLT3_L5_R1.fastq.gz	data/samples_for_assignment/A_070_2022070_10484831_237LGHLT3_L5_R2.fastq.gz	262787	261601
2022071	1	2025-07-17-plate-2	237LGHLT3	ILLUMINA	5	2022071	ATGGCTAC+GTAGCCAT	data/samples_for_assignment/A_071_2022071_10484831_237LGHLT3_L5_R1.fastq.gz	data/samples_for_assignment/A_071_2022071_10484831_237LGHLT3_L5_R2.fastq.gz	196107	183685
2022072	1	2025-07-17-plate-2	237LGHLT3	ILLUMINA	5	2022072	GAATTGGA+TGGTTAAG	data/samples_for_assignment/A_072_2022072_10484831_237LGHLT3_L5_R1.fastq.gz	data/samples_for_assignment/A_072_2022072_10484831_237LGHLT3_L5_R2.fastq.gz	258512	257543
2022073	1	2025-07-17-plate-2	237LGHLT3	ILLUMINA	5	2022073	CGGCGAAG+TGTTGTTC	data/samples_for_assignment/A_073_2022073_10484831_237LGHLT3_L5_R1.fastq.gz	data/samples_for_assignment/A_073_2022073_10484831_237LGHLT3_L5_R2.fastq.gz	216926	202138
2022074	1	2025-07-17-plate-2	237LGHLT3	ILLUMINA	5	2022074	GTGACCGA+CCAACAAC	data/samples_for_assignment/A_074_2022074_10484831_237LGHLT3_L5_R1.fastq.gz	data/samples_for_assignment/A_074_2022074_10484831_237LGHLT3_L5_R2.fastq.gz	240579	235386
2022075	1	2025-07-17-plate-2	237LGHLT3	ILLUMINA	5	2022075	ACTTGTTC+ACCGGCTC	data/samples_for_assignment/A_075_2022075_10484831_237LGHLT3_L5_R1.fastq.gz	data/samples_for_assignment/A_075_2022075_10484831_237LGHLT3_L5_R2.fastq.gz	201651	187809
2022076	1	2025-07-17-plate-2	237LGHLT3	ILLUMINA	5	2022076	TACAGGAA+GTTAATCT	data/samples_for_assignment/A_076_2022076_10484831_237LGHLT3_L5_R1.fastq.gz	data/samples_for_assignment/A_076_2022076_10484831_237LGHLT3_L5_R2.fastq.gz	301324	298494
2022077	1	2025-07-17-plate-2	237LGHLT3	ILLUMINA	5	2022077	TGACGTTG+TCCAAGAA	data/samples_for_assignment/A_077_2022077_10484831_237LGHLT3_L5_R1.fastq.gz	data/samples_for_assignment/A_077_2022077_10484831_237LGHLT3_L5_R2.fastq.gz	75686	75900
2022078	1	2025-07-17-plate-2	237LGHLT3	ILLUMINA	5	2022078	AATAACCG+CCGAACGT	data/samples_for_assignment/A_078_2022078_10484831_237LGHLT3_L5_R1.fastq.gz	data/samples_for_assignment/A_078_2022078_10484831_237LGHLT3_L5_R2.fastq.gz	222665	221640
2022079	1	2025-07-17-plate-2	237LGHLT3	ILLUMINA	5	2022079	AGCCAAGA+TAACCGCC	data/samples_for_assignment/A_079_2022079_10484831_237LGHLT3_L5_R1.fastq.gz	data/samples_for_assignment/A_079_2022079_10484831_237LGHLT3_L5_R2.fastq.gz	323256	314175
2022080	1	2025-07-17-plate-2	237LGHLT3	ILLUMINA	5	2022080	CGGTGTGA+CTCCGTGC	data/samples_for_assignment/A_080_2022080_10484831_237LGHLT3_L5_R1.fastq.gz	data/samples_for_assignment/A_080_2022080_10484831_237LGHLT3_L5_R2.fastq.gz	354258	321957
2022081	1	2025-07-17-plate-2	237LGHLT3	ILLUMINA	5	2022081	GTAACGTT+CATTCCAG	data/samples_for_assignment/A_081_2022081_10484831_237LGHLT3_L5_R1.fastq.gz	data/samples_for_assignment/A_081_2022081_10484831_237LGHLT3_L5_R2.fastq.gz	457222	455910
2022082	1	2025-07-17-plate-2	237LGHLT3	ILLUMINA	5	2022082	CGAGGCCG+GGTTATGC	data/samples_for_assignment/A_082_2022082_10484831_237LGHLT3_L5_R1.fastq.gz	data/samples_for_assignment/A_082_2022082_10484831_237LGHLT3_L5_R2.fastq.gz	155160	149463
2022083	1	2025-07-17-plate-2	237LGHLT3	ILLUMINA	5	2022083	GCCTCTGT+ACCACACG	data/samples_for_assignment/A_083_2022083_10484831_237LGHLT3_L5_R1.fastq.gz	data/samples_for_assignment/A_083_2022083_10484831_237LGHLT3_L5_R2.fastq.gz	68553	68400
2022084	1	2025-07-17-plate-2	237LGHLT3	ILLUMINA	5	2022084	GGTTCCTA+TAGGTTCT	data/samples_for_assignment/A_084_2022084_10484831_237LGHLT3_L5_R1.fastq.gz	data/samples_for_assignment/A_084_2022084_10484831_237LGHLT3_L5_R2.fastq.gz	294954	292574
2022085	1	2025-07-17-plate-2	237LGHLT3	ILLUMINA	5	2022085	ATACCTAT+TATGGCTC	data/samples_for_assignment/A_085_2022085_10484831_237LGHLT3_L5_R1.fastq.gz	data/samples_for_assignment/A_085_2022085_10484831_237LGHLT3_L5_R2.fastq.gz	461879	447957
2022086	1	2025-07-17-plate-2	237LGHLT3	ILLUMINA	5	2022086	CGTGAAGG+CTCGTGCG	data/samples_for_assignment/A_086_2022086_10484831_237LGHLT3_L5_R1.fastq.gz	data/samples_for_assignment/A_086_2022086_10484831_237LGHLT3_L5_R2.fastq.gz	114803	114494
2022087	1	2025-07-17-plate-2	237LGHLT3	ILLUMINA	5	2022087	TATTGGCC+CCAGTTGG	data/samples_for_assignment/A_087_2022087_10484831_237LGHLT3_L5_R1.fastq.gz	data/samples_for_assignment/A_087_2022087_10484831_237LGHLT3_L5_R2.fastq.gz	196100	195119
2022088	1	2025-07-17-plate-2	237LGHLT3	ILLUMINA	5	2022088	TCCAATTG+AACCGCAT	data/samples_for_assignment/A_088_2022088_10484831_237LGHLT3_L5_R1.fastq.gz	data/samples_for_assignment/A_088_2022088_10484831_237LGHLT3_L5_R2.fastq.gz	253908	249006
2022089	1	2025-07-17-plate-2	237LGHLT3	ILLUMINA	5	2022089	CAGCAATT+CGAAGGTT	data/samples_for_assignment/A_089_2022089_10484831_237LGHLT3_L5_R1.fastq.gz	data/samples_for_assignment/A_089_2022089_10484831_237LGHLT3_L5_R2.fastq.gz	233582	232146
2022090	1	2025-07-17-plate-2	237LGHLT3	ILLUMINA	5	2022090	GCGTATAG+AGTGCCAC	data/samples_for_assignment/A_090_2022090_10484831_237LGHLT3_L5_R1.fastq.gz	data/samples_for_assignment/A_090_2022090_10484831_237LGHLT3_L5_R2.fastq.gz	218520	210178
2022091	1	2025-07-17-plate-2	237LGHLT3	ILLUMINA	5	2022091	GAGAATAC+GAACAAGT	data/samples_for_assignment/A_091_2022091_10484831_237LGHLT3_L5_R1.fastq.gz	data/samples_for_assignment/A_091_2022091_10484831_237LGHLT3_L5_R2.fastq.gz	23051	23294
2022092	1	2025-07-17-plate-2	237LGHLT3	ILLUMINA	5	2022092	CAGCGGTC+ACGATTGC	data/samples_for_assignment/A_092_2022092_10484831_237LGHLT3_L5_R1.fastq.gz	data/samples_for_assignment/A_092_2022092_10484831_237LGHLT3_L5_R2.fastq.gz	39740	39079
2022093	1	2025-07-17-plate-2	237LGHLT3	ILLUMINA	5	2022093	TCGGAGTT+ACGCTAAT	data/samples_for_assignment/A_093_2022093_10484831_237LGHLT3_L5_R1.fastq.gz	data/samples_for_assignment/A_093_2022093_10484831_237LGHLT3_L5_R2.fastq.gz	6423	6393
2022094	1	2025-07-17-plate-2	237LGHLT3	ILLUMINA	5	2022094	AATATTCA+CGGTTATT	data/samples_for_assignment/A_094_2022094_10484831_237LGHLT3_L5_R1.fastq.gz	data/samples_for_assignment/A_094_2022094_10484831_237LGHLT3_L5_R2.fastq.gz	133060	132567
2022095	1	2025-07-17-plate-2	237LGHLT3	ILLUMINA	5	2022095	ATGCGGTT+CATGTAGA	data/samples_for_assignment/A_095_2022095_10484831_237LGHLT3_L5_R1.fastq.gz	data/samples_for_assignment/A_095_2022095_10484831_237LGHLT3_L5_R2.fastq.gz	364535	362481
neg1	1	2025-07-17-plate-2	237LGHLT3	ILLUMINA	5	neg1	GACGGAGC+GATTGTCA	data/samples_for_assignment/A_096_neg1_10484831_237LGHLT3_L5_R1.fastq.gz	data/samples_for_assignment/A_096_neg1_10484831_237LGHLT3_L5_R2.fastq.gz	285	286
2022096	1	2025Sept-Jess-Msa-01	237LGHLT3	ILLUMINA	5	2022096	TTCCATCT+AGCGGTGG	data/samples_for_assignment/A_097_2022096_10484831_237LGHLT3_L5_R1.fastq.gz	data/samples_for_assignment/A_097_2022096_10484831_237LGHLT3_L5_R2.fastq.gz	157615	158951
2022097	1	2025Sept-Jess-Msa-01	237LGHLT3	ILLUMINA	5	2022097	AACGGTGT+TATAGATT	data/samples_for_assignment/A_098_2022097_10484831_237LGHLT3_L5_R1.fastq.gz	data/samples_for_assignment/A_098_2022097_10484831_237LGHLT3_L5_R2.fastq.gz	146127	145822
2022098	1	2025Sept-Jess-Msa-01	237LGHLT3	ILLUMINA	5	2022098	TTGTTATC+ACAGAGGC	data/samples_for_assignment/A_099_2022098_10484831_237LGHLT3_L5_R1.fastq.gz	data/samples_for_assignment/A_099_2022098_10484831_237LGHLT3_L5_R2.fastq.gz	142637	140915
2022099	1	2025Sept-Jess-Msa-01	237LGHLT3	ILLUMINA	5	2022099	TATGCGAT+ATTCCTAT	data/samples_for_assignment/A_100_2022099_10484831_237LGHLT3_L5_R1.fastq.gz	data/samples_for_assignment/A_100_2022099_10484831_237LGHLT3_L5_R2.fastq.gz	202369	200603
2022100	1	2025Sept-Jess-Msa-01	237LGHLT3	ILLUMINA	5	2022100	TGACAATC+CGCCTTCT	data/samples_for_assignment/A_101_2022100_10484831_237LGHLT3_L5_R1.fastq.gz	data/samples_for_assignment/A_101_2022100_10484831_237LGHLT3_L5_R2.fastq.gz	194484	194063
2022101	1	2025Sept-Jess-Msa-01	237LGHLT3	ILLUMINA	5	2022101	GTTGTTGG+GCGCAGAG	data/samples_for_assignment/A_102_2022101_10484831_237LGHLT3_L5_R1.fastq.gz	data/samples_for_assignment/A_102_2022101_10484831_237LGHLT3_L5_R2.fastq.gz	7871	7908
2022102	1	2025Sept-Jess-Msa-01	237LGHLT3	ILLUMINA	5	2022102	GCGTTCGC+AGATATGG	data/samples_for_assignment/A_103_2022102_10484831_237LGHLT3_L5_R1.fastq.gz	data/samples_for_assignment/A_103_2022102_10484831_237LGHLT3_L5_R2.fastq.gz	66072	65694
2022103	1	2025Sept-Jess-Msa-01	237LGHLT3	ILLUMINA	5	2022103	CCACCGCT+CCTGCTTG	data/samples_for_assignment/A_104_2022103_10484831_237LGHLT3_L5_R1.fastq.gz	data/samples_for_assignment/A_104_2022103_10484831_237LGHLT3_L5_R2.fastq.gz	106625	106220
2022104	1	2025Sept-Jess-Msa-01	237LGHLT3	ILLUMINA	5	2022104	TGTTCGTC+GACGAACA	data/samples_for_assignment/A_105_2022104_10484831_237LGHLT3_L5_R1.fastq.gz	data/samples_for_assignment/A_105_2022104_10484831_237LGHLT3_L5_R2.fastq.gz	208291	194805
2022105	1	2025Sept-Jess-Msa-01	237LGHLT3	ILLUMINA	5	2022105	CGAATATA+TGGCGGTC	data/samples_for_assignment/A_106_2022105_10484831_237LGHLT3_L5_R1.fastq.gz	data/samples_for_assignment/A_106_2022105_10484831_237LGHLT3_L5_R2.fastq.gz	125039	105239
2022106	1	2025Sept-Jess-Msa-01	237LGHLT3	ILLUMINA	5	2022106	TCGTCGCG+CTTCAGTT	data/samples_for_assignment/A_107_2022106_10484831_237LGHLT3_L5_R1.fastq.gz	data/samples_for_assignment/A_107_2022106_10484831_237LGHLT3_L5_R2.fastq.gz	159225	157646
2022107	1	2025Sept-Jess-Msa-01	237LGHLT3	ILLUMINA	5	2022107	TCCGAGGC+CGCGCCTA	data/samples_for_assignment/A_108_2022107_10484831_237LGHLT3_L5_R1.fastq.gz	data/samples_for_assignment/A_108_2022107_10484831_237LGHLT3_L5_R2.fastq.gz	243233	242749
2022108	1	2025Sept-Jess-Msa-01	237LGHLT3	ILLUMINA	5	2022108	CTGTCTCA+AGGCCAGA	data/samples_for_assignment/A_109_2022108_10484831_237LGHLT3_L5_R1.fastq.gz	data/samples_for_assignment/A_109_2022108_10484831_237LGHLT3_L5_R2.fastq.gz	172004	167249
2022109	1	2025Sept-Jess-Msa-01	237LGHLT3	ILLUMINA	5	2022109	TGCGAACA+CCTTGAAC	data/samples_for_assignment/A_110_2022109_10484831_237LGHLT3_L5_R1.fastq.gz	data/samples_for_assignment/A_110_2022109_10484831_237LGHLT3_L5_R2.fastq.gz	157238	154506
2022110	1	2025Sept-Jess-Msa-01	237LGHLT3	ILLUMINA	5	2022110	TTCTTGGA+TTCATCCA	data/samples_for_assignment/A_111_2022110_10484831_237LGHLT3_L5_R1.fastq.gz	data/samples_for_assignment/A_111_2022110_10484831_237LGHLT3_L5_R2.fastq.gz	266155	264606
2022111	1	2025Sept-Jess-Msa-01	237LGHLT3	ILLUMINA	5	2022111	CCTACAGC+CATAACAC	data/samples_for_assignment/A_112_2022111_10484831_237LGHLT3_L5_R1.fastq.gz	data/samples_for_assignment/A_112_2022111_10484831_237LGHLT3_L5_R2.fastq.gz	202648	197828
2022112	1	2025Sept-Jess-Msa-01	237LGHLT3	ILLUMINA	5	2022112	CCAGGTAT+TCCTATTA	data/samples_for_assignment/A_113_2022112_10484831_237LGHLT3_L5_R1.fastq.gz	data/samples_for_assignment/A_113_2022112_10484831_237LGHLT3_L5_R2.fastq.gz	45253	44921
2022113	1	2025Sept-Jess-Msa-01	237LGHLT3	ILLUMINA	5	2022113	GGTCCAAC+CGCGAGCC	data/samples_for_assignment/A_114_2022113_10484831_237LGHLT3_L5_R1.fastq.gz	data/samples_for_assignment/A_114_2022113_10484831_237LGHLT3_L5_R2.fastq.gz	35995	35252
2022114	1	2025Sept-Jess-Msa-01	237LGHLT3	ILLUMINA	5	2022114	AACTTGGT+ATTACTCA	data/samples_for_assignment/A_115_2022114_10484831_237LGHLT3_L5_R1.fastq.gz	data/samples_for_assignment/A_115_2022114_10484831_237LGHLT3_L5_R2.fastq.gz	53838	53465
2022115	1	2025Sept-Jess-Msa-01	237LGHLT3	ILLUMINA	5	2022115	CGCCACAC+AATTGGCG	data/samples_for_assignment/A_116_2022115_10484831_237LGHLT3_L5_R1.fastq.gz	data/samples_for_assignment/A_116_2022115_10484831_237LGHLT3_L5_R2.fastq.gz	19738	19327
2022116	1	2025Sept-Jess-Msa-01	237LGHLT3	ILLUMINA	5	2022116	CTACTGCC+TTGTCAAC	data/samples_for_assignment/A_117_2022116_10484831_237LGHLT3_L5_R1.fastq.gz	data/samples_for_assignment/A_117_2022116_10484831_237LGHLT3_L5_R2.fastq.gz	46303	45129
2022117	1	2025Sept-Jess-Msa-01	237LGHLT3	ILLUMINA	5	2022117	CCTTAATC+GGCGAATT	data/samples_for_assignment/A_118_2022117_10484831_237LGHLT3_L5_R1.fastq.gz	data/samples_for_assignment/A_118_2022117_10484831_237LGHLT3_L5_R2.fastq.gz	33838	33674
2022118	1	2025Sept-Jess-Msa-01	237LGHLT3	ILLUMINA	5	2022118	CACGAGAC+CAACGTCA	data/samples_for_assignment/A_119_2022118_10484831_237LGHLT3_L5_R1.fastq.gz	data/samples_for_assignment/A_119_2022118_10484831_237LGHLT3_L5_R2.fastq.gz	15215	14904
2022119	1	2025Sept-Jess-Msa-01	237LGHLT3	ILLUMINA	5	2022119	CTGGTTGT+TCTTACAT	data/samples_for_assignment/A_120_2022119_10484831_237LGHLT3_L5_R1.fastq.gz	data/samples_for_assignment/A_120_2022119_10484831_237LGHLT3_L5_R2.fastq.gz	39192	39099
2022120	1	2025Sept-Jess-Msa-01	237LGHLT3	ILLUMINA	5	2022120	ATTCTGCT+CGCCATAC	data/samples_for_assignment/A_121_2022120_10484831_237LGHLT3_L5_R1.fastq.gz	data/samples_for_assignment/A_121_2022120_10484831_237LGHLT3_L5_R2.fastq.gz	43808	43713
2022121	1	2025Sept-Jess-Msa-01	237LGHLT3	ILLUMINA	5	2022121	CACGACTG+CTAATGTC	data/samples_for_assignment/A_122_2022121_10484831_237LGHLT3_L5_R1.fastq.gz	data/samples_for_assignment/A_122_2022121_10484831_237LGHLT3_L5_R2.fastq.gz	46554	37753
2022122	1	2025Sept-Jess-Msa-01	237LGHLT3	ILLUMINA	5	2022122	GGTTAGAC+CAACCGGA	data/samples_for_assignment/A_123_2022122_10484831_237LGHLT3_L5_R1.fastq.gz	data/samples_for_assignment/A_123_2022122_10484831_237LGHLT3_L5_R2.fastq.gz	60909	68182
2022123	1	2025Sept-Jess-Msa-01	237LGHLT3	ILLUMINA	5	2022123	CCGAGTTC+GGCAGTAG	data/samples_for_assignment/A_124_2022123_10484831_237LGHLT3_L5_R1.fastq.gz	data/samples_for_assignment/A_124_2022123_10484831_237LGHLT3_L5_R2.fastq.gz	35942	35809
2022124	1	2025Sept-Jess-Msa-01	237LGHLT3	ILLUMINA	5	2022124	TGATAACT+TTAGGATA	data/samples_for_assignment/A_125_2022124_10484831_237LGHLT3_L5_R1.fastq.gz	data/samples_for_assignment/A_125_2022124_10484831_237LGHLT3_L5_R2.fastq.gz	98458	98019
2022125	1	2025Sept-Jess-Msa-01	237LGHLT3	ILLUMINA	5	2022125	CTCGGACT+GAGTTGTA	data/samples_for_assignment/A_126_2022125_10484831_237LGHLT3_L5_R1.fastq.gz	data/samples_for_assignment/A_126_2022125_10484831_237LGHLT3_L5_R2.fastq.gz	466	464
2022126	1	2025Sept-Jess-Msa-01	237LGHLT3	ILLUMINA	5	2022126	GGAACTGT+AACACGTG	data/samples_for_assignment/A_127_2022126_10484831_237LGHLT3_L5_R1.fastq.gz	data/samples_for_assignment/A_127_2022126_10484831_237LGHLT3_L5_R2.fastq.gz	23961	24149
2022127	1	2025Sept-Jess-Msa-01	237LGHLT3	ILLUMINA	5	2022127	TCGGATAA+GTGTTACC	data/samples_for_assignment/A_128_2022127_10484831_237LGHLT3_L5_R1.fastq.gz	data/samples_for_assignment/A_128_2022127_10484831_237LGHLT3_L5_R2.fastq.gz	495	482
2022128	1	2025Sept-Jess-Msa-01	237LGHLT3	ILLUMINA	5	2022128	TAGACTAT+TTGACCAA	data/samples_for_assignment/A_129_2022128_10484831_237LGHLT3_L5_R1.fastq.gz	data/samples_for_assignment/A_129_2022128_10484831_237LGHLT3_L5_R2.fastq.gz	95467	95748
2022129	1	2025Sept-Jess-Msa-01	237LGHLT3	ILLUMINA	5	2022129	TACCGCAC+CTGACCGG	data/samples_for_assignment/A_130_2022129_10484831_237LGHLT3_L5_R1.fastq.gz	data/samples_for_assignment/A_130_2022129_10484831_237LGHLT3_L5_R2.fastq.gz	102045	101408
2022130	1	2025Sept-Jess-Msa-01	237LGHLT3	ILLUMINA	5	2022130	AGGATATC+GGACCAAC	data/samples_for_assignment/A_131_2022130_10484831_237LGHLT3_L5_R1.fastq.gz	data/samples_for_assignment/A_131_2022130_10484831_237LGHLT3_L5_R2.fastq.gz	199992	198150
2022131	1	2025Sept-Jess-Msa-01	237LGHLT3	ILLUMINA	5	2022131	ATACGCGA+AATGTATT	data/samples_for_assignment/A_132_2022131_10484831_237LGHLT3_L5_R1.fastq.gz	data/samples_for_assignment/A_132_2022131_10484831_237LGHLT3_L5_R2.fastq.gz	217428	215962
2022132	1	2025Sept-Jess-Msa-01	237LGHLT3	ILLUMINA	5	2022132	CTTAGAAT+GATCTCTG	data/samples_for_assignment/A_133_2022132_10484831_237LGHLT3_L5_R1.fastq.gz	data/samples_for_assignment/A_133_2022132_10484831_237LGHLT3_L5_R2.fastq.gz	288181	289446
2022133	1	2025Sept-Jess-Msa-01	237LGHLT3	ILLUMINA	5	2022133	GAAGCGCT+CAGGCGCC	data/samples_for_assignment/A_134_2022133_10484831_237LGHLT3_L5_R1.fastq.gz	data/samples_for_assignment/A_134_2022133_10484831_237LGHLT3_L5_R2.fastq.gz	82554	78699
2022134	1	2025Sept-Jess-Msa-01	237LGHLT3	ILLUMINA	5	2022134	CTATCAAC+TTAATAGA	data/samples_for_assignment/A_135_2022134_10484831_237LGHLT3_L5_R1.fastq.gz	data/samples_for_assignment/A_135_2022134_10484831_237LGHLT3_L5_R2.fastq.gz	175849	174863
2022135	1	2025Sept-Jess-Msa-01	237LGHLT3	ILLUMINA	5	2022135	GTTCGGTA+GGAGTCGC	data/samples_for_assignment/A_136_2022135_10484831_237LGHLT3_L5_R1.fastq.gz	data/samples_for_assignment/A_136_2022135_10484831_237LGHLT3_L5_R2.fastq.gz	124897	113986
2022136	1	2025Sept-Jess-Msa-01	237LGHLT3	ILLUMINA	5	2022136	GCATAACC+AACGCCAG	data/samples_for_assignment/A_137_2022136_10484831_237LGHLT3_L5_R1.fastq.gz	data/samples_for_assignment/A_137_2022136_10484831_237LGHLT3_L5_R2.fastq.gz	244608	243812
2022137	1	2025Sept-Jess-Msa-01	237LGHLT3	ILLUMINA	5	2022137	GTGGAAGC+ACGAGACT	data/samples_for_assignment/A_138_2022137_10484831_237LGHLT3_L5_R1.fastq.gz	data/samples_for_assignment/A_138_2022137_10484831_237LGHLT3_L5_R2.fastq.gz	122260	121774
2022138	1	2025Sept-Jess-Msa-01	237LGHLT3	ILLUMINA	5	2022138	CCATATCT+GTATCGGC	data/samples_for_assignment/A_139_2022138_10484831_237LGHLT3_L5_R1.fastq.gz	data/samples_for_assignment/A_139_2022138_10484831_237LGHLT3_L5_R2.fastq.gz	132265	123399
2022139	1	2025Sept-Jess-Msa-01	237LGHLT3	ILLUMINA	5	2022139	TTCATATT+GTTATATG	data/samples_for_assignment/A_140_2022139_10484831_237LGHLT3_L5_R1.fastq.gz	data/samples_for_assignment/A_140_2022139_10484831_237LGHLT3_L5_R2.fastq.gz	302620	301410
2022140	1	2025Sept-Jess-Msa-01	237LGHLT3	ILLUMINA	5	2022140	GGTATCTG+GCCTGCCA	data/samples_for_assignment/A_141_2022140_10484831_237LGHLT3_L5_R1.fastq.gz	data/samples_for_assignment/A_141_2022140_10484831_237LGHLT3_L5_R2.fastq.gz	39170	38965
2022141	1	2025Sept-Jess-Msa-01	237LGHLT3	ILLUMINA	5	2022141	ACGGCCGT+GCCGTCTG	data/samples_for_assignment/A_142_2022141_10484831_237LGHLT3_L5_R1.fastq.gz	data/samples_for_assignment/A_142_2022141_10484831_237LGHLT3_L5_R2.fastq.gz	17717	17679
2022142	1	2025Sept-Jess-Msa-01	237LGHLT3	ILLUMINA	5	2022142	GTAATTAC+CAGAGTGA	data/samples_for_assignment/A_143_2022142_10484831_237LGHLT3_L5_R1.fastq.gz	data/samples_for_assignment/A_143_2022142_10484831_237LGHLT3_L5_R2.fastq.gz	51410	51335
2022143	1	2025Sept-Jess-Msa-01	237LGHLT3	ILLUMINA	5	2022143	CCACTAAT+TCAGTTAA	data/samples_for_assignment/A_144_2022143_10484831_237LGHLT3_L5_R1.fastq.gz	data/samples_for_assignment/A_144_2022143_10484831_237LGHLT3_L5_R2.fastq.gz	153668	152546
2022144	1	2025Sept-Jess-Msa-01	237LGHLT3	ILLUMINA	5	2022144	AGTTAGCA+GTGACCTT	data/samples_for_assignment/A_145_2022144_10484831_237LGHLT3_L5_R1.fastq.gz	data/samples_for_assignment/A_145_2022144_10484831_237LGHLT3_L5_R2.fastq.gz	11761	11734
2022145	1	2025Sept-Jess-Msa-01	237LGHLT3	ILLUMINA	5	2022145	AGGTCTTA+ACATGCAT	data/samples_for_assignment/A_146_2022145_10484831_237LGHLT3_L5_R1.fastq.gz	data/samples_for_assignment/A_146_2022145_10484831_237LGHLT3_L5_R2.fastq.gz	66438	66321
2022146	1	2025Sept-Jess-Msa-01	237LGHLT3	ILLUMINA	5	2022146	AACGCGGA+CCATGTGT	data/samples_for_assignment/A_147_2022146_10484831_237LGHLT3_L5_R1.fastq.gz	data/samples_for_assignment/A_147_2022146_10484831_237LGHLT3_L5_R2.fastq.gz	129031	128119
2022147	1	2025Sept-Jess-Msa-01	237LGHLT3	ILLUMINA	5	2022147	TGCAACCT+GAGTCTCT	data/samples_for_assignment/A_148_2022147_10484831_237LGHLT3_L5_R1.fastq.gz	data/samples_for_assignment/A_148_2022147_10484831_237LGHLT3_L5_R2.fastq.gz	73161	72611
2022148	1	2025Sept-Jess-Msa-01	237LGHLT3	ILLUMINA	5	2022148	CATGGTTC+GCTATGCG	data/samples_for_assignment/A_149_2022148_10484831_237LGHLT3_L5_R1.fastq.gz	data/samples_for_assignment/A_149_2022148_10484831_237LGHLT3_L5_R2.fastq.gz	39682	39612
2022149	1	2025Sept-Jess-Msa-01	237LGHLT3	ILLUMINA	5	2022149	CTAGACCA+AGTACCTA	data/samples_for_assignment/A_150_2022149_10484831_237LGHLT3_L5_R1.fastq.gz	data/samples_for_assignment/A_150_2022149_10484831_237LGHLT3_L5_R2.fastq.gz	40894	40693
2022150	1	2025Sept-Jess-Msa-01	237LGHLT3	ILLUMINA	5	2022150	GGCGTGCC+GACCGGAG	data/samples_for_assignment/A_151_2022150_10484831_237LGHLT3_L5_R1.fastq.gz	data/samples_for_assignment/A_151_2022150_10484831_237LGHLT3_L5_R2.fastq.gz	133808	138963
2022151	1	2025Sept-Jess-Msa-01	237LGHLT3	ILLUMINA	5	2022151	GTCCAGCA+CACGTCCA	data/samples_for_assignment/A_152_2022151_10484831_237LGHLT3_L5_R1.fastq.gz	data/samples_for_assignment/A_152_2022151_10484831_237LGHLT3_L5_R2.fastq.gz	207365	202343
2022152	1	2025Sept-Jess-Msa-01	237LGHLT3	ILLUMINA	5	2022152	GTATTAAT+GCTACTAT	data/samples_for_assignment/A_153_2022152_10484831_237LGHLT3_L5_R1.fastq.gz	data/samples_for_assignment/A_153_2022152_10484831_237LGHLT3_L5_R2.fastq.gz	246972	246163
2022153	1	2025Sept-Jess-Msa-01	237LGHLT3	ILLUMINA	5	2022153	TGTGACTA+AGTCAACC	data/samples_for_assignment/A_154_2022153_10484831_237LGHLT3_L5_R1.fastq.gz	data/samples_for_assignment/A_154_2022153_10484831_237LGHLT3_L5_R2.fastq.gz	231999	212834
2022154	1	2025Sept-Jess-Msa-01	237LGHLT3	ILLUMINA	5	2022154	GCATCTTG+CGAGGCGG	data/samples_for_assignment/A_155_2022154_10484831_237LGHLT3_L5_R1.fastq.gz	data/samples_for_assignment/A_155_2022154_10484831_237LGHLT3_L5_R2.fastq.gz	194154	193076
2022155	1	2025Sept-Jess-Msa-01	237LGHLT3	ILLUMINA	5	2022155	AGTCTCGT+CAGGTGTT	data/samples_for_assignment/A_156_2022155_10484831_237LGHLT3_L5_R1.fastq.gz	data/samples_for_assignment/A_156_2022155_10484831_237LGHLT3_L5_R2.fastq.gz	102673	102844
2022156	1	2025Sept-Jess-Msa-01	237LGHLT3	ILLUMINA	5	2022156	CGCCATTG+TGTACTTG	data/samples_for_assignment/A_157_2022156_10484831_237LGHLT3_L5_R1.fastq.gz	data/samples_for_assignment/A_157_2022156_10484831_237LGHLT3_L5_R2.fastq.gz	246128	244154
2022157	1	2025Sept-Jess-Msa-01	237LGHLT3	ILLUMINA	5	2022157	CGAATTAG+CTCTAAGT	data/samples_for_assignment/A_158_2022157_10484831_237LGHLT3_L5_R1.fastq.gz	data/samples_for_assignment/A_158_2022157_10484831_237LGHLT3_L5_R2.fastq.gz	220896	218143
2022158	1	2025Sept-Jess-Msa-01	237LGHLT3	ILLUMINA	5	2022158	AGACCATG+GTCACCAC	data/samples_for_assignment/A_159_2022158_10484831_237LGHLT3_L5_R1.fastq.gz	data/samples_for_assignment/A_159_2022158_10484831_237LGHLT3_L5_R2.fastq.gz	134194	132429
2022159	1	2025Sept-Jess-Msa-01	237LGHLT3	ILLUMINA	5	2022159	CACAGTAT+TGGTGAGT	data/samples_for_assignment/A_160_2022159_10484831_237LGHLT3_L5_R1.fastq.gz	data/samples_for_assignment/A_160_2022159_10484831_237LGHLT3_L5_R2.fastq.gz	182568	175931
2022160	1	2025Sept-Jess-Msa-01	237LGHLT3	ILLUMINA	5	2022160	TTGTCGGC+CTTCGAAG	data/samples_for_assignment/A_161_2022160_10484831_237LGHLT3_L5_R1.fastq.gz	data/samples_for_assignment/A_161_2022160_10484831_237LGHLT3_L5_R2.fastq.gz	16320	16411
2022161	1	2025Sept-Jess-Msa-01	237LGHLT3	ILLUMINA	5	2022161	GTTATATC+GTAGAGTC	data/samples_for_assignment/A_162_2022161_10484831_237LGHLT3_L5_R1.fastq.gz	data/samples_for_assignment/A_162_2022161_10484831_237LGHLT3_L5_R2.fastq.gz	36181	31694
2022162	1	2025Sept-Jess-Msa-01	237LGHLT3	ILLUMINA	5	2022162	ACCGGCGA+GACATTGT	data/samples_for_assignment/A_163_2022162_10484831_237LGHLT3_L5_R1.fastq.gz	data/samples_for_assignment/A_163_2022162_10484831_237LGHLT3_L5_R2.fastq.gz	46189	45704
2022163	1	2025Sept-Jess-Msa-01	237LGHLT3	ILLUMINA	5	2022163	GAGAGTCT+CGCTTGAA	data/samples_for_assignment/A_164_2022163_10484831_237LGHLT3_L5_R1.fastq.gz	data/samples_for_assignment/A_164_2022163_10484831_237LGHLT3_L5_R2.fastq.gz	268159	267542
2022164	1	2025Sept-Jess-Msa-01	237LGHLT3	ILLUMINA	5	2022164	TATGTCTC+CAGCGGAC	data/samples_for_assignment/A_165_2022164_10484831_237LGHLT3_L5_R1.fastq.gz	data/samples_for_assignment/A_165_2022164_10484831_237LGHLT3_L5_R2.fastq.gz	255829	252684
2022165	1	2025Sept-Jess-Msa-01	237LGHLT3	ILLUMINA	5	2022165	AATGATAC+GACGTTCG	data/samples_for_assignment/A_166_2022165_10484831_237LGHLT3_L5_R1.fastq.gz	data/samples_for_assignment/A_166_2022165_10484831_237LGHLT3_L5_R2.fastq.gz	310749	310197
2022166	1	2025Sept-Jess-Msa-01	237LGHLT3	ILLUMINA	5	2022166	CTAAGCGG+CACGGATT	data/samples_for_assignment/A_167_2022166_10484831_237LGHLT3_L5_R1.fastq.gz	data/samples_for_assignment/A_167_2022166_10484831_237LGHLT3_L5_R2.fastq.gz	181473	180370
2022167	1	2025Sept-Jess-Msa-01	237LGHLT3	ILLUMINA	5	2022167	ATCTGTGA+TTGAGGAC	data/samples_for_assignment/A_168_2022167_10484831_237LGHLT3_L5_R1.fastq.gz	data/samples_for_assignment/A_168_2022167_10484831_237LGHLT3_L5_R2.fastq.gz	244651	242334
2022168	1	2025Sept-Jess-Msa-01	237LGHLT3	ILLUMINA	5	2022168	GGACAAGT+GCAACAGG	data/samples_for_assignment/A_169_2022168_10484831_237LGHLT3_L5_R1.fastq.gz	data/samples_for_assignment/A_169_2022168_10484831_237LGHLT3_L5_R2.fastq.gz	167051	166737
2022169	1	2025Sept-Jess-Msa-01	237LGHLT3	ILLUMINA	5	2022169	ATTAAGTG+ACCGCGCA	data/samples_for_assignment/A_170_2022169_10484831_237LGHLT3_L5_R1.fastq.gz	data/samples_for_assignment/A_170_2022169_10484831_237LGHLT3_L5_R2.fastq.gz	199974	197468
2022170	1	2025Sept-Jess-Msa-01	237LGHLT3	ILLUMINA	5	2022170	CTGGAATG+AGCCGGAA	data/samples_for_assignment/A_171_2022170_10484831_237LGHLT3_L5_R1.fastq.gz	data/samples_for_assignment/A_171_2022170_10484831_237LGHLT3_L5_R2.fastq.gz	74838	74739
2022171	1	2025Sept-Jess-Msa-01	237LGHLT3	ILLUMINA	5	2022171	ATAACGAG+CCTCGCAA	data/samples_for_assignment/A_172_2022171_10484831_237LGHLT3_L5_R1.fastq.gz	data/samples_for_assignment/A_172_2022171_10484831_237LGHLT3_L5_R2.fastq.gz	181425	180923
2022172	1	2025Sept-Jess-Msa-01	237LGHLT3	ILLUMINA	5	2022172	TGGCTTCT+TAGGAGCG	data/samples_for_assignment/A_173_2022172_10484831_237LGHLT3_L5_R1.fastq.gz	data/samples_for_assignment/A_173_2022172_10484831_237LGHLT3_L5_R2.fastq.gz	192097	191241
2022173	1	2025Sept-Jess-Msa-01	237LGHLT3	ILLUMINA	5	2022173	ACCGATTA+AGTTAAGA	data/samples_for_assignment/A_174_2022173_10484831_237LGHLT3_L5_R1.fastq.gz	data/samples_for_assignment/A_174_2022173_10484831_237LGHLT3_L5_R2.fastq.gz	57350	57469
2022174	1	2025Sept-Jess-Msa-01	237LGHLT3	ILLUMINA	5	2022174	TGGTCCGG+GAGTGTGC	data/samples_for_assignment/A_175_2022174_10484831_237LGHLT3_L5_R1.fastq.gz	data/samples_for_assignment/A_175_2022174_10484831_237LGHLT3_L5_R2.fastq.gz	40710	40280
2022175	1	2025Sept-Jess-Msa-01	237LGHLT3	ILLUMINA	5	2022175	TCTAAGTC+ATTAATAC	data/samples_for_assignment/A_176_2022175_10484831_237LGHLT3_L5_R1.fastq.gz	data/samples_for_assignment/A_176_2022175_10484831_237LGHLT3_L5_R2.fastq.gz	88032	86201
2022176	1	2025Sept-Jess-Msa-01	237LGHLT3	ILLUMINA	5	2022176	GTGCATTC+TAGGAAGA	data/samples_for_assignment/A_177_2022176_10484831_237LGHLT3_L5_R1.fastq.gz	data/samples_for_assignment/A_177_2022176_10484831_237LGHLT3_L5_R2.fastq.gz	40682	40422
2022177	1	2025Sept-Jess-Msa-01	237LGHLT3	ILLUMINA	5	2022177	GATACACG+CCGTGGCC	data/samples_for_assignment/A_178_2022177_10484831_237LGHLT3_L5_R1.fastq.gz	data/samples_for_assignment/A_178_2022177_10484831_237LGHLT3_L5_R2.fastq.gz	15990	15894
2022178	1	2025Sept-Jess-Msa-01	237LGHLT3	ILLUMINA	5	2022178	CAATGAAT+GGATATAT	data/samples_for_assignment/A_179_2022178_10484831_237LGHLT3_L5_R1.fastq.gz	data/samples_for_assignment/A_179_2022178_10484831_237LGHLT3_L5_R2.fastq.gz	37582	37388
2022179	1	2025Sept-Jess-Msa-01	237LGHLT3	ILLUMINA	5	2022179	GAGTCGAG+CACCTCTT	data/samples_for_assignment/A_180_2022179_10484831_237LGHLT3_L5_R1.fastq.gz	data/samples_for_assignment/A_180_2022179_10484831_237LGHLT3_L5_R2.fastq.gz	75799	73832
2022180	1	2025Sept-Jess-Msa-01	237LGHLT3	ILLUMINA	5	2022180	ACGAGAGC+AACGTTAC	data/samples_for_assignment/A_181_2022180_10484831_237LGHLT3_L5_R1.fastq.gz	data/samples_for_assignment/A_181_2022180_10484831_237LGHLT3_L5_R2.fastq.gz	11005	10650
2022181	1	2025Sept-Jess-Msa-01	237LGHLT3	ILLUMINA	5	2022181	TGAGGTCC+CGGCAAGC	data/samples_for_assignment/A_182_2022181_10484831_237LGHLT3_L5_R1.fastq.gz	data/samples_for_assignment/A_182_2022181_10484831_237LGHLT3_L5_R2.fastq.gz	31839	30812
2022182	1	2025Sept-Jess-Msa-01	237LGHLT3	ILLUMINA	5	2022182	AGAGACTC+TCTTGGCT	data/samples_for_assignment/A_183_2022182_10484831_237LGHLT3_L5_R1.fastq.gz	data/samples_for_assignment/A_183_2022182_10484831_237LGHLT3_L5_R2.fastq.gz	120869	120717
2022183	1	2025Sept-Jess-Msa-01	237LGHLT3	ILLUMINA	5	2022183	GCTCCGTT+ACGGAATG	data/samples_for_assignment/A_184_2022183_10484831_237LGHLT3_L5_R1.fastq.gz	data/samples_for_assignment/A_184_2022183_10484831_237LGHLT3_L5_R2.fastq.gz	128492	127674
2022184	1	2025Sept-Jess-Msa-01	237LGHLT3	ILLUMINA	5	2022184	ACATCACA+GTTCCGCA	data/samples_for_assignment/A_185_2022184_10484831_237LGHLT3_L5_R1.fastq.gz	data/samples_for_assignment/A_185_2022184_10484831_237LGHLT3_L5_R2.fastq.gz	238043	235760
2022185	1	2025Sept-Jess-Msa-01	237LGHLT3	ILLUMINA	5	2022185	AAGACAAG+ACCAAGTT	data/samples_for_assignment/A_186_2022185_10484831_237LGHLT3_L5_R1.fastq.gz	data/samples_for_assignment/A_186_2022185_10484831_237LGHLT3_L5_R2.fastq.gz	170217	169396
2022186	1	2025Sept-Jess-Msa-01	237LGHLT3	ILLUMINA	5	2022186	CTCGTGCA+AACTAACG	data/samples_for_assignment/A_187_2022186_10484831_237LGHLT3_L5_R1.fastq.gz	data/samples_for_assignment/A_187_2022186_10484831_237LGHLT3_L5_R2.fastq.gz	185418	184782
2022187	1	2025Sept-Jess-Msa-01	237LGHLT3	ILLUMINA	5	2022187	AATAGCAC+AGAGCACT	data/samples_for_assignment/A_188_2022187_10484831_237LGHLT3_L5_R1.fastq.gz	data/samples_for_assignment/A_188_2022187_10484831_237LGHLT3_L5_R2.fastq.gz	190754	189158
2022188	1	2025Sept-Jess-Msa-01	237LGHLT3	ILLUMINA	5	2022188	CACTAAGG+ACTCTACA	data/samples_for_assignment/A_189_2022188_10484831_237LGHLT3_L5_R1.fastq.gz	data/samples_for_assignment/A_189_2022188_10484831_237LGHLT3_L5_R2.fastq.gz	164273	163137
2022189	1	2025Sept-Jess-Msa-01	237LGHLT3	ILLUMINA	5	2022189	GTCGGCAT+GCGTTGGT	data/samples_for_assignment/A_190_2022189_10484831_237LGHLT3_L5_R1.fastq.gz	data/samples_for_assignment/A_190_2022189_10484831_237LGHLT3_L5_R2.fastq.gz	201095	200993
2022190	1	2025Sept-Jess-Msa-01	237LGHLT3	ILLUMINA	5	2022190	GACGCTAG+TGTGCTAA	data/samples_for_assignment/A_191_2022190_10484831_237LGHLT3_L5_R1.fastq.gz	data/samples_for_assignment/A_191_2022190_10484831_237LGHLT3_L5_R2.fastq.gz	191025	189436
neg2	1	2025Sept-Jess-Msa-01	237LGHLT3	ILLUMINA	5	neg2	CGTAGGCA+CTTATACC	data/samples_for_assignment/A_192_neg2_10484831_237LGHLT3_L5_R1.fastq.gz	data/samples_for_assignment/A_192_neg2_10484831_237LGHLT3_L5_R2.fastq.gz	153	150
2022191	1	2025Sept-Jess-Msa-02	237LGHLT3	ILLUMINA	5	2022191	GTTCTAGT+TATCATGA	data/samples_for_assignment/A_193_2022191_10484831_237LGHLT3_L5_R1.fastq.gz	data/samples_for_assignment/A_193_2022191_10484831_237LGHLT3_L5_R2.fastq.gz	360712	359795
2022192	1	2025Sept-Jess-Msa-02	237LGHLT3	ILLUMINA	5	2022192	AAGAGGTG+CTCACACA	data/samples_for_assignment/A_194_2022192_10484831_237LGHLT3_L5_R1.fastq.gz	data/samples_for_assignment/A_194_2022192_10484831_237LGHLT3_L5_R2.fastq.gz	255615	249684
2022193	1	2025Sept-Jess-Msa-02	237LGHLT3	ILLUMINA	5	2022193	GATCTGGC+GAATTGAG	data/samples_for_assignment/A_195_2022193_10484831_237LGHLT3_L5_R1.fastq.gz	data/samples_for_assignment/A_195_2022193_10484831_237LGHLT3_L5_R2.fastq.gz	176344	176212
2022194	1	2025Sept-Jess-Msa-02	237LGHLT3	ILLUMINA	5	2022194	GAATCCAA+CGGATTAT	data/samples_for_assignment/A_196_2022194_10484831_237LGHLT3_L5_R1.fastq.gz	data/samples_for_assignment/A_196_2022194_10484831_237LGHLT3_L5_R2.fastq.gz	238910	236863
2022195	1	2025Sept-Jess-Msa-02	237LGHLT3	ILLUMINA	5	2022195	CGGCTAGT+TTGAAGCA	data/samples_for_assignment/A_197_2022195_10484831_237LGHLT3_L5_R1.fastq.gz	data/samples_for_assignment/A_197_2022195_10484831_237LGHLT3_L5_R2.fastq.gz	197000	194679
2022196	1	2025Sept-Jess-Msa-02	237LGHLT3	ILLUMINA	5	2022196	GCTTGCCG+TACGGCGA	data/samples_for_assignment/A_198_2022196_10484831_237LGHLT3_L5_R1.fastq.gz	data/samples_for_assignment/A_198_2022196_10484831_237LGHLT3_L5_R2.fastq.gz	187560	164579
2022197	1	2025Sept-Jess-Msa-02	237LGHLT3	ILLUMINA	5	2022197	CCTGTTGC+TCTCCATT	data/samples_for_assignment/A_199_2022197_10484831_237LGHLT3_L5_R1.fastq.gz	data/samples_for_assignment/A_199_2022197_10484831_237LGHLT3_L5_R2.fastq.gz	220523	218516
2022198	1	2025Sept-Jess-Msa-02	237LGHLT3	ILLUMINA	5	2022198	TGACTGGT+CGAGACCA	data/samples_for_assignment/A_200_2022198_10484831_237LGHLT3_L5_R1.fastq.gz	data/samples_for_assignment/A_200_2022198_10484831_237LGHLT3_L5_R2.fastq.gz	251671	249174
2022199	1	2025Sept-Jess-Msa-02	237LGHLT3	ILLUMINA	5	2022199	GATTCCGG+TGCTGGAC	data/samples_for_assignment/A_201_2022199_10484831_237LGHLT3_L5_R1.fastq.gz	data/samples_for_assignment/A_201_2022199_10484831_237LGHLT3_L5_R2.fastq.gz	258252	253189
2022200	1	2025Sept-Jess-Msa-02	237LGHLT3	ILLUMINA	5	2022200	TAAGGTGG+GATGGTAT	data/samples_for_assignment/A_202_2022200_10484831_237LGHLT3_L5_R1.fastq.gz	data/samples_for_assignment/A_202_2022200_10484831_237LGHLT3_L5_R2.fastq.gz	187223	187279
2022201	1	2025Sept-Jess-Msa-02	237LGHLT3	ILLUMINA	5	2022201	ACTGCAAC+GGCTTAAT	data/samples_for_assignment/A_203_2022201_10484831_237LGHLT3_L5_R1.fastq.gz	data/samples_for_assignment/A_203_2022201_10484831_237LGHLT3_L5_R2.fastq.gz	225254	223871
2022202	1	2025Sept-Jess-Msa-02	237LGHLT3	ILLUMINA	5	2022202	AACGCACC+CTCGACTC	data/samples_for_assignment/A_204_2022202_10484831_237LGHLT3_L5_R1.fastq.gz	data/samples_for_assignment/A_204_2022202_10484831_237LGHLT3_L5_R2.fastq.gz	209814	203297
2022203	1	2025Sept-Jess-Msa-02	237LGHLT3	ILLUMINA	5	2022203	TTACGCCG+TCTCGGAC	data/samples_for_assignment/A_205_2022203_10484831_237LGHLT3_L5_R1.fastq.gz	data/samples_for_assignment/A_205_2022203_10484831_237LGHLT3_L5_R2.fastq.gz	97685	96703
2022204	1	2025Sept-Jess-Msa-02	237LGHLT3	ILLUMINA	5	2022204	CTGATGTC+AGTCCGAG	data/samples_for_assignment/A_206_2022204_10484831_237LGHLT3_L5_R1.fastq.gz	data/samples_for_assignment/A_206_2022204_10484831_237LGHLT3_L5_R2.fastq.gz	196712	195463
2022205	1	2025Sept-Jess-Msa-02	237LGHLT3	ILLUMINA	5	2022205	AGGAGGAA+TACTCTGT	data/samples_for_assignment/A_207_2022205_10484831_237LGHLT3_L5_R1.fastq.gz	data/samples_for_assignment/A_207_2022205_10484831_237LGHLT3_L5_R2.fastq.gz	181194	175475
2022206	1	2025Sept-Jess-Msa-02	237LGHLT3	ILLUMINA	5	2022206	CTTACACA+GCGACTCG	data/samples_for_assignment/A_208_2022206_10484831_237LGHLT3_L5_R1.fastq.gz	data/samples_for_assignment/A_208_2022206_10484831_237LGHLT3_L5_R2.fastq.gz	163756	163921
2022207	1	2025Sept-Jess-Msa-02	237LGHLT3	ILLUMINA	5	2022207	TGGACGCA+CTAGGCAA	data/samples_for_assignment/A_209_2022207_10484831_237LGHLT3_L5_R1.fastq.gz	data/samples_for_assignment/A_209_2022207_10484831_237LGHLT3_L5_R2.fastq.gz	69081	68638
2022208	1	2025Sept-Jess-Msa-02	237LGHLT3	ILLUMINA	5	2022208	ACGCACCT+TCATCCTC	data/samples_for_assignment/A_210_2022208_10484831_237LGHLT3_L5_R1.fastq.gz	data/samples_for_assignment/A_210_2022208_10484831_237LGHLT3_L5_R2.fastq.gz	211470	201057
2022209	1	2025Sept-Jess-Msa-02	237LGHLT3	ILLUMINA	5	2022209	CTGGCCAA+GGTAAGAT	data/samples_for_assignment/A_211_2022209_10484831_237LGHLT3_L5_R1.fastq.gz	data/samples_for_assignment/A_211_2022209_10484831_237LGHLT3_L5_R2.fastq.gz	160807	159422
2022210	1	2025Sept-Jess-Msa-02	237LGHLT3	ILLUMINA	5	2022210	TCTGGCCT+TAGACAAT	data/samples_for_assignment/A_212_2022210_10484831_237LGHLT3_L5_R1.fastq.gz	data/samples_for_assignment/A_212_2022210_10484831_237LGHLT3_L5_R2.fastq.gz	161803	160546
2022211	1	2025Sept-Jess-Msa-02	237LGHLT3	ILLUMINA	5	2022211	TTAATGCT+CAATGCTG	data/samples_for_assignment/A_213_2022211_10484831_237LGHLT3_L5_R1.fastq.gz	data/samples_for_assignment/A_213_2022211_10484831_237LGHLT3_L5_R2.fastq.gz	135622	134817
2022212	1	2025Sept-Jess-Msa-02	237LGHLT3	ILLUMINA	5	2022212	TGAGTAAT+GTCACGGT	data/samples_for_assignment/A_214_2022212_10484831_237LGHLT3_L5_R1.fastq.gz	data/samples_for_assignment/A_214_2022212_10484831_237LGHLT3_L5_R2.fastq.gz	68317	67989
2022213	1	2025Sept-Jess-Msa-02	237LGHLT3	ILLUMINA	5	2022213	CTCTGCGC+GGTGTACA	data/samples_for_assignment/A_215_2022213_10484831_237LGHLT3_L5_R1.fastq.gz	data/samples_for_assignment/A_215_2022213_10484831_237LGHLT3_L5_R2.fastq.gz	108302	107405
2022214	1	2025Sept-Jess-Msa-02	237LGHLT3	ILLUMINA	5	2022214	GTATGGCG+TAATACGG	data/samples_for_assignment/A_216_2022214_10484831_237LGHLT3_L5_R1.fastq.gz	data/samples_for_assignment/A_216_2022214_10484831_237LGHLT3_L5_R2.fastq.gz	167019	166419
2022215	1	2025Sept-Jess-Msa-02	237LGHLT3	ILLUMINA	5	2022215	CATATAAC+CGAAGACG	data/samples_for_assignment/A_217_2022215_10484831_237LGHLT3_L5_R1.fastq.gz	data/samples_for_assignment/A_217_2022215_10484831_237LGHLT3_L5_R2.fastq.gz	208219	206233
2022216	1	2025Sept-Jess-Msa-02	237LGHLT3	ILLUMINA	5	2022216	TGCGAGTG+TCTCACGC	data/samples_for_assignment/A_218_2022216_10484831_237LGHLT3_L5_R1.fastq.gz	data/samples_for_assignment/A_218_2022216_10484831_237LGHLT3_L5_R2.fastq.gz	60495	50647
2022217	1	2025Sept-Jess-Msa-02	237LGHLT3	ILLUMINA	5	2022217	GAGCCGGT+TCGAATGG	data/samples_for_assignment/A_219_2022217_10484831_237LGHLT3_L5_R1.fastq.gz	data/samples_for_assignment/A_219_2022217_10484831_237LGHLT3_L5_R2.fastq.gz	68183	68303
2022218	1	2025Sept-Jess-Msa-02	237LGHLT3	ILLUMINA	5	2022218	CGGTCTAT+TGAACGCA	data/samples_for_assignment/A_220_2022218_10484831_237LGHLT3_L5_R1.fastq.gz	data/samples_for_assignment/A_220_2022218_10484831_237LGHLT3_L5_R2.fastq.gz	185406	182945
2022219	1	2025Sept-Jess-Msa-02	237LGHLT3	ILLUMINA	5	2022219	TCAACCAC+CCGCTTAG	data/samples_for_assignment/A_221_2022219_10484831_237LGHLT3_L5_R1.fastq.gz	data/samples_for_assignment/A_221_2022219_10484831_237LGHLT3_L5_R2.fastq.gz	215286	213870
2022220	1	2025Sept-Jess-Msa-02	237LGHLT3	ILLUMINA	5	2022220	TATTCAGT+CACCGAGG	data/samples_for_assignment/A_222_2022220_10484831_237LGHLT3_L5_R1.fastq.gz	data/samples_for_assignment/A_222_2022220_10484831_237LGHLT3_L5_R2.fastq.gz	182750	182596
2022221	1	2025Sept-Jess-Msa-02	237LGHLT3	ILLUMINA	5	2022221	ATTATGGA+ATTCATTG	data/samples_for_assignment/A_223_2022221_10484831_237LGHLT3_L5_R1.fastq.gz	data/samples_for_assignment/A_223_2022221_10484831_237LGHLT3_L5_R2.fastq.gz	153465	153006
2022222	1	2025Sept-Jess-Msa-02	237LGHLT3	ILLUMINA	5	2022222	TGGTTAAG+TCATGTCC	data/samples_for_assignment/A_224_2022222_10484831_237LGHLT3_L5_R1.fastq.gz	data/samples_for_assignment/A_224_2022222_10484831_237LGHLT3_L5_R2.fastq.gz	39670	39239
2022223	1	2025Sept-Jess-Msa-02	237LGHLT3	ILLUMINA	5	2022223	CAGTTCTG+AATTCGAT	data/samples_for_assignment/A_225_2022223_10484831_237LGHLT3_L5_R1.fastq.gz	data/samples_for_assignment/A_225_2022223_10484831_237LGHLT3_L5_R2.fastq.gz	124342	123636
2022224	1	2025Sept-Jess-Msa-02	237LGHLT3	ILLUMINA	5	2022224	TGAACCTG+AGCTCTCA	data/samples_for_assignment/A_226_2022224_10484831_237LGHLT3_L5_R1.fastq.gz	data/samples_for_assignment/A_226_2022224_10484831_237LGHLT3_L5_R2.fastq.gz	55169	54956
2022225	1	2025Sept-Jess-Msa-02	237LGHLT3	ILLUMINA	5	2022225	AACCTTGG+TCTGGAAT	data/samples_for_assignment/A_227_2022225_10484831_237LGHLT3_L5_R1.fastq.gz	data/samples_for_assignment/A_227_2022225_10484831_237LGHLT3_L5_R2.fastq.gz	48179	47954
2022226	1	2025Sept-Jess-Msa-02	237LGHLT3	ILLUMINA	5	2022226	TTCTCTCG+ATTAGTGG	data/samples_for_assignment/A_228_2022226_10484831_237LGHLT3_L5_R1.fastq.gz	data/samples_for_assignment/A_228_2022226_10484831_237LGHLT3_L5_R2.fastq.gz	92350	92071
2022227	1	2025Sept-Jess-Msa-02	237LGHLT3	ILLUMINA	5	2022227	ACATTGCG+CGTTCGGA	data/samples_for_assignment/A_229_2022227_10484831_237LGHLT3_L5_R1.fastq.gz	data/samples_for_assignment/A_229_2022227_10484831_237LGHLT3_L5_R2.fastq.gz	190799	190277
2022228	1	2025Sept-Jess-Msa-02	237LGHLT3	ILLUMINA	5	2022228	GGTCTTAG+TGGTATAC	data/samples_for_assignment/A_230_2022228_10484831_237LGHLT3_L5_R1.fastq.gz	data/samples_for_assignment/A_230_2022228_10484831_237LGHLT3_L5_R2.fastq.gz	73969	72695
2022229	1	2025Sept-Jess-Msa-02	237LGHLT3	ILLUMINA	5	2022229	GGATGTAG+GCTCTCGT	data/samples_for_assignment/A_231_2022229_10484831_237LGHLT3_L5_R1.fastq.gz	data/samples_for_assignment/A_231_2022229_10484831_237LGHLT3_L5_R2.fastq.gz	213588	218758
2022230	1	2025Sept-Jess-Msa-02	237LGHLT3	ILLUMINA	5	2022230	TGAGCTAG+CTGTGAGC	data/samples_for_assignment/A_232_2022230_10484831_237LGHLT3_L5_R1.fastq.gz	data/samples_for_assignment/A_232_2022230_10484831_237LGHLT3_L5_R2.fastq.gz	175825	173735
2022231	1	2025Sept-Jess-Msa-02	237LGHLT3	ILLUMINA	5	2022231	TTGGTGAG+TCACAGAT	data/samples_for_assignment/A_233_2022231_10484831_237LGHLT3_L5_R1.fastq.gz	data/samples_for_assignment/A_233_2022231_10484831_237LGHLT3_L5_R2.fastq.gz	272891	268743
2022232	1	2025Sept-Jess-Msa-02	237LGHLT3	ILLUMINA	5	2022232	TATGGCAG+AGAAGCCA	data/samples_for_assignment/A_234_2022232_10484831_237LGHLT3_L5_R1.fastq.gz	data/samples_for_assignment/A_234_2022232_10484831_237LGHLT3_L5_R2.fastq.gz	174395	172110
2022233	1	2025Sept-Jess-Msa-02	237LGHLT3	ILLUMINA	5	2022233	GCTGTAAG+AACATCTA	data/samples_for_assignment/A_235_2022233_10484831_237LGHLT3_L5_R1.fastq.gz	data/samples_for_assignment/A_235_2022233_10484831_237LGHLT3_L5_R2.fastq.gz	167700	165183
2022234	1	2025Sept-Jess-Msa-02	237LGHLT3	ILLUMINA	5	2022234	TAGAGCTC+CCTTACTA	data/samples_for_assignment/A_236_2022234_10484831_237LGHLT3_L5_R1.fastq.gz	data/samples_for_assignment/A_236_2022234_10484831_237LGHLT3_L5_R2.fastq.gz	153378	152505
2022235	1	2025Sept-Jess-Msa-02	237LGHLT3	ILLUMINA	5	2022235	GCAAGATC+GTGGCGAG	data/samples_for_assignment/A_237_2022235_10484831_237LGHLT3_L5_R1.fastq.gz	data/samples_for_assignment/A_237_2022235_10484831_237LGHLT3_L5_R2.fastq.gz	18044	18123
2022236	1	2025Sept-Jess-Msa-02	237LGHLT3	ILLUMINA	5	2022236	ACATAGGC+GCCAGATC	data/samples_for_assignment/A_238_2022236_10484831_237LGHLT3_L5_R1.fastq.gz	data/samples_for_assignment/A_238_2022236_10484831_237LGHLT3_L5_R2.fastq.gz	15451	14522
2022237	1	2025Sept-Jess-Msa-02	237LGHLT3	ILLUMINA	5	2022237	AAGAAGGC+ACACAATA	data/samples_for_assignment/A_239_2022237_10484831_237LGHLT3_L5_R1.fastq.gz	data/samples_for_assignment/A_239_2022237_10484831_237LGHLT3_L5_R2.fastq.gz	27489	27829
2022238	1	2025Sept-Jess-Msa-02	237LGHLT3	ILLUMINA	5	2022238	GACATTCC+CCTTCACG	data/samples_for_assignment/A_240_2022238_10484831_237LGHLT3_L5_R1.fastq.gz	data/samples_for_assignment/A_240_2022238_10484831_237LGHLT3_L5_R2.fastq.gz	37396	37448
2022239	1	2025Sept-Jess-Msa-02	237LGHLT3	ILLUMINA	5	2022239	GGAAGCTA+TTATGCGC	data/samples_for_assignment/A_241_2022239_10484831_237LGHLT3_L5_R1.fastq.gz	data/samples_for_assignment/A_241_2022239_10484831_237LGHLT3_L5_R2.fastq.gz	207519	194069
2022240	1	2025Sept-Jess-Msa-02	237LGHLT3	ILLUMINA	5	2022240	GTGCCATA+TCTCAGTA	data/samples_for_assignment/A_242_2022240_10484831_237LGHLT3_L5_R1.fastq.gz	data/samples_for_assignment/A_242_2022240_10484831_237LGHLT3_L5_R2.fastq.gz	164722	163454
2022241	1	2025Sept-Jess-Msa-02	237LGHLT3	ILLUMINA	5	2022241	CTAGGTGA+AGTATACG	data/samples_for_assignment/A_243_2022241_10484831_237LGHLT3_L5_R1.fastq.gz	data/samples_for_assignment/A_243_2022241_10484831_237LGHLT3_L5_R2.fastq.gz	143727	142953
2022242	1	2025Sept-Jess-Msa-02	237LGHLT3	ILLUMINA	5	2022242	CTCCTAGA+TACACGCT	data/samples_for_assignment/A_244_2022242_10484831_237LGHLT3_L5_R1.fastq.gz	data/samples_for_assignment/A_244_2022242_10484831_237LGHLT3_L5_R2.fastq.gz	103128	102076
2022243	1	2025Sept-Jess-Msa-02	237LGHLT3	ILLUMINA	5	2022243	CCGTAAGA+TCCGATAG	data/samples_for_assignment/A_245_2022243_10484831_237LGHLT3_L5_R1.fastq.gz	data/samples_for_assignment/A_245_2022243_10484831_237LGHLT3_L5_R2.fastq.gz	147858	146883
2022244	1	2025Sept-Jess-Msa-02	237LGHLT3	ILLUMINA	5	2022244	GCACGTAA+CTCAAGGC	data/samples_for_assignment/A_246_2022244_10484831_237LGHLT3_L5_R1.fastq.gz	data/samples_for_assignment/A_246_2022244_10484831_237LGHLT3_L5_R2.fastq.gz	228146	225871
2022245	1	2025Sept-Jess-Msa-02	237LGHLT3	ILLUMINA	5	2022245	ACCTGGAA+TTCCGCAA	data/samples_for_assignment/A_247_2022245_10484831_237LGHLT3_L5_R1.fastq.gz	data/samples_for_assignment/A_247_2022245_10484831_237LGHLT3_L5_R2.fastq.gz	141784	140736
2022246	1	2025Sept-Jess-Msa-02	237LGHLT3	ILLUMINA	5	2022246	CGTTGCAA+CCTGAACC	data/samples_for_assignment/A_248_2022246_10484831_237LGHLT3_L5_R1.fastq.gz	data/samples_for_assignment/A_248_2022246_10484831_237LGHLT3_L5_R2.fastq.gz	125320	121322
2022247	1	2025Sept-Jess-Msa-02	237LGHLT3	ILLUMINA	5	2022247	TGCACCAA+GAGATAAC	data/samples_for_assignment/A_249_2022247_10484831_237LGHLT3_L5_R1.fastq.gz	data/samples_for_assignment/A_249_2022247_10484831_237LGHLT3_L5_R2.fastq.gz	220732	216829
2022248	1	2025Sept-Jess-Msa-02	237LGHLT3	ILLUMINA	5	2022248	ATATACGG+ATGCACCT	data/samples_for_assignment/A_250_2022248_10484831_237LGHLT3_L5_R1.fastq.gz	data/samples_for_assignment/A_250_2022248_10484831_237LGHLT3_L5_R2.fastq.gz	165888	165336
2022249	1	2025Sept-Jess-Msa-02	237LGHLT3	ILLUMINA	5	2022249	CATTCGGC+TACTGCAG	data/samples_for_assignment/A_251_2022249_10484831_237LGHLT3_L5_R1.fastq.gz	data/samples_for_assignment/A_251_2022249_10484831_237LGHLT3_L5_R2.fastq.gz	140973	140765
2022250	1	2025Sept-Jess-Msa-02	237LGHLT3	ILLUMINA	5	2022250	AACCGGAG+GTTCACAA	data/samples_for_assignment/A_252_2022250_10484831_237LGHLT3_L5_R1.fastq.gz	data/samples_for_assignment/A_252_2022250_10484831_237LGHLT3_L5_R2.fastq.gz	103025	102706
2022251	1	2025Sept-Jess-Msa-02	237LGHLT3	ILLUMINA	5	2022251	GAAGTTCG+GGCTCTTG	data/samples_for_assignment/A_253_2022251_10484831_237LGHLT3_L5_R1.fastq.gz	data/samples_for_assignment/A_253_2022251_10484831_237LGHLT3_L5_R2.fastq.gz	147980	147766
2022252	1	2025Sept-Jess-Msa-02	237LGHLT3	ILLUMINA	5	2022252	GACAGCGT+AGACGCTG	data/samples_for_assignment/A_254_2022252_10484831_237LGHLT3_L5_R1.fastq.gz	data/samples_for_assignment/A_254_2022252_10484831_237LGHLT3_L5_R2.fastq.gz	1	1
2022253	1	2025Sept-Jess-Msa-02	237LGHLT3	ILLUMINA	5	2022253	ACTTACAG+CGTAATAG	data/samples_for_assignment/A_255_2022253_10484831_237LGHLT3_L5_R1.fastq.gz	data/samples_for_assignment/A_255_2022253_10484831_237LGHLT3_L5_R2.fastq.gz	76759	76511
2022254	1	2025Sept-Jess-Msa-02	237LGHLT3	ILLUMINA	5	2022254	GTACCTGA+ACGCTGTC	data/samples_for_assignment/A_256_2022254_10484831_237LGHLT3_L5_R1.fastq.gz	data/samples_for_assignment/A_256_2022254_10484831_237LGHLT3_L5_R2.fastq.gz	67849	55414
2022255	1	2025Sept-Jess-Msa-02	237LGHLT3	ILLUMINA	5	2022255	CGTCGGAT+CACTCTCC	data/samples_for_assignment/A_257_2022255_10484831_237LGHLT3_L5_R1.fastq.gz	data/samples_for_assignment/A_257_2022255_10484831_237LGHLT3_L5_R2.fastq.gz	246434	236869
2022256	1	2025Sept-Jess-Msa-02	237LGHLT3	ILLUMINA	5	2022256	GGCTACGT+CGCTTCTG	data/samples_for_assignment/A_258_2022256_10484831_237LGHLT3_L5_R1.fastq.gz	data/samples_for_assignment/A_258_2022256_10484831_237LGHLT3_L5_R2.fastq.gz	105876	105832
2022257	1	2025Sept-Jess-Msa-02	237LGHLT3	ILLUMINA	5	2022257	GTTCGTCT+GGTGTCTT	data/samples_for_assignment/A_259_2022257_10484831_237LGHLT3_L5_R1.fastq.gz	data/samples_for_assignment/A_259_2022257_10484831_237LGHLT3_L5_R2.fastq.gz	51149	50831
2022258	1	2025Sept-Jess-Msa-02	237LGHLT3	ILLUMINA	5	2022258	GGTGTGGA+GAATTCTC	data/samples_for_assignment/A_260_2022258_10484831_237LGHLT3_L5_R1.fastq.gz	data/samples_for_assignment/A_260_2022258_10484831_237LGHLT3_L5_R2.fastq.gz	92313	89048
2022259	1	2025Sept-Jess-Msa-02	237LGHLT3	ILLUMINA	5	2022259	GCTGATTC+GCACTAGA	data/samples_for_assignment/A_261_2022259_10484831_237LGHLT3_L5_R1.fastq.gz	data/samples_for_assignment/A_261_2022259_10484831_237LGHLT3_L5_R2.fastq.gz	155114	154552
2022260	1	2025Sept-Jess-Msa-02	237LGHLT3	ILLUMINA	5	2022260	AGCCGTTA+TCCACCTT	data/samples_for_assignment/A_262_2022260_10484831_237LGHLT3_L5_R1.fastq.gz	data/samples_for_assignment/A_262_2022260_10484831_237LGHLT3_L5_R2.fastq.gz	81544	81306
2022261	1	2025Sept-Jess-Msa-02	237LGHLT3	ILLUMINA	5	2022261	ATATCCTC+TTGAGTCT	data/samples_for_assignment/A_263_2022261_10484831_237LGHLT3_L5_R1.fastq.gz	data/samples_for_assignment/A_263_2022261_10484831_237LGHLT3_L5_R2.fastq.gz	184604	178663
2022262	1	2025Sept-Jess-Msa-02	237LGHLT3	ILLUMINA	5	2022262	ACAATCTC+TTCGTTGT	data/samples_for_assignment/A_264_2022262_10484831_237LGHLT3_L5_R1.fastq.gz	data/samples_for_assignment/A_264_2022262_10484831_237LGHLT3_L5_R2.fastq.gz	88385	87506
2022263	1	2025Sept-Jess-Msa-02	237LGHLT3	ILLUMINA	5	2022263	AGACTCAA+TTGGTCAC	data/samples_for_assignment/A_265_2022263_10484831_237LGHLT3_L5_R1.fastq.gz	data/samples_for_assignment/A_265_2022263_10484831_237LGHLT3_L5_R2.fastq.gz	247022	240628
2022264	1	2025Sept-Jess-Msa-02	237LGHLT3	ILLUMINA	5	2022264	CACACTGC+AGACTTAG	data/samples_for_assignment/A_266_2022264_10484831_237LGHLT3_L5_R1.fastq.gz	data/samples_for_assignment/A_266_2022264_10484831_237LGHLT3_L5_R2.fastq.gz	137719	137457
2022265	1	2025Sept-Jess-Msa-02	237LGHLT3	ILLUMINA	5	2022265	TCTCACGG+ATATGGGA	data/samples_for_assignment/A_267_2022265_10484831_237LGHLT3_L5_R1.fastq.gz	data/samples_for_assignment/A_267_2022265_10484831_237LGHLT3_L5_R2.fastq.gz	162230	161575
2022266	1	2025Sept-Jess-Msa-02	237LGHLT3	ILLUMINA	5	2022266	TACCCTTT+ATTGTCCA	data/samples_for_assignment/A_268_2022266_10484831_237LGHLT3_L5_R1.fastq.gz	data/samples_for_assignment/A_268_2022266_10484831_237LGHLT3_L5_R2.fastq.gz	25551	25400
2022267	1	2025Sept-Jess-Msa-02	237LGHLT3	ILLUMINA	5	2022267	ACGTTCTT+ACAAACTG	data/samples_for_assignment/A_269_2022267_10484831_237LGHLT3_L5_R1.fastq.gz	data/samples_for_assignment/A_269_2022267_10484831_237LGHLT3_L5_R2.fastq.gz	24478	24588
2022268	1	2025Sept-Jess-Msa-02	237LGHLT3	ILLUMINA	5	2022268	GAAATGTC+GAAGAGGG	data/samples_for_assignment/A_270_2022268_10484831_237LGHLT3_L5_R1.fastq.gz	data/samples_for_assignment/A_270_2022268_10484831_237LGHLT3_L5_R2.fastq.gz	36309	36162
2022269	1	2025Sept-Jess-Msa-02	237LGHLT3	ILLUMINA	5	2022269	CGTACTAG+GATCGGTC	data/samples_for_assignment/A_271_2022269_10484831_237LGHLT3_L5_R1.fastq.gz	data/samples_for_assignment/A_271_2022269_10484831_237LGHLT3_L5_R2.fastq.gz	3804	3315
2022270	1	2025Sept-Jess-Msa-02	237LGHLT3	ILLUMINA	5	2022270	AGGCAGAA+GGATGAAA	data/samples_for_assignment/A_272_2022270_10484831_237LGHLT3_L5_R1.fastq.gz	data/samples_for_assignment/A_272_2022270_10484831_237LGHLT3_L5_R2.fastq.gz	38582	38490
2022271	1	2025Sept-Jess-Msa-02	237LGHLT3	ILLUMINA	5	2022271	TCCTGAGC+TAGATCGC	data/samples_for_assignment/A_273_2022271_10484831_237LGHLT3_L5_R1.fastq.gz	data/samples_for_assignment/A_273_2022271_10484831_237LGHLT3_L5_R2.fastq.gz	81434	72831
2022272	1	2025Sept-Jess-Msa-02	237LGHLT3	ILLUMINA	5	2022272	GGACTCCT+TATCCTCT	data/samples_for_assignment/A_274_2022272_10484831_237LGHLT3_L5_R1.fastq.gz	data/samples_for_assignment/A_274_2022272_10484831_237LGHLT3_L5_R2.fastq.gz	31790	31414
2022273	1	2025Sept-Jess-Msa-02	237LGHLT3	ILLUMINA	5	2022273	TAGGCATG+AGAGTAGA	data/samples_for_assignment/A_275_2022273_10484831_237LGHLT3_L5_R1.fastq.gz	data/samples_for_assignment/A_275_2022273_10484831_237LGHLT3_L5_R2.fastq.gz	5083	5115
2022274	1	2025Sept-Jess-Msa-02	237LGHLT3	ILLUMINA	5	2022274	CAGAGAGG+GTAAGGAG	data/samples_for_assignment/A_276_2022274_10484831_237LGHLT3_L5_R1.fastq.gz	data/samples_for_assignment/A_276_2022274_10484831_237LGHLT3_L5_R2.fastq.gz	28136	27988
2022275	1	2025Sept-Jess-Msa-02	237LGHLT3	ILLUMINA	5	2022275	GCTACGCT+ACTGCATA	data/samples_for_assignment/A_277_2022275_10484831_237LGHLT3_L5_R1.fastq.gz	data/samples_for_assignment/A_277_2022275_10484831_237LGHLT3_L5_R2.fastq.gz	17020	16922
2022276	1	2025Sept-Jess-Msa-02	237LGHLT3	ILLUMINA	5	2022276	CGAGGCTG+AAGGAGTA	data/samples_for_assignment/A_278_2022276_10484831_237LGHLT3_L5_R1.fastq.gz	data/samples_for_assignment/A_278_2022276_10484831_237LGHLT3_L5_R2.fastq.gz	22427	22367
2022277	1	2025Sept-Jess-Msa-02	237LGHLT3	ILLUMINA	5	2022277	AAGAGGCA+CGTCTAAT	data/samples_for_assignment/A_279_2022277_10484831_237LGHLT3_L5_R1.fastq.gz	data/samples_for_assignment/A_279_2022277_10484831_237LGHLT3_L5_R2.fastq.gz	11598	11573
2022278	1	2025Sept-Jess-Msa-02	237LGHLT3	ILLUMINA	5	2022278	GTAGAGGA+TCTCTCCG	data/samples_for_assignment/A_280_2022278_10484831_237LGHLT3_L5_R1.fastq.gz	data/samples_for_assignment/A_280_2022278_10484831_237LGHLT3_L5_R2.fastq.gz	25319	24253
2022279	1	2025Sept-Jess-Msa-02	237LGHLT3	ILLUMINA	5	2022279	GCTCATGA+TCGACTAG	data/samples_for_assignment/A_281_2022279_10484831_237LGHLT3_L5_R1.fastq.gz	data/samples_for_assignment/A_281_2022279_10484831_237LGHLT3_L5_R2.fastq.gz	2202	2200
2022280	1	2025Sept-Jess-Msa-02	237LGHLT3	ILLUMINA	5	2022280	ATCTCAGG+TTCTAGCT	data/samples_for_assignment/A_282_2022280_10484831_237LGHLT3_L5_R1.fastq.gz	data/samples_for_assignment/A_282_2022280_10484831_237LGHLT3_L5_R2.fastq.gz	19762	19663
2022281	1	2025Sept-Jess-Msa-02	237LGHLT3	ILLUMINA	5	2022281	ACTCGCTA+CCTAGAGT	data/samples_for_assignment/A_283_2022281_10484831_237LGHLT3_L5_R1.fastq.gz	data/samples_for_assignment/A_283_2022281_10484831_237LGHLT3_L5_R2.fastq.gz	4494	4484
2022282	1	2025Sept-Jess-Msa-02	237LGHLT3	ILLUMINA	5	2022282	GGAGCTAC+GCGTAAGA	data/samples_for_assignment/A_284_2022282_10484831_237LGHLT3_L5_R1.fastq.gz	data/samples_for_assignment/A_284_2022282_10484831_237LGHLT3_L5_R2.fastq.gz	2817	2845
2022283	1	2025Sept-Jess-Msa-02	237LGHLT3	ILLUMINA	5	2022283	GCGTAGTA+CTATTAAG	data/samples_for_assignment/A_285_2022283_10484831_237LGHLT3_L5_R1.fastq.gz	data/samples_for_assignment/A_285_2022283_10484831_237LGHLT3_L5_R2.fastq.gz	11610	11572
2022284	1	2025Sept-Jess-Msa-02	237LGHLT3	ILLUMINA	5	2022284	CGGAGCCT+AAGGCTAT	data/samples_for_assignment/A_286_2022284_10484831_237LGHLT3_L5_R1.fastq.gz	data/samples_for_assignment/A_286_2022284_10484831_237LGHLT3_L5_R2.fastq.gz	87342	86398
2022285	1	2025Sept-Jess-Msa-02	237LGHLT3	ILLUMINA	5	2022285	TACGCTGC+GAGCCTTA	data/samples_for_assignment/A_287_2022285_10484831_237LGHLT3_L5_R1.fastq.gz	data/samples_for_assignment/A_287_2022285_10484831_237LGHLT3_L5_R2.fastq.gz	83694	83356
neg3	1	2025Sept-Jess-Msa-02	237LGHLT3	ILLUMINA	5	neg3	ATGCGCAG+TTATGCGA	data/samples_for_assignment/A_288_neg3_10484831_237LGHLT3_L5_R1.fastq.gz	data/samples_for_assignment/A_288_neg3_10484831_237LGHLT3_L5_R2.fastq.gz	20079	19980
2022286	1	2025Sept-Jess-Msa-03	237LGHLT3	ILLUMINA	5	2022286	GTCAGATA+AGCGGTGG	data/samples_for_assignment/A_289_2022286_10484831_237LGHLT3_L5_R1.fastq.gz	data/samples_for_assignment/A_289_2022286_10484831_237LGHLT3_L5_R2.fastq.gz	64463	65141
2022287	1	2025Sept-Jess-Msa-03	237LGHLT3	ILLUMINA	5	2022287	TCTCATAT+TATAGATT	data/samples_for_assignment/A_290_2022287_10484831_237LGHLT3_L5_R1.fastq.gz	data/samples_for_assignment/A_290_2022287_10484831_237LGHLT3_L5_R2.fastq.gz	113941	113395
2022288	1	2025Sept-Jess-Msa-03	237LGHLT3	ILLUMINA	5	2022288	TCCATAAG+ACAGAGGC	data/samples_for_assignment/A_291_2022288_10484831_237LGHLT3_L5_R1.fastq.gz	data/samples_for_assignment/A_291_2022288_10484831_237LGHLT3_L5_R2.fastq.gz	96232	101366
2022289	1	2025Sept-Jess-Msa-03	237LGHLT3	ILLUMINA	5	2022289	CGAGATTA+ATTCCTAT	data/samples_for_assignment/A_292_2022289_10484831_237LGHLT3_L5_R1.fastq.gz	data/samples_for_assignment/A_292_2022289_10484831_237LGHLT3_L5_R2.fastq.gz	160363	160613
2022290	1	2025Sept-Jess-Msa-03	237LGHLT3	ILLUMINA	5	2022290	CATCGCGC+CGCCTTCT	data/samples_for_assignment/A_293_2022290_10484831_237LGHLT3_L5_R1.fastq.gz	data/samples_for_assignment/A_293_2022290_10484831_237LGHLT3_L5_R2.fastq.gz	118280	117702
2022291	1	2025Sept-Jess-Msa-03	237LGHLT3	ILLUMINA	5	2022291	TCAAGGCA+GCGCAGAG	data/samples_for_assignment/A_294_2022291_10484831_237LGHLT3_L5_R1.fastq.gz	data/samples_for_assignment/A_294_2022291_10484831_237LGHLT3_L5_R2.fastq.gz	182350	182242
2022292	1	2025Sept-Jess-Msa-03	237LGHLT3	ILLUMINA	5	2022292	CTGAGTAG+AGATATGG	data/samples_for_assignment/A_295_2022292_10484831_237LGHLT3_L5_R1.fastq.gz	data/samples_for_assignment/A_295_2022292_10484831_237LGHLT3_L5_R2.fastq.gz	111799	111479
2022293	1	2025Sept-Jess-Msa-03	237LGHLT3	ILLUMINA	5	2022293	TCAGACGA+CCTGCTTG	data/samples_for_assignment/A_296_2022293_10484831_237LGHLT3_L5_R1.fastq.gz	data/samples_for_assignment/A_296_2022293_10484831_237LGHLT3_L5_R2.fastq.gz	168452	167765
2022294	1	2025Sept-Jess-Msa-03	237LGHLT3	ILLUMINA	5	2022294	GTATGTTC+GACGAACA	data/samples_for_assignment/A_297_2022294_10484831_237LGHLT3_L5_R1.fastq.gz	data/samples_for_assignment/A_297_2022294_10484831_237LGHLT3_L5_R2.fastq.gz	130070	128942
2022295	1	2025Sept-Jess-Msa-03	237LGHLT3	ILLUMINA	5	2022295	AGCGGCAC+TGGCGGTC	data/samples_for_assignment/A_298_2022295_10484831_237LGHLT3_L5_R1.fastq.gz	data/samples_for_assignment/A_298_2022295_10484831_237LGHLT3_L5_R2.fastq.gz	119234	104879
2022296	1	2025Sept-Jess-Msa-03	237LGHLT3	ILLUMINA	5	2022296	GTTACGGC+CTTCAGTT	data/samples_for_assignment/A_299_2022296_10484831_237LGHLT3_L5_R1.fastq.gz	data/samples_for_assignment/A_299_2022296_10484831_237LGHLT3_L5_R2.fastq.gz	98434	98131
2022297	1	2025Sept-Jess-Msa-03	237LGHLT3	ILLUMINA	5	2022297	GAATGGTT+CGCGCCTA	data/samples_for_assignment/A_300_2022297_10484831_237LGHLT3_L5_R1.fastq.gz	data/samples_for_assignment/A_300_2022297_10484831_237LGHLT3_L5_R2.fastq.gz	184954	184850
2022298	1	2025Sept-Jess-Msa-03	237LGHLT3	ILLUMINA	5	2022298	AGGCAACC+AGGCCAGA	data/samples_for_assignment/A_301_2022298_10484831_237LGHLT3_L5_R1.fastq.gz	data/samples_for_assignment/A_301_2022298_10484831_237LGHLT3_L5_R2.fastq.gz	97654	97835
2022299	1	2025Sept-Jess-Msa-03	237LGHLT3	ILLUMINA	5	2022299	ATCATTAG+CCTTGAAC	data/samples_for_assignment/A_302_2022299_10484831_237LGHLT3_L5_R1.fastq.gz	data/samples_for_assignment/A_302_2022299_10484831_237LGHLT3_L5_R2.fastq.gz	56866	55504
2022300	1	2025Sept-Jess-Msa-03	237LGHLT3	ILLUMINA	5	2022300	TAGGCCGA+TTCATCCA	data/samples_for_assignment/A_303_2022300_10484831_237LGHLT3_L5_R1.fastq.gz	data/samples_for_assignment/A_303_2022300_10484831_237LGHLT3_L5_R2.fastq.gz	107052	106370
2022301	1	2025Sept-Jess-Msa-03	237LGHLT3	ILLUMINA	5	2022301	GGTTGACT+CATAACAC	data/samples_for_assignment/A_304_2022301_10484831_237LGHLT3_L5_R1.fastq.gz	data/samples_for_assignment/A_304_2022301_10484831_237LGHLT3_L5_R2.fastq.gz	169732	165597
2022302	1	2025Sept-Jess-Msa-03	237LGHLT3	ILLUMINA	5	2022302	GCCTTGTT+TCCTATTA	data/samples_for_assignment/A_305_2022302_10484831_237LGHLT3_L5_R1.fastq.gz	data/samples_for_assignment/A_305_2022302_10484831_237LGHLT3_L5_R2.fastq.gz	28664	28701
2022303	1	2025Sept-Jess-Msa-03	237LGHLT3	ILLUMINA	5	2022303	CTACATAC+CGCGAGCC	data/samples_for_assignment/A_306_2022303_10484831_237LGHLT3_L5_R1.fastq.gz	data/samples_for_assignment/A_306_2022303_10484831_237LGHLT3_L5_R2.fastq.gz	85318	82739
2022304	1	2025Sept-Jess-Msa-03	237LGHLT3	ILLUMINA	5	2022304	CCATAGAA+ATTACTCA	data/samples_for_assignment/A_307_2022304_10484831_237LGHLT3_L5_R1.fastq.gz	data/samples_for_assignment/A_307_2022304_10484831_237LGHLT3_L5_R2.fastq.gz	19462	19466
2022305	1	2025Sept-Jess-Msa-03	237LGHLT3	ILLUMINA	5	2022305	AGCATCCA+AATTGGCG	data/samples_for_assignment/A_308_2022305_10484831_237LGHLT3_L5_R1.fastq.gz	data/samples_for_assignment/A_308_2022305_10484831_237LGHLT3_L5_R2.fastq.gz	66961	66775
2022306	1	2025Sept-Jess-Msa-03	237LGHLT3	ILLUMINA	5	2022306	CGCACTCT+TTGTCAAC	data/samples_for_assignment/A_309_2022306_10484831_237LGHLT3_L5_R1.fastq.gz	data/samples_for_assignment/A_309_2022306_10484831_237LGHLT3_L5_R2.fastq.gz	11928	11723
2022307	1	2025Sept-Jess-Msa-03	237LGHLT3	ILLUMINA	5	2022307	GACACGCA+GGCGAATT	data/samples_for_assignment/A_310_2022307_10484831_237LGHLT3_L5_R1.fastq.gz	data/samples_for_assignment/A_310_2022307_10484831_237LGHLT3_L5_R2.fastq.gz	18060	17967
2022308	1	2025Sept-Jess-Msa-03	237LGHLT3	ILLUMINA	5	2022308	AGTGTATG+CAACGTCA	data/samples_for_assignment/A_311_2022308_10484831_237LGHLT3_L5_R1.fastq.gz	data/samples_for_assignment/A_311_2022308_10484831_237LGHLT3_L5_R2.fastq.gz	26753	26596
2022309	1	2025Sept-Jess-Msa-03	237LGHLT3	ILLUMINA	5	2022309	ATTATACG+TCTTACAT	data/samples_for_assignment/A_312_2022309_10484831_237LGHLT3_L5_R1.fastq.gz	data/samples_for_assignment/A_312_2022309_10484831_237LGHLT3_L5_R2.fastq.gz	185248	184097
2022310	1	2025Sept-Jess-Msa-03	237LGHLT3	ILLUMINA	5	2022310	TAACTCGC+CGCCATAC	data/samples_for_assignment/A_313_2022310_10484831_237LGHLT3_L5_R1.fastq.gz	data/samples_for_assignment/A_313_2022310_10484831_237LGHLT3_L5_R2.fastq.gz	4236	4203
2022311	1	2025Sept-Jess-Msa-03	237LGHLT3	ILLUMINA	5	2022311	CGGCCGTA+CTAATGTC	data/samples_for_assignment/A_314_2022311_10484831_237LGHLT3_L5_R1.fastq.gz	data/samples_for_assignment/A_314_2022311_10484831_237LGHLT3_L5_R2.fastq.gz	11534	9796
2022312	1	2025Sept-Jess-Msa-03	237LGHLT3	ILLUMINA	5	2022312	TAATCGAC+CAACCGGA	data/samples_for_assignment/A_315_2022312_10484831_237LGHLT3_L5_R1.fastq.gz	data/samples_for_assignment/A_315_2022312_10484831_237LGHLT3_L5_R2.fastq.gz	38715	38727
2022313	1	2025Sept-Jess-Msa-03	237LGHLT3	ILLUMINA	5	2022313	ATCGGCTG+GGCAGTAG	data/samples_for_assignment/A_316_2022313_10484831_237LGHLT3_L5_R1.fastq.gz	data/samples_for_assignment/A_316_2022313_10484831_237LGHLT3_L5_R2.fastq.gz	12212	12204
2022314	1	2025Sept-Jess-Msa-03	237LGHLT3	ILLUMINA	5	2022314	TCGGCAAT+TTAGGATA	data/samples_for_assignment/A_317_2022314_10484831_237LGHLT3_L5_R1.fastq.gz	data/samples_for_assignment/A_317_2022314_10484831_237LGHLT3_L5_R2.fastq.gz	26563	26260
2022315	1	2025Sept-Jess-Msa-03	237LGHLT3	ILLUMINA	5	2022315	ATCTCGCC+GAGTTGTA	data/samples_for_assignment/A_318_2022315_10484831_237LGHLT3_L5_R1.fastq.gz	data/samples_for_assignment/A_318_2022315_10484831_237LGHLT3_L5_R2.fastq.gz	34745	34253
2022316	1	2025Sept-Jess-Msa-03	237LGHLT3	ILLUMINA	5	2022316	GCGAGCCA+AACACGTG	data/samples_for_assignment/A_319_2022316_10484831_237LGHLT3_L5_R1.fastq.gz	data/samples_for_assignment/A_319_2022316_10484831_237LGHLT3_L5_R2.fastq.gz	21176	21088
2022317	1	2025Sept-Jess-Msa-03	237LGHLT3	ILLUMINA	5	2022317	TTATTCTA+GTGTTACC	data/samples_for_assignment/A_320_2022317_10484831_237LGHLT3_L5_R1.fastq.gz	data/samples_for_assignment/A_320_2022317_10484831_237LGHLT3_L5_R2.fastq.gz	20303	20069
2022318	1	2025Sept-Jess-Msa-03	237LGHLT3	ILLUMINA	5	2022318	CCTGGATA+TTGACCAA	data/samples_for_assignment/A_321_2022318_10484831_237LGHLT3_L5_R1.fastq.gz	data/samples_for_assignment/A_321_2022318_10484831_237LGHLT3_L5_R2.fastq.gz	10205	10178
2022319	1	2025Sept-Jess-Msa-03	237LGHLT3	ILLUMINA	5	2022319	CACCATGT+CTGACCGG	data/samples_for_assignment/A_322_2022319_10484831_237LGHLT3_L5_R1.fastq.gz	data/samples_for_assignment/A_322_2022319_10484831_237LGHLT3_L5_R2.fastq.gz	19010	19084
2022320	1	2025Sept-Jess-Msa-03	237LGHLT3	ILLUMINA	5	2022320	AATTGTAA+GGACCAAC	data/samples_for_assignment/A_323_2022320_10484831_237LGHLT3_L5_R1.fastq.gz	data/samples_for_assignment/A_323_2022320_10484831_237LGHLT3_L5_R2.fastq.gz	18517	18243
2022321	1	2025Sept-Jess-Msa-03	237LGHLT3	ILLUMINA	5	2022321	GAGGAATA+AATGTATT	data/samples_for_assignment/A_324_2022321_10484831_237LGHLT3_L5_R1.fastq.gz	data/samples_for_assignment/A_324_2022321_10484831_237LGHLT3_L5_R2.fastq.gz	51365	50887
2022322	1	2025Sept-Jess-Msa-03	237LGHLT3	ILLUMINA	5	2022322	CGCACGAG+GATCTCTG	data/samples_for_assignment/A_325_2022322_10484831_237LGHLT3_L5_R1.fastq.gz	data/samples_for_assignment/A_325_2022322_10484831_237LGHLT3_L5_R2.fastq.gz	196938	196798
2022323	1	2025Sept-Jess-Msa-03	237LGHLT3	ILLUMINA	5	2022323	TATCCTAA+CAGGCGCC	data/samples_for_assignment/A_326_2022323_10484831_237LGHLT3_L5_R1.fastq.gz	data/samples_for_assignment/A_326_2022323_10484831_237LGHLT3_L5_R2.fastq.gz	174553	167325
2022324	1	2025Sept-Jess-Msa-03	237LGHLT3	ILLUMINA	5	2022324	CGCTTCGG+TTAATAGA	data/samples_for_assignment/A_327_2022324_10484831_237LGHLT3_L5_R1.fastq.gz	data/samples_for_assignment/A_327_2022324_10484831_237LGHLT3_L5_R2.fastq.gz	100844	100155
2022325	1	2025Sept-Jess-Msa-03	237LGHLT3	ILLUMINA	5	2022325	GCTAATCA+GGAGTCGC	data/samples_for_assignment/A_328_2022325_10484831_237LGHLT3_L5_R1.fastq.gz	data/samples_for_assignment/A_328_2022325_10484831_237LGHLT3_L5_R2.fastq.gz	104612	95322
2022326	1	2025Sept-Jess-Msa-03	237LGHLT3	ILLUMINA	5	2022326	CACTGTTA+AACGCCAG	data/samples_for_assignment/A_329_2022326_10484831_237LGHLT3_L5_R1.fastq.gz	data/samples_for_assignment/A_329_2022326_10484831_237LGHLT3_L5_R2.fastq.gz	321553	320413
2022327	1	2025Sept-Jess-Msa-03	237LGHLT3	ILLUMINA	5	2022327	TGCGCGGT+ACGAGACT	data/samples_for_assignment/A_330_2022327_10484831_237LGHLT3_L5_R1.fastq.gz	data/samples_for_assignment/A_330_2022327_10484831_237LGHLT3_L5_R2.fastq.gz	236109	233728
2022328	1	2025Sept-Jess-Msa-03	237LGHLT3	ILLUMINA	5	2022328	GCGCGAAC+GTATCGGC	data/samples_for_assignment/A_331_2022328_10484831_237LGHLT3_L5_R1.fastq.gz	data/samples_for_assignment/A_331_2022328_10484831_237LGHLT3_L5_R2.fastq.gz	140625	139813
2022329	1	2025Sept-Jess-Msa-03	237LGHLT3	ILLUMINA	5	2022329	ATGTGTCT+GTTATATG	data/samples_for_assignment/A_332_2022329_10484831_237LGHLT3_L5_R1.fastq.gz	data/samples_for_assignment/A_332_2022329_10484831_237LGHLT3_L5_R2.fastq.gz	186314	184947
2022330	1	2025Sept-Jess-Msa-03	237LGHLT3	ILLUMINA	5	2022330	CGGAACAA+GCCTGCCA	data/samples_for_assignment/A_333_2022330_10484831_237LGHLT3_L5_R1.fastq.gz	data/samples_for_assignment/A_333_2022330_10484831_237LGHLT3_L5_R2.fastq.gz	80905	80240
2022331	1	2025Sept-Jess-Msa-03	237LGHLT3	ILLUMINA	5	2022331	GAGTACTT+GCCGTCTG	data/samples_for_assignment/A_334_2022331_10484831_237LGHLT3_L5_R1.fastq.gz	data/samples_for_assignment/A_334_2022331_10484831_237LGHLT3_L5_R2.fastq.gz	251797	250876
2022332	1	2025Sept-Jess-Msa-03	237LGHLT3	ILLUMINA	5	2022332	TGTACACC+CAGAGTGA	data/samples_for_assignment/A_335_2022332_10484831_237LGHLT3_L5_R1.fastq.gz	data/samples_for_assignment/A_335_2022332_10484831_237LGHLT3_L5_R2.fastq.gz	134895	134129
2022333	1	2025Sept-Jess-Msa-03	237LGHLT3	ILLUMINA	5	2022333	CATAAGGT+TCAGTTAA	data/samples_for_assignment/A_336_2022333_10484831_237LGHLT3_L5_R1.fastq.gz	data/samples_for_assignment/A_336_2022333_10484831_237LGHLT3_L5_R2.fastq.gz	181076	179950
2022334	1	2025Sept-Jess-Msa-03	237LGHLT3	ILLUMINA	5	2022334	CTGCAGCG+GTGACCTT	data/samples_for_assignment/A_337_2022334_10484831_237LGHLT3_L5_R1.fastq.gz	data/samples_for_assignment/A_337_2022334_10484831_237LGHLT3_L5_R2.fastq.gz	169413	168714
2022335	1	2025Sept-Jess-Msa-03	237LGHLT3	ILLUMINA	5	2022335	TGGTATCC+ACATGCAT	data/samples_for_assignment/A_338_2022335_10484831_237LGHLT3_L5_R1.fastq.gz	data/samples_for_assignment/A_338_2022335_10484831_237LGHLT3_L5_R2.fastq.gz	183683	180966
2022336	1	2025Sept-Jess-Msa-03	237LGHLT3	ILLUMINA	5	2022336	CAAGCCAG+CCATGTGT	data/samples_for_assignment/A_339_2022336_10484831_237LGHLT3_L5_R1.fastq.gz	data/samples_for_assignment/A_339_2022336_10484831_237LGHLT3_L5_R2.fastq.gz	109062	108091
2022337	1	2025Sept-Jess-Msa-03	237LGHLT3	ILLUMINA	5	2022337	TGCCTTAC+GAGTCTCT	data/samples_for_assignment/A_340_2022337_10484831_237LGHLT3_L5_R1.fastq.gz	data/samples_for_assignment/A_340_2022337_10484831_237LGHLT3_L5_R2.fastq.gz	218502	216861
2022338	1	2025Sept-Jess-Msa-03	237LGHLT3	ILLUMINA	5	2022338	TCTACATG+GCTATGCG	data/samples_for_assignment/A_341_2022338_10484831_237LGHLT3_L5_R1.fastq.gz	data/samples_for_assignment/A_341_2022338_10484831_237LGHLT3_L5_R2.fastq.gz	122284	122055
2022339	1	2025Sept-Jess-Msa-03	237LGHLT3	ILLUMINA	5	2022339	AGCGTGTA+AGTACCTA	data/samples_for_assignment/A_342_2022339_10484831_237LGHLT3_L5_R1.fastq.gz	data/samples_for_assignment/A_342_2022339_10484831_237LGHLT3_L5_R2.fastq.gz	124248	123749
2022340	1	2025Sept-Jess-Msa-03	237LGHLT3	ILLUMINA	5	2022340	TTCAAGCG+GACCGGAG	data/samples_for_assignment/A_343_2022340_10484831_237LGHLT3_L5_R1.fastq.gz	data/samples_for_assignment/A_343_2022340_10484831_237LGHLT3_L5_R2.fastq.gz	153239	153771
2022341	1	2025Sept-Jess-Msa-03	237LGHLT3	ILLUMINA	5	2022341	ATAGATTG+CACGTCCA	data/samples_for_assignment/A_344_2022341_10484831_237LGHLT3_L5_R1.fastq.gz	data/samples_for_assignment/A_344_2022341_10484831_237LGHLT3_L5_R2.fastq.gz	213720	211457
2022342	1	2025Sept-Jess-Msa-03	237LGHLT3	ILLUMINA	5	2022342	ATTCCACC+GCTACTAT	data/samples_for_assignment/A_345_2022342_10484831_237LGHLT3_L5_R1.fastq.gz	data/samples_for_assignment/A_345_2022342_10484831_237LGHLT3_L5_R2.fastq.gz	178263	177530
2022343	1	2025Sept-Jess-Msa-03	237LGHLT3	ILLUMINA	5	2022343	TCCGTCCA+AGTCAACC	data/samples_for_assignment/A_346_2022343_10484831_237LGHLT3_L5_R1.fastq.gz	data/samples_for_assignment/A_346_2022343_10484831_237LGHLT3_L5_R2.fastq.gz	106591	104298
2022344	1	2025Sept-Jess-Msa-03	237LGHLT3	ILLUMINA	5	2022344	CCGGTCAG+CGAGGCGG	data/samples_for_assignment/A_347_2022344_10484831_237LGHLT3_L5_R1.fastq.gz	data/samples_for_assignment/A_347_2022344_10484831_237LGHLT3_L5_R2.fastq.gz	153707	151480
2022345	1	2025Sept-Jess-Msa-03	237LGHLT3	ILLUMINA	5	2022345	CTCAATTC+CAGGTGTT	data/samples_for_assignment/A_348_2022345_10484831_237LGHLT3_L5_R1.fastq.gz	data/samples_for_assignment/A_348_2022345_10484831_237LGHLT3_L5_R2.fastq.gz	225276	223522
2022346	1	2025Sept-Jess-Msa-03	237LGHLT3	ILLUMINA	5	2022346	AATGGAGA+TGTACTTG	data/samples_for_assignment/A_349_2022346_10484831_237LGHLT3_L5_R1.fastq.gz	data/samples_for_assignment/A_349_2022346_10484831_237LGHLT3_L5_R2.fastq.gz	248913	247674
2022347	1	2025Sept-Jess-Msa-03	237LGHLT3	ILLUMINA	5	2022347	ATGCATGT+CTCTAAGT	data/samples_for_assignment/A_350_2022347_10484831_237LGHLT3_L5_R1.fastq.gz	data/samples_for_assignment/A_350_2022347_10484831_237LGHLT3_L5_R2.fastq.gz	317380	315307
2022348	1	2025Sept-Jess-Msa-03	237LGHLT3	ILLUMINA	5	2022348	GGCGCCTG+GTCACCAC	data/samples_for_assignment/A_351_2022348_10484831_237LGHLT3_L5_R1.fastq.gz	data/samples_for_assignment/A_351_2022348_10484831_237LGHLT3_L5_R2.fastq.gz	222825	212776
2022349	1	2025Sept-Jess-Msa-03	237LGHLT3	ILLUMINA	5	2022349	CGTTATGT+TGGTGAGT	data/samples_for_assignment/A_352_2022349_10484831_237LGHLT3_L5_R1.fastq.gz	data/samples_for_assignment/A_352_2022349_10484831_237LGHLT3_L5_R2.fastq.gz	156789	155518
2022350	1	2025Sept-Jess-Msa-03	237LGHLT3	ILLUMINA	5	2022350	GCAATCGT+CTTCGAAG	data/samples_for_assignment/A_353_2022350_10484831_237LGHLT3_L5_R1.fastq.gz	data/samples_for_assignment/A_353_2022350_10484831_237LGHLT3_L5_R2.fastq.gz	69933	69776
2022351	1	2025Sept-Jess-Msa-03	237LGHLT3	ILLUMINA	5	2022351	ACGCAATA+GTAGAGTC	data/samples_for_assignment/A_354_2022351_10484831_237LGHLT3_L5_R1.fastq.gz	data/samples_for_assignment/A_354_2022351_10484831_237LGHLT3_L5_R2.fastq.gz	188057	152374
2022352	1	2025Sept-Jess-Msa-03	237LGHLT3	ILLUMINA	5	2022352	TACTCATG+GACATTGT	data/samples_for_assignment/A_355_2022352_10484831_237LGHLT3_L5_R1.fastq.gz	data/samples_for_assignment/A_355_2022352_10484831_237LGHLT3_L5_R2.fastq.gz	52633	52138
2022353	1	2025Sept-Jess-Msa-03	237LGHLT3	ILLUMINA	5	2022353	TAGAATTA+CGCTTGAA	data/samples_for_assignment/A_356_2022353_10484831_237LGHLT3_L5_R1.fastq.gz	data/samples_for_assignment/A_356_2022353_10484831_237LGHLT3_L5_R2.fastq.gz	222121	221733
2022354	1	2025Sept-Jess-Msa-03	237LGHLT3	ILLUMINA	5	2022354	ATTAGCGT+CAGCGGAC	data/samples_for_assignment/A_357_2022354_10484831_237LGHLT3_L5_R1.fastq.gz	data/samples_for_assignment/A_357_2022354_10484831_237LGHLT3_L5_R2.fastq.gz	61818	61078
2022355	1	2025Sept-Jess-Msa-03	237LGHLT3	ILLUMINA	5	2022355	TAACAAGG+GACGTTCG	data/samples_for_assignment/A_358_2022355_10484831_237LGHLT3_L5_R1.fastq.gz	data/samples_for_assignment/A_358_2022355_10484831_237LGHLT3_L5_R2.fastq.gz	39526	39327
2022356	1	2025Sept-Jess-Msa-03	237LGHLT3	ILLUMINA	5	2022356	ATGGCTAC+CACGGATT	data/samples_for_assignment/A_359_2022356_10484831_237LGHLT3_L5_R1.fastq.gz	data/samples_for_assignment/A_359_2022356_10484831_237LGHLT3_L5_R2.fastq.gz	32826	32700
2022357	1	2025Sept-Jess-Msa-03	237LGHLT3	ILLUMINA	5	2022357	GAATTGGA+TTGAGGAC	data/samples_for_assignment/A_360_2022357_10484831_237LGHLT3_L5_R1.fastq.gz	data/samples_for_assignment/A_360_2022357_10484831_237LGHLT3_L5_R2.fastq.gz	28700	28594
2022358	1	2025Sept-Jess-Msa-03	237LGHLT3	ILLUMINA	5	2022358	CGGCGAAG+GCAACAGG	data/samples_for_assignment/A_361_2022358_10484831_237LGHLT3_L5_R1.fastq.gz	data/samples_for_assignment/A_361_2022358_10484831_237LGHLT3_L5_R2.fastq.gz	44211	44335
2022359	1	2025Sept-Jess-Msa-03	237LGHLT3	ILLUMINA	5	2022359	GTGACCGA+ACCGCGCA	data/samples_for_assignment/A_362_2022359_10484831_237LGHLT3_L5_R1.fastq.gz	data/samples_for_assignment/A_362_2022359_10484831_237LGHLT3_L5_R2.fastq.gz	2976	2934
2022360	1	2025Sept-Jess-Msa-03	237LGHLT3	ILLUMINA	5	2022360	ACTTGTTC+AGCCGGAA	data/samples_for_assignment/A_363_2022360_10484831_237LGHLT3_L5_R1.fastq.gz	data/samples_for_assignment/A_363_2022360_10484831_237LGHLT3_L5_R2.fastq.gz	12435	12481
2022361	1	2025Sept-Jess-Msa-03	237LGHLT3	ILLUMINA	5	2022361	TACAGGAA+CCTCGCAA	data/samples_for_assignment/A_364_2022361_10484831_237LGHLT3_L5_R1.fastq.gz	data/samples_for_assignment/A_364_2022361_10484831_237LGHLT3_L5_R2.fastq.gz	21388	21234
2022362	1	2025Sept-Jess-Msa-03	237LGHLT3	ILLUMINA	5	2022362	TGACGTTG+TAGGAGCG	data/samples_for_assignment/A_365_2022362_10484831_237LGHLT3_L5_R1.fastq.gz	data/samples_for_assignment/A_365_2022362_10484831_237LGHLT3_L5_R2.fastq.gz	12036	12103
2022363	1	2025Sept-Jess-Msa-03	237LGHLT3	ILLUMINA	5	2022363	AATAACCG+AGTTAAGA	data/samples_for_assignment/A_366_2022363_10484831_237LGHLT3_L5_R1.fastq.gz	data/samples_for_assignment/A_366_2022363_10484831_237LGHLT3_L5_R2.fastq.gz	14075	14144
2022364	1	2025Sept-Jess-Msa-03	237LGHLT3	ILLUMINA	5	2022364	AGCCAAGA+GAGTGTGC	data/samples_for_assignment/A_367_2022364_10484831_237LGHLT3_L5_R1.fastq.gz	data/samples_for_assignment/A_367_2022364_10484831_237LGHLT3_L5_R2.fastq.gz	41767	41194
2022365	1	2025Sept-Jess-Msa-03	237LGHLT3	ILLUMINA	5	2022365	CGGTGTGA+ATTAATAC	data/samples_for_assignment/A_368_2022365_10484831_237LGHLT3_L5_R1.fastq.gz	data/samples_for_assignment/A_368_2022365_10484831_237LGHLT3_L5_R2.fastq.gz	101332	98165
2022366	1	2025Sept-Jess-Msa-03	237LGHLT3	ILLUMINA	5	2022366	GTAACGTT+TAGGAAGA	data/samples_for_assignment/A_369_2022366_10484831_237LGHLT3_L5_R1.fastq.gz	data/samples_for_assignment/A_369_2022366_10484831_237LGHLT3_L5_R2.fastq.gz	196865	196323
2022367	1	2025Sept-Jess-Msa-03	237LGHLT3	ILLUMINA	5	2022367	CGAGGCCG+CCGTGGCC	data/samples_for_assignment/A_370_2022367_10484831_237LGHLT3_L5_R1.fastq.gz	data/samples_for_assignment/A_370_2022367_10484831_237LGHLT3_L5_R2.fastq.gz	82462	80907
2022368	1	2025Sept-Jess-Msa-03	237LGHLT3	ILLUMINA	5	2022368	GCCTCTGT+GGATATAT	data/samples_for_assignment/A_371_2022368_10484831_237LGHLT3_L5_R1.fastq.gz	data/samples_for_assignment/A_371_2022368_10484831_237LGHLT3_L5_R2.fastq.gz	195712	194887
2022369	1	2025Sept-Jess-Msa-03	237LGHLT3	ILLUMINA	5	2022369	GGTTCCTA+CACCTCTT	data/samples_for_assignment/A_372_2022369_10484831_237LGHLT3_L5_R1.fastq.gz	data/samples_for_assignment/A_372_2022369_10484831_237LGHLT3_L5_R2.fastq.gz	234095	230410
2022370	1	2025Sept-Jess-Msa-03	237LGHLT3	ILLUMINA	5	2022370	ATACCTAT+AACGTTAC	data/samples_for_assignment/A_373_2022370_10484831_237LGHLT3_L5_R1.fastq.gz	data/samples_for_assignment/A_373_2022370_10484831_237LGHLT3_L5_R2.fastq.gz	211443	207614
2022371	1	2025Sept-Jess-Msa-03	237LGHLT3	ILLUMINA	5	2022371	CGTGAAGG+CGGCAAGC	data/samples_for_assignment/A_374_2022371_10484831_237LGHLT3_L5_R1.fastq.gz	data/samples_for_assignment/A_374_2022371_10484831_237LGHLT3_L5_R2.fastq.gz	143202	141077
2022372	1	2025Sept-Jess-Msa-03	237LGHLT3	ILLUMINA	5	2022372	TATTGGCC+TCTTGGCT	data/samples_for_assignment/A_375_2022372_10484831_237LGHLT3_L5_R1.fastq.gz	data/samples_for_assignment/A_375_2022372_10484831_237LGHLT3_L5_R2.fastq.gz	147186	146233
2022373	1	2025Sept-Jess-Msa-03	237LGHLT3	ILLUMINA	5	2022373	TCCAATTG+ACGGAATG	data/samples_for_assignment/A_376_2022373_10484831_237LGHLT3_L5_R1.fastq.gz	data/samples_for_assignment/A_376_2022373_10484831_237LGHLT3_L5_R2.fastq.gz	90800	90586
2022374	1	2025Sept-Jess-Msa-03	237LGHLT3	ILLUMINA	5	2022374	CAGCAATT+GTTCCGCA	data/samples_for_assignment/A_377_2022374_10484831_237LGHLT3_L5_R1.fastq.gz	data/samples_for_assignment/A_377_2022374_10484831_237LGHLT3_L5_R2.fastq.gz	142926	142243
2022375	1	2025Sept-Jess-Msa-03	237LGHLT3	ILLUMINA	5	2022375	GCGTATAG+ACCAAGTT	data/samples_for_assignment/A_378_2022375_10484831_237LGHLT3_L5_R1.fastq.gz	data/samples_for_assignment/A_378_2022375_10484831_237LGHLT3_L5_R2.fastq.gz	293005	292491
2022376	1	2025Sept-Jess-Msa-03	237LGHLT3	ILLUMINA	5	2022376	GAGAATAC+AACTAACG	data/samples_for_assignment/A_379_2022376_10484831_237LGHLT3_L5_R1.fastq.gz	data/samples_for_assignment/A_379_2022376_10484831_237LGHLT3_L5_R2.fastq.gz	240599	239720
2022377	1	2025Sept-Jess-Msa-03	237LGHLT3	ILLUMINA	5	2022377	CAGCGGTC+AGAGCACT	data/samples_for_assignment/A_380_2022377_10484831_237LGHLT3_L5_R1.fastq.gz	data/samples_for_assignment/A_380_2022377_10484831_237LGHLT3_L5_R2.fastq.gz	268724	266444
2022378	1	2025Sept-Jess-Msa-03	237LGHLT3	ILLUMINA	5	2022378	TCGGAGTT+ACTCTACA	data/samples_for_assignment/A_381_2022378_10484831_237LGHLT3_L5_R1.fastq.gz	data/samples_for_assignment/A_381_2022378_10484831_237LGHLT3_L5_R2.fastq.gz	5413	5377
2022379	1	2025Sept-Jess-Msa-03	237LGHLT3	ILLUMINA	5	2022379	AATATTCA+GCGTTGGT	data/samples_for_assignment/A_382_2022379_10484831_237LGHLT3_L5_R1.fastq.gz	data/samples_for_assignment/A_382_2022379_10484831_237LGHLT3_L5_R2.fastq.gz	170690	170320
2022380	1	2025Sept-Jess-Msa-03	237LGHLT3	ILLUMINA	5	2022380	ATGCGGTT+TGTGCTAA	data/samples_for_assignment/A_383_2022380_10484831_237LGHLT3_L5_R1.fastq.gz	data/samples_for_assignment/A_383_2022380_10484831_237LGHLT3_L5_R2.fastq.gz	335106	333036
neg4	1	2025Sept-Jess-Msa-03	237LGHLT3	ILLUMINA	5	neg4	GACGGAGC+CTTATACC	data/samples_for_assignment/A_384_neg4_10484831_237LGHLT3_L5_R1.fastq.gz	data/samples_for_assignment/A_384_neg4_10484831_237LGHLT3_L5_R2.fastq.gz	180	178
2022381	1	2025Sept-Jess-Msa-04	237LGHLT3	ILLUMINA	5	2022381	TTCCATCT+TATCATGA	data/samples_for_assignment/A_385_2022381_10484831_237LGHLT3_L5_R1.fastq.gz	data/samples_for_assignment/A_385_2022381_10484831_237LGHLT3_L5_R2.fastq.gz	252603	251126
2022382	1	2025Sept-Jess-Msa-04	237LGHLT3	ILLUMINA	5	2022382	AACGGTGT+CTCACACA	data/samples_for_assignment/A_386_2022382_10484831_237LGHLT3_L5_R1.fastq.gz	data/samples_for_assignment/A_386_2022382_10484831_237LGHLT3_L5_R2.fastq.gz	206542	202878
2022383	1	2025Sept-Jess-Msa-04	237LGHLT3	ILLUMINA	5	2022383	TTGTTATC+GAATTGAG	data/samples_for_assignment/A_387_2022383_10484831_237LGHLT3_L5_R1.fastq.gz	data/samples_for_assignment/A_387_2022383_10484831_237LGHLT3_L5_R2.fastq.gz	164443	163891
2022384	1	2025Sept-Jess-Msa-04	237LGHLT3	ILLUMINA	5	2022384	TATGCGAT+CGGATTAT	data/samples_for_assignment/A_388_2022384_10484831_237LGHLT3_L5_R1.fastq.gz	data/samples_for_assignment/A_388_2022384_10484831_237LGHLT3_L5_R2.fastq.gz	127746	126970
2022385	1	2025Sept-Jess-Msa-04	237LGHLT3	ILLUMINA	5	2022385	TGACAATC+TTGAAGCA	data/samples_for_assignment/A_389_2022385_10484831_237LGHLT3_L5_R1.fastq.gz	data/samples_for_assignment/A_389_2022385_10484831_237LGHLT3_L5_R2.fastq.gz	78393	77082
2022386	1	2025Sept-Jess-Msa-04	237LGHLT3	ILLUMINA	5	2022386	GTTGTTGG+TACGGCGA	data/samples_for_assignment/A_390_2022386_10484831_237LGHLT3_L5_R1.fastq.gz	data/samples_for_assignment/A_390_2022386_10484831_237LGHLT3_L5_R2.fastq.gz	154833	156703
2022387	1	2025Sept-Jess-Msa-04	237LGHLT3	ILLUMINA	5	2022387	GCGTTCGC+TCTCCATT	data/samples_for_assignment/A_391_2022387_10484831_237LGHLT3_L5_R1.fastq.gz	data/samples_for_assignment/A_391_2022387_10484831_237LGHLT3_L5_R2.fastq.gz	61096	60536
2022388	1	2025Sept-Jess-Msa-04	237LGHLT3	ILLUMINA	5	2022388	CCACCGCT+CGAGACCA	data/samples_for_assignment/A_392_2022388_10484831_237LGHLT3_L5_R1.fastq.gz	data/samples_for_assignment/A_392_2022388_10484831_237LGHLT3_L5_R2.fastq.gz	205336	202933
2022389	1	2025Sept-Jess-Msa-04	237LGHLT3	ILLUMINA	5	2022389	TGTTCGTC+TGCTGGAC	data/samples_for_assignment/A_393_2022389_10484831_237LGHLT3_L5_R1.fastq.gz	data/samples_for_assignment/A_393_2022389_10484831_237LGHLT3_L5_R2.fastq.gz	37779	37362
2022390	1	2025Sept-Jess-Msa-04	237LGHLT3	ILLUMINA	5	2022390	CGAATATA+GATGGTAT	data/samples_for_assignment/A_394_2022390_10484831_237LGHLT3_L5_R1.fastq.gz	data/samples_for_assignment/A_394_2022390_10484831_237LGHLT3_L5_R2.fastq.gz	191170	190253
2022391	1	2025Sept-Jess-Msa-04	237LGHLT3	ILLUMINA	5	2022391	TCGTCGCG+GGCTTAAT	data/samples_for_assignment/A_395_2022391_10484831_237LGHLT3_L5_R1.fastq.gz	data/samples_for_assignment/A_395_2022391_10484831_237LGHLT3_L5_R2.fastq.gz	79833	79192
2022392	1	2025Sept-Jess-Msa-04	237LGHLT3	ILLUMINA	5	2022392	TCCGAGGC+CTCGACTC	data/samples_for_assignment/A_396_2022392_10484831_237LGHLT3_L5_R1.fastq.gz	data/samples_for_assignment/A_396_2022392_10484831_237LGHLT3_L5_R2.fastq.gz	164567	139001
2022393	1	2025Sept-Jess-Msa-04	237LGHLT3	ILLUMINA	5	2022393	CTGTCTCA+TCTCGGAC	data/samples_for_assignment/A_397_2022393_10484831_237LGHLT3_L5_R1.fastq.gz	data/samples_for_assignment/A_397_2022393_10484831_237LGHLT3_L5_R2.fastq.gz	99322	94580
2022394	1	2025Sept-Jess-Msa-04	237LGHLT3	ILLUMINA	5	2022394	TGCGAACA+AGTCCGAG	data/samples_for_assignment/A_398_2022394_10484831_237LGHLT3_L5_R1.fastq.gz	data/samples_for_assignment/A_398_2022394_10484831_237LGHLT3_L5_R2.fastq.gz	105535	104570
2022395	1	2025Sept-Jess-Msa-04	237LGHLT3	ILLUMINA	5	2022395	TTCTTGGA+TACTCTGT	data/samples_for_assignment/A_399_2022395_10484831_237LGHLT3_L5_R1.fastq.gz	data/samples_for_assignment/A_399_2022395_10484831_237LGHLT3_L5_R2.fastq.gz	79010	78590
2022396	1	2025Sept-Jess-Msa-04	237LGHLT3	ILLUMINA	5	2022396	CCTACAGC+GCGACTCG	data/samples_for_assignment/A_400_2022396_10484831_237LGHLT3_L5_R1.fastq.gz	data/samples_for_assignment/A_400_2022396_10484831_237LGHLT3_L5_R2.fastq.gz	112135	112241
2022397	1	2025Sept-Jess-Msa-04	237LGHLT3	ILLUMINA	5	2022397	CCAGGTAT+CTAGGCAA	data/samples_for_assignment/A_401_2022397_10484831_237LGHLT3_L5_R1.fastq.gz	data/samples_for_assignment/A_401_2022397_10484831_237LGHLT3_L5_R2.fastq.gz	383648	371967
2022398	1	2025Sept-Jess-Msa-04	237LGHLT3	ILLUMINA	5	2022398	GGTCCAAC+TCATCCTC	data/samples_for_assignment/A_402_2022398_10484831_237LGHLT3_L5_R1.fastq.gz	data/samples_for_assignment/A_402_2022398_10484831_237LGHLT3_L5_R2.fastq.gz	210141	201869
2022399	1	2025Sept-Jess-Msa-04	237LGHLT3	ILLUMINA	5	2022399	AACTTGGT+GGTAAGAT	data/samples_for_assignment/A_403_2022399_10484831_237LGHLT3_L5_R1.fastq.gz	data/samples_for_assignment/A_403_2022399_10484831_237LGHLT3_L5_R2.fastq.gz	119657	119616
2022400	1	2025Sept-Jess-Msa-04	237LGHLT3	ILLUMINA	5	2022400	CGCCACAC+TAGACAAT	data/samples_for_assignment/A_404_2022400_10484831_237LGHLT3_L5_R1.fastq.gz	data/samples_for_assignment/A_404_2022400_10484831_237LGHLT3_L5_R2.fastq.gz	120214	119136
2022401	1	2025Sept-Jess-Msa-04	237LGHLT3	ILLUMINA	5	2022401	CTACTGCC+CAATGCTG	data/samples_for_assignment/A_405_2022401_10484831_237LGHLT3_L5_R1.fastq.gz	data/samples_for_assignment/A_405_2022401_10484831_237LGHLT3_L5_R2.fastq.gz	139976	139206
2022402	1	2025Sept-Jess-Msa-04	237LGHLT3	ILLUMINA	5	2022402	CCTTAATC+GTCACGGT	data/samples_for_assignment/A_406_2022402_10484831_237LGHLT3_L5_R1.fastq.gz	data/samples_for_assignment/A_406_2022402_10484831_237LGHLT3_L5_R2.fastq.gz	93038	90986
2022403	1	2025Sept-Jess-Msa-04	237LGHLT3	ILLUMINA	5	2022403	CACGAGAC+GGTGTACA	data/samples_for_assignment/A_407_2022403_10484831_237LGHLT3_L5_R1.fastq.gz	data/samples_for_assignment/A_407_2022403_10484831_237LGHLT3_L5_R2.fastq.gz	45935	45465
2022404	1	2025Sept-Jess-Msa-04	237LGHLT3	ILLUMINA	5	2022404	CTGGTTGT+TAATACGG	data/samples_for_assignment/A_408_2022404_10484831_237LGHLT3_L5_R1.fastq.gz	data/samples_for_assignment/A_408_2022404_10484831_237LGHLT3_L5_R2.fastq.gz	142736	141806
2022405	1	2025Sept-Jess-Msa-04	237LGHLT3	ILLUMINA	5	2022405	ATTCTGCT+CGAAGACG	data/samples_for_assignment/A_409_2022405_10484831_237LGHLT3_L5_R1.fastq.gz	data/samples_for_assignment/A_409_2022405_10484831_237LGHLT3_L5_R2.fastq.gz	52257	52364
2022406	1	2025Sept-Jess-Msa-04	237LGHLT3	ILLUMINA	5	2022406	CACGACTG+TCTCACGC	data/samples_for_assignment/A_410_2022406_10484831_237LGHLT3_L5_R1.fastq.gz	data/samples_for_assignment/A_410_2022406_10484831_237LGHLT3_L5_R2.fastq.gz	35979	34551
2022407	1	2025Sept-Jess-Msa-04	237LGHLT3	ILLUMINA	5	2022407	GGTTAGAC+TCGAATGG	data/samples_for_assignment/A_411_2022407_10484831_237LGHLT3_L5_R1.fastq.gz	data/samples_for_assignment/A_411_2022407_10484831_237LGHLT3_L5_R2.fastq.gz	43126	43252
2022408	1	2025Sept-Jess-Msa-04	237LGHLT3	ILLUMINA	5	2022408	CCGAGTTC+TGAACGCA	data/samples_for_assignment/A_412_2022408_10484831_237LGHLT3_L5_R1.fastq.gz	data/samples_for_assignment/A_412_2022408_10484831_237LGHLT3_L5_R2.fastq.gz	20371	20140
2022409	1	2025Sept-Jess-Msa-04	237LGHLT3	ILLUMINA	5	2022409	TGATAACT+CCGCTTAG	data/samples_for_assignment/A_413_2022409_10484831_237LGHLT3_L5_R1.fastq.gz	data/samples_for_assignment/A_413_2022409_10484831_237LGHLT3_L5_R2.fastq.gz	11399	11415
2022410	1	2025Sept-Jess-Msa-04	237LGHLT3	ILLUMINA	5	2022410	CTCGGACT+CACCGAGG	data/samples_for_assignment/A_414_2022410_10484831_237LGHLT3_L5_R1.fastq.gz	data/samples_for_assignment/A_414_2022410_10484831_237LGHLT3_L5_R2.fastq.gz	1009	967
2022411	1	2025Sept-Jess-Msa-04	237LGHLT3	ILLUMINA	5	2022411	GGAACTGT+ATTCATTG	data/samples_for_assignment/A_415_2022411_10484831_237LGHLT3_L5_R1.fastq.gz	data/samples_for_assignment/A_415_2022411_10484831_237LGHLT3_L5_R2.fastq.gz	37791	37590
2022412	1	2025Sept-Jess-Msa-04	237LGHLT3	ILLUMINA	5	2022412	TCGGATAA+TCATGTCC	data/samples_for_assignment/A_416_2022412_10484831_237LGHLT3_L5_R1.fastq.gz	data/samples_for_assignment/A_416_2022412_10484831_237LGHLT3_L5_R2.fastq.gz	1399	1353
2022413	1	2025Sept-Jess-Msa-04	237LGHLT3	ILLUMINA	5	2022413	TAGACTAT+AATTCGAT	data/samples_for_assignment/A_417_2022413_10484831_237LGHLT3_L5_R1.fastq.gz	data/samples_for_assignment/A_417_2022413_10484831_237LGHLT3_L5_R2.fastq.gz	408828	407559
2022414	1	2025Sept-Jess-Msa-04	237LGHLT3	ILLUMINA	5	2022414	TACCGCAC+AGCTCTCA	data/samples_for_assignment/A_418_2022414_10484831_237LGHLT3_L5_R1.fastq.gz	data/samples_for_assignment/A_418_2022414_10484831_237LGHLT3_L5_R2.fastq.gz	71835	71149
2022415	1	2025Sept-Jess-Msa-04	237LGHLT3	ILLUMINA	5	2022415	AGGATATC+TCTGGAAT	data/samples_for_assignment/A_419_2022415_10484831_237LGHLT3_L5_R1.fastq.gz	data/samples_for_assignment/A_419_2022415_10484831_237LGHLT3_L5_R2.fastq.gz	163518	163401
2022416	1	2025Sept-Jess-Msa-04	237LGHLT3	ILLUMINA	5	2022416	ATACGCGA+ATTAGTGG	data/samples_for_assignment/A_420_2022416_10484831_237LGHLT3_L5_R1.fastq.gz	data/samples_for_assignment/A_420_2022416_10484831_237LGHLT3_L5_R2.fastq.gz	120545	120042
2022417	1	2025Sept-Jess-Msa-04	237LGHLT3	ILLUMINA	5	2022417	CTTAGAAT+CGTTCGGA	data/samples_for_assignment/A_421_2022417_10484831_237LGHLT3_L5_R1.fastq.gz	data/samples_for_assignment/A_421_2022417_10484831_237LGHLT3_L5_R2.fastq.gz	176148	175633
2022418	1	2025Sept-Jess-Msa-04	237LGHLT3	ILLUMINA	5	2022418	GAAGCGCT+TGGTATAC	data/samples_for_assignment/A_422_2022418_10484831_237LGHLT3_L5_R1.fastq.gz	data/samples_for_assignment/A_422_2022418_10484831_237LGHLT3_L5_R2.fastq.gz	130507	127204
2022419	1	2025Sept-Jess-Msa-04	237LGHLT3	ILLUMINA	5	2022419	CTATCAAC+GCTCTCGT	data/samples_for_assignment/A_423_2022419_10484831_237LGHLT3_L5_R1.fastq.gz	data/samples_for_assignment/A_423_2022419_10484831_237LGHLT3_L5_R2.fastq.gz	190367	190221
2022420	1	2025Sept-Jess-Msa-04	237LGHLT3	ILLUMINA	5	2022420	GTTCGGTA+CTGTGAGC	data/samples_for_assignment/A_424_2022420_10484831_237LGHLT3_L5_R1.fastq.gz	data/samples_for_assignment/A_424_2022420_10484831_237LGHLT3_L5_R2.fastq.gz	291847	287931
2022421	1	2025Sept-Jess-Msa-04	237LGHLT3	ILLUMINA	5	2022421	GCATAACC+TCACAGAT	data/samples_for_assignment/A_425_2022421_10484831_237LGHLT3_L5_R1.fastq.gz	data/samples_for_assignment/A_425_2022421_10484831_237LGHLT3_L5_R2.fastq.gz	221628	220586
2022422	1	2025Sept-Jess-Msa-04	237LGHLT3	ILLUMINA	5	2022422	GTGGAAGC+AGAAGCCA	data/samples_for_assignment/A_426_2022422_10484831_237LGHLT3_L5_R1.fastq.gz	data/samples_for_assignment/A_426_2022422_10484831_237LGHLT3_L5_R2.fastq.gz	155963	155008
2022423	1	2025Sept-Jess-Msa-04	237LGHLT3	ILLUMINA	5	2022423	CCATATCT+AACATCTA	data/samples_for_assignment/A_427_2022423_10484831_237LGHLT3_L5_R1.fastq.gz	data/samples_for_assignment/A_427_2022423_10484831_237LGHLT3_L5_R2.fastq.gz	228801	228484
2022424	1	2025Sept-Jess-Msa-04	237LGHLT3	ILLUMINA	5	2022424	TTCATATT+CCTTACTA	data/samples_for_assignment/A_428_2022424_10484831_237LGHLT3_L5_R1.fastq.gz	data/samples_for_assignment/A_428_2022424_10484831_237LGHLT3_L5_R2.fastq.gz	405969	404442
2022425	1	2025Sept-Jess-Msa-04	237LGHLT3	ILLUMINA	5	2022425	GGTATCTG+GTGGCGAG	data/samples_for_assignment/A_429_2022425_10484831_237LGHLT3_L5_R1.fastq.gz	data/samples_for_assignment/A_429_2022425_10484831_237LGHLT3_L5_R2.fastq.gz	265549	265748
2022426	1	2025Sept-Jess-Msa-04	237LGHLT3	ILLUMINA	5	2022426	ACGGCCGT+GCCAGATC	data/samples_for_assignment/A_430_2022426_10484831_237LGHLT3_L5_R1.fastq.gz	data/samples_for_assignment/A_430_2022426_10484831_237LGHLT3_L5_R2.fastq.gz	73149	68539
2022427	1	2025Sept-Jess-Msa-04	237LGHLT3	ILLUMINA	5	2022427	GTAATTAC+ACACAATA	data/samples_for_assignment/A_431_2022427_10484831_237LGHLT3_L5_R1.fastq.gz	data/samples_for_assignment/A_431_2022427_10484831_237LGHLT3_L5_R2.fastq.gz	152208	151913
2022428	1	2025Sept-Jess-Msa-04	237LGHLT3	ILLUMINA	5	2022428	CCACTAAT+CCTTCACG	data/samples_for_assignment/A_432_2022428_10484831_237LGHLT3_L5_R1.fastq.gz	data/samples_for_assignment/A_432_2022428_10484831_237LGHLT3_L5_R2.fastq.gz	203324	202715
2022429	1	2025Sept-Jess-Msa-04	237LGHLT3	ILLUMINA	5	2022429	AGTTAGCA+TTATGCGC	data/samples_for_assignment/A_433_2022429_10484831_237LGHLT3_L5_R1.fastq.gz	data/samples_for_assignment/A_433_2022429_10484831_237LGHLT3_L5_R2.fastq.gz	378875	367917
2022430	1	2025Sept-Jess-Msa-04	237LGHLT3	ILLUMINA	5	2022430	AGGTCTTA+TCTCAGTA	data/samples_for_assignment/A_434_2022430_10484831_237LGHLT3_L5_R1.fastq.gz	data/samples_for_assignment/A_434_2022430_10484831_237LGHLT3_L5_R2.fastq.gz	311696	310837
2022431	1	2025Sept-Jess-Msa-04	237LGHLT3	ILLUMINA	5	2022431	AACGCGGA+AGTATACG	data/samples_for_assignment/A_435_2022431_10484831_237LGHLT3_L5_R1.fastq.gz	data/samples_for_assignment/A_435_2022431_10484831_237LGHLT3_L5_R2.fastq.gz	274464	273084
2022432	1	2025Sept-Jess-Msa-04	237LGHLT3	ILLUMINA	5	2022432	TGCAACCT+TACACGCT	data/samples_for_assignment/A_436_2022432_10484831_237LGHLT3_L5_R1.fastq.gz	data/samples_for_assignment/A_436_2022432_10484831_237LGHLT3_L5_R2.fastq.gz	99080	98283
2022433	1	2025Sept-Jess-Msa-04	237LGHLT3	ILLUMINA	5	2022433	CATGGTTC+TCCGATAG	data/samples_for_assignment/A_437_2022433_10484831_237LGHLT3_L5_R1.fastq.gz	data/samples_for_assignment/A_437_2022433_10484831_237LGHLT3_L5_R2.fastq.gz	263046	261912
2022434	1	2025Sept-Jess-Msa-04	237LGHLT3	ILLUMINA	5	2022434	CTAGACCA+CTCAAGGC	data/samples_for_assignment/A_438_2022434_10484831_237LGHLT3_L5_R1.fastq.gz	data/samples_for_assignment/A_438_2022434_10484831_237LGHLT3_L5_R2.fastq.gz	166673	151542
2022435	1	2025Sept-Jess-Msa-04	237LGHLT3	ILLUMINA	5	2022435	GGCGTGCC+TTCCGCAA	data/samples_for_assignment/A_439_2022435_10484831_237LGHLT3_L5_R1.fastq.gz	data/samples_for_assignment/A_439_2022435_10484831_237LGHLT3_L5_R2.fastq.gz	91654	90496
2022436	1	2025Sept-Jess-Msa-04	237LGHLT3	ILLUMINA	5	2022436	GTCCAGCA+CCTGAACC	data/samples_for_assignment/A_440_2022436_10484831_237LGHLT3_L5_R1.fastq.gz	data/samples_for_assignment/A_440_2022436_10484831_237LGHLT3_L5_R2.fastq.gz	293328	285377
2022437	1	2025Sept-Jess-Msa-04	237LGHLT3	ILLUMINA	5	2022437	GTATTAAT+GAGATAAC	data/samples_for_assignment/A_441_2022437_10484831_237LGHLT3_L5_R1.fastq.gz	data/samples_for_assignment/A_441_2022437_10484831_237LGHLT3_L5_R2.fastq.gz	305787	299242
2022438	1	2025Sept-Jess-Msa-04	237LGHLT3	ILLUMINA	5	2022438	TGTGACTA+ATGCACCT	data/samples_for_assignment/A_442_2022438_10484831_237LGHLT3_L5_R1.fastq.gz	data/samples_for_assignment/A_442_2022438_10484831_237LGHLT3_L5_R2.fastq.gz	94825	93516
2022439	1	2025Sept-Jess-Msa-04	237LGHLT3	ILLUMINA	5	2022439	GCATCTTG+TACTGCAG	data/samples_for_assignment/A_443_2022439_10484831_237LGHLT3_L5_R1.fastq.gz	data/samples_for_assignment/A_443_2022439_10484831_237LGHLT3_L5_R2.fastq.gz	128638	127325
2022440	1	2025Sept-Jess-Msa-04	237LGHLT3	ILLUMINA	5	2022440	AGTCTCGT+GTTCACAA	data/samples_for_assignment/A_444_2022440_10484831_237LGHLT3_L5_R1.fastq.gz	data/samples_for_assignment/A_444_2022440_10484831_237LGHLT3_L5_R2.fastq.gz	134854	134904
2022441	1	2025Sept-Jess-Msa-04	237LGHLT3	ILLUMINA	5	2022441	CGCCATTG+GGCTCTTG	data/samples_for_assignment/A_445_2022441_10484831_237LGHLT3_L5_R1.fastq.gz	data/samples_for_assignment/A_445_2022441_10484831_237LGHLT3_L5_R2.fastq.gz	40904	40603
2022442	1	2025Sept-Jess-Msa-04	237LGHLT3	ILLUMINA	5	2022442	CGAATTAG+AGACGCTG	data/samples_for_assignment/A_446_2022442_10484831_237LGHLT3_L5_R1.fastq.gz	data/samples_for_assignment/A_446_2022442_10484831_237LGHLT3_L5_R2.fastq.gz	1	1
2022443	1	2025Sept-Jess-Msa-04	237LGHLT3	ILLUMINA	5	2022443	AGACCATG+CGTAATAG	data/samples_for_assignment/A_447_2022443_10484831_237LGHLT3_L5_R1.fastq.gz	data/samples_for_assignment/A_447_2022443_10484831_237LGHLT3_L5_R2.fastq.gz	19662	19622
2022444	1	2025Sept-Jess-Msa-04	237LGHLT3	ILLUMINA	5	2022444	CACAGTAT+ACGCTGTC	data/samples_for_assignment/A_448_2022444_10484831_237LGHLT3_L5_R1.fastq.gz	data/samples_for_assignment/A_448_2022444_10484831_237LGHLT3_L5_R2.fastq.gz	23762	19197
2022445	1	2025Sept-Jess-Msa-04	237LGHLT3	ILLUMINA	5	2022445	TTGTCGGC+CACTCTCC	data/samples_for_assignment/A_449_2022445_10484831_237LGHLT3_L5_R1.fastq.gz	data/samples_for_assignment/A_449_2022445_10484831_237LGHLT3_L5_R2.fastq.gz	17480	17067
2022446	1	2025Sept-Jess-Msa-04	237LGHLT3	ILLUMINA	5	2022446	GTTATATC+CGCTTCTG	data/samples_for_assignment/A_450_2022446_10484831_237LGHLT3_L5_R1.fastq.gz	data/samples_for_assignment/A_450_2022446_10484831_237LGHLT3_L5_R2.fastq.gz	186	187
2022447	1	2025Sept-Jess-Msa-04	237LGHLT3	ILLUMINA	5	2022447	ACCGGCGA+GGTGTCTT	data/samples_for_assignment/A_451_2022447_10484831_237LGHLT3_L5_R1.fastq.gz	data/samples_for_assignment/A_451_2022447_10484831_237LGHLT3_L5_R2.fastq.gz	101763	92666
2022448	1	2025Sept-Jess-Msa-04	237LGHLT3	ILLUMINA	5	2022448	GAGAGTCT+GAATTCTC	data/samples_for_assignment/A_452_2022448_10484831_237LGHLT3_L5_R1.fastq.gz	data/samples_for_assignment/A_452_2022448_10484831_237LGHLT3_L5_R2.fastq.gz	57651	55368
2022449	1	2025Sept-Jess-Msa-04	237LGHLT3	ILLUMINA	5	2022449	TATGTCTC+GCACTAGA	data/samples_for_assignment/A_453_2022449_10484831_237LGHLT3_L5_R1.fastq.gz	data/samples_for_assignment/A_453_2022449_10484831_237LGHLT3_L5_R2.fastq.gz	182	183
2022450	1	2025Sept-Jess-Msa-04	237LGHLT3	ILLUMINA	5	2022450	AATGATAC+TCCACCTT	data/samples_for_assignment/A_454_2022450_10484831_237LGHLT3_L5_R1.fastq.gz	data/samples_for_assignment/A_454_2022450_10484831_237LGHLT3_L5_R2.fastq.gz	40450	40349
2022451	1	2025Sept-Jess-Msa-04	237LGHLT3	ILLUMINA	5	2022451	CTAAGCGG+TTGAGTCT	data/samples_for_assignment/A_455_2022451_10484831_237LGHLT3_L5_R1.fastq.gz	data/samples_for_assignment/A_455_2022451_10484831_237LGHLT3_L5_R2.fastq.gz	26245	26062
2022452	1	2025Sept-Jess-Msa-04	237LGHLT3	ILLUMINA	5	2022452	ATCTGTGA+TTCGTTGT	data/samples_for_assignment/A_456_2022452_10484831_237LGHLT3_L5_R1.fastq.gz	data/samples_for_assignment/A_456_2022452_10484831_237LGHLT3_L5_R2.fastq.gz	52304	52089
2022453	1	2025Sept-Jess-Msa-04	237LGHLT3	ILLUMINA	5	2022453	GGACAAGT+TTGGTCAC	data/samples_for_assignment/A_457_2022453_10484831_237LGHLT3_L5_R1.fastq.gz	data/samples_for_assignment/A_457_2022453_10484831_237LGHLT3_L5_R2.fastq.gz	120013	117163
2022454	1	2025Sept-Jess-Msa-04	237LGHLT3	ILLUMINA	5	2022454	ATTAAGTG+AGACTTAG	data/samples_for_assignment/A_458_2022454_10484831_237LGHLT3_L5_R1.fastq.gz	data/samples_for_assignment/A_458_2022454_10484831_237LGHLT3_L5_R2.fastq.gz	6310	6306
2022455	1	2025Sept-Jess-Msa-04	237LGHLT3	ILLUMINA	5	2022455	CTGGAATG+ATATGGGA	data/samples_for_assignment/A_459_2022455_10484831_237LGHLT3_L5_R1.fastq.gz	data/samples_for_assignment/A_459_2022455_10484831_237LGHLT3_L5_R2.fastq.gz	48560	49911
2022456	1	2025Sept-Jess-Msa-04	237LGHLT3	ILLUMINA	5	2022456	ATAACGAG+ATTGTCCA	data/samples_for_assignment/A_460_2022456_10484831_237LGHLT3_L5_R1.fastq.gz	data/samples_for_assignment/A_460_2022456_10484831_237LGHLT3_L5_R2.fastq.gz	54857	54457
2022457	1	2025Sept-Jess-Msa-04	237LGHLT3	ILLUMINA	5	2022457	TGGCTTCT+ACAAACTG	data/samples_for_assignment/A_461_2022457_10484831_237LGHLT3_L5_R1.fastq.gz	data/samples_for_assignment/A_461_2022457_10484831_237LGHLT3_L5_R2.fastq.gz	81528	81099
2022458	1	2025Sept-Jess-Msa-04	237LGHLT3	ILLUMINA	5	2022458	ACCGATTA+GAAGAGGG	data/samples_for_assignment/A_462_2022458_10484831_237LGHLT3_L5_R1.fastq.gz	data/samples_for_assignment/A_462_2022458_10484831_237LGHLT3_L5_R2.fastq.gz	12471	12493
2022459	1	2025Sept-Jess-Msa-04	237LGHLT3	ILLUMINA	5	2022459	TGGTCCGG+GATCGGTC	data/samples_for_assignment/A_463_2022459_10484831_237LGHLT3_L5_R1.fastq.gz	data/samples_for_assignment/A_463_2022459_10484831_237LGHLT3_L5_R2.fastq.gz	3007	2619
2022460	1	2025Sept-Jess-Msa-04	237LGHLT3	ILLUMINA	5	2022460	TCTAAGTC+GGATGAAA	data/samples_for_assignment/A_464_2022460_10484831_237LGHLT3_L5_R1.fastq.gz	data/samples_for_assignment/A_464_2022460_10484831_237LGHLT3_L5_R2.fastq.gz	49604	49315
2022461	1	2025Sept-Jess-Msa-04	237LGHLT3	ILLUMINA	5	2022461	GTGCATTC+TAGATCGC	data/samples_for_assignment/A_465_2022461_10484831_237LGHLT3_L5_R1.fastq.gz	data/samples_for_assignment/A_465_2022461_10484831_237LGHLT3_L5_R2.fastq.gz	74947	72369
2022462	1	2025Sept-Jess-Msa-04	237LGHLT3	ILLUMINA	5	2022462	GATACACG+TATCCTCT	data/samples_for_assignment/A_466_2022462_10484831_237LGHLT3_L5_R1.fastq.gz	data/samples_for_assignment/A_466_2022462_10484831_237LGHLT3_L5_R2.fastq.gz	45467	44147
2022463	1	2025Sept-Jess-Msa-04	237LGHLT3	ILLUMINA	5	2022463	CAATGAAT+AGAGTAGA	data/samples_for_assignment/A_467_2022463_10484831_237LGHLT3_L5_R1.fastq.gz	data/samples_for_assignment/A_467_2022463_10484831_237LGHLT3_L5_R2.fastq.gz	5552	5585
2022464	1	2025Sept-Jess-Msa-04	237LGHLT3	ILLUMINA	5	2022464	GAGTCGAG+GTAAGGAG	data/samples_for_assignment/A_468_2022464_10484831_237LGHLT3_L5_R1.fastq.gz	data/samples_for_assignment/A_468_2022464_10484831_237LGHLT3_L5_R2.fastq.gz	4927	4932
2022465	1	2025Sept-Jess-Msa-04	237LGHLT3	ILLUMINA	5	2022465	ACGAGAGC+ACTGCATA	data/samples_for_assignment/A_469_2022465_10484831_237LGHLT3_L5_R1.fastq.gz	data/samples_for_assignment/A_469_2022465_10484831_237LGHLT3_L5_R2.fastq.gz	12309	12239
2022466	1	2025Sept-Jess-Msa-04	237LGHLT3	ILLUMINA	5	2022466	TGAGGTCC+AAGGAGTA	data/samples_for_assignment/A_470_2022466_10484831_237LGHLT3_L5_R1.fastq.gz	data/samples_for_assignment/A_470_2022466_10484831_237LGHLT3_L5_R2.fastq.gz	37590	37306
2022467	1	2025Sept-Jess-Msa-04	237LGHLT3	ILLUMINA	5	2022467	AGAGACTC+CGTCTAAT	data/samples_for_assignment/A_471_2022467_10484831_237LGHLT3_L5_R1.fastq.gz	data/samples_for_assignment/A_471_2022467_10484831_237LGHLT3_L5_R2.fastq.gz	43361	43312
2022468	1	2025Sept-Jess-Msa-04	237LGHLT3	ILLUMINA	5	2022468	GCTCCGTT+TCTCTCCG	data/samples_for_assignment/A_472_2022468_10484831_237LGHLT3_L5_R1.fastq.gz	data/samples_for_assignment/A_472_2022468_10484831_237LGHLT3_L5_R2.fastq.gz	82472	81987
2022469	1	2025Sept-Jess-Msa-04	237LGHLT3	ILLUMINA	5	2022469	ACATCACA+TCGACTAG	data/samples_for_assignment/A_473_2022469_10484831_237LGHLT3_L5_R1.fastq.gz	data/samples_for_assignment/A_473_2022469_10484831_237LGHLT3_L5_R2.fastq.gz	91083	90909
2022470	1	2025Sept-Jess-Msa-04	237LGHLT3	ILLUMINA	5	2022470	AAGACAAG+TTCTAGCT	data/samples_for_assignment/A_474_2022470_10484831_237LGHLT3_L5_R1.fastq.gz	data/samples_for_assignment/A_474_2022470_10484831_237LGHLT3_L5_R2.fastq.gz	48528	47742
2022471	1	2025Sept-Jess-Msa-04	237LGHLT3	ILLUMINA	5	2022471	CTCGTGCA+CCTAGAGT	data/samples_for_assignment/A_475_2022471_10484831_237LGHLT3_L5_R1.fastq.gz	data/samples_for_assignment/A_475_2022471_10484831_237LGHLT3_L5_R2.fastq.gz	17457	17265
2022472	1	2025Sept-Jess-Msa-04	237LGHLT3	ILLUMINA	5	2022472	AATAGCAC+GCGTAAGA	data/samples_for_assignment/A_476_2022472_10484831_237LGHLT3_L5_R1.fastq.gz	data/samples_for_assignment/A_476_2022472_10484831_237LGHLT3_L5_R2.fastq.gz	43404	43211
2022473	1	2025Sept-Jess-Msa-04	237LGHLT3	ILLUMINA	5	2022473	CACTAAGG+CTATTAAG	data/samples_for_assignment/A_477_2022473_10484831_237LGHLT3_L5_R1.fastq.gz	data/samples_for_assignment/A_477_2022473_10484831_237LGHLT3_L5_R2.fastq.gz	52107	51744
2022474	1	2025Sept-Jess-Msa-04	237LGHLT3	ILLUMINA	5	2022474	GTCGGCAT+AAGGCTAT	data/samples_for_assignment/A_478_2022474_10484831_237LGHLT3_L5_R1.fastq.gz	data/samples_for_assignment/A_478_2022474_10484831_237LGHLT3_L5_R2.fastq.gz	23348	23311
2022475	1	2025Sept-Jess-Msa-04	237LGHLT3	ILLUMINA	5	2022475	GACGCTAG+GAGCCTTA	data/samples_for_assignment/A_479_2022475_10484831_237LGHLT3_L5_R1.fastq.gz	data/samples_for_assignment/A_479_2022475_10484831_237LGHLT3_L5_R2.fastq.gz	222677	220696
neg5	1	2025Sept-Jess-Msa-04	237LGHLT3	ILLUMINA	5	neg5	CGTAGGCA+TTATGCGA	data/samples_for_assignment/A_480_neg5_10484831_237LGHLT3_L5_R1.fastq.gz	data/samples_for_assignment/A_480_neg5_10484831_237LGHLT3_L5_R2.fastq.gz	207	206
2022476	1	2025Sept-Jess-Msa-05	237LGHLT3	ILLUMINA	5	2022476	GTTCTAGT+CTACAAGA	data/samples_for_assignment/A_481_2022476_10484831_237LGHLT3_L5_R1.fastq.gz	data/samples_for_assignment/A_481_2022476_10484831_237LGHLT3_L5_R2.fastq.gz	264242	265129
2022477	1	2025Sept-Jess-Msa-05	237LGHLT3	ILLUMINA	5	2022477	AAGAGGTG+TATAGTAG	data/samples_for_assignment/A_482_2022477_10484831_237LGHLT3_L5_R1.fastq.gz	data/samples_for_assignment/A_482_2022477_10484831_237LGHLT3_L5_R2.fastq.gz	196900	196272
2022478	1	2025Sept-Jess-Msa-05	237LGHLT3	ILLUMINA	5	2022478	GATCTGGC+TGCCTGGT	data/samples_for_assignment/A_483_2022478_10484831_237LGHLT3_L5_R1.fastq.gz	data/samples_for_assignment/A_483_2022478_10484831_237LGHLT3_L5_R2.fastq.gz	260320	260199
2022479	1	2025Sept-Jess-Msa-05	237LGHLT3	ILLUMINA	5	2022479	GAATCCAA+ACATTATC	data/samples_for_assignment/A_484_2022479_10484831_237LGHLT3_L5_R1.fastq.gz	data/samples_for_assignment/A_484_2022479_10484831_237LGHLT3_L5_R2.fastq.gz	363903	340450
2022480	1	2025Sept-Jess-Msa-05	237LGHLT3	ILLUMINA	5	2022480	CGGCTAGT+GTCCACTT	data/samples_for_assignment/A_485_2022480_10484831_237LGHLT3_L5_R1.fastq.gz	data/samples_for_assignment/A_485_2022480_10484831_237LGHLT3_L5_R2.fastq.gz	132600	132333
2022481	1	2025Sept-Jess-Msa-05	237LGHLT3	ILLUMINA	5	2022481	GCTTGCCG+GTTGATAG	data/samples_for_assignment/A_486_2022481_10484831_237LGHLT3_L5_R1.fastq.gz	data/samples_for_assignment/A_486_2022481_10484831_237LGHLT3_L5_R2.fastq.gz	81239	78181
2022482	1	2025Sept-Jess-Msa-05	237LGHLT3	ILLUMINA	5	2022482	CCTGTTGC+ACCAGCGA	data/samples_for_assignment/A_487_2022482_10484831_237LGHLT3_L5_R1.fastq.gz	data/samples_for_assignment/A_487_2022482_10484831_237LGHLT3_L5_R2.fastq.gz	214714	212175
2022483	1	2025Sept-Jess-Msa-05	237LGHLT3	ILLUMINA	5	2022483	TGACTGGT+CATACACT	data/samples_for_assignment/A_488_2022483_10484831_237LGHLT3_L5_R1.fastq.gz	data/samples_for_assignment/A_488_2022483_10484831_237LGHLT3_L5_R2.fastq.gz	231621	229226
2022484	1	2025Sept-Jess-Msa-05	237LGHLT3	ILLUMINA	5	2022484	GATTCCGG+GTGTGGCG	data/samples_for_assignment/A_489_2022484_10484831_237LGHLT3_L5_R1.fastq.gz	data/samples_for_assignment/A_489_2022484_10484831_237LGHLT3_L5_R2.fastq.gz	169579	170447
2022485	1	2025Sept-Jess-Msa-05	237LGHLT3	ILLUMINA	5	2022485	TAAGGTGG+ATCACGAA	data/samples_for_assignment/A_490_2022485_10484831_237LGHLT3_L5_R1.fastq.gz	data/samples_for_assignment/A_490_2022485_10484831_237LGHLT3_L5_R2.fastq.gz	143581	143407
2022486	1	2025Sept-Jess-Msa-05	237LGHLT3	ILLUMINA	5	2022486	ACTGCAAC+CGGCTCTA	data/samples_for_assignment/A_491_2022486_10484831_237LGHLT3_L5_R1.fastq.gz	data/samples_for_assignment/A_491_2022486_10484831_237LGHLT3_L5_R2.fastq.gz	88891	88606
2022487	1	2025Sept-Jess-Msa-05	237LGHLT3	ILLUMINA	5	2022487	AACGCACC+TCGGCAGC	data/samples_for_assignment/A_492_2022487_10484831_237LGHLT3_L5_R1.fastq.gz	data/samples_for_assignment/A_492_2022487_10484831_237LGHLT3_L5_R2.fastq.gz	97633	95777
2022488	1	2025Sept-Jess-Msa-05	237LGHLT3	ILLUMINA	5	2022488	TTACGCCG+GGCCTGTC	data/samples_for_assignment/A_493_2022488_10484831_237LGHLT3_L5_R1.fastq.gz	data/samples_for_assignment/A_493_2022488_10484831_237LGHLT3_L5_R2.fastq.gz	66585	53511
2022489	1	2025Sept-Jess-Msa-05	237LGHLT3	ILLUMINA	5	2022489	CTGATGTC+CTGTGTTA	data/samples_for_assignment/A_494_2022489_10484831_237LGHLT3_L5_R1.fastq.gz	data/samples_for_assignment/A_494_2022489_10484831_237LGHLT3_L5_R2.fastq.gz	64609	64247
2022490	1	2025Sept-Jess-Msa-05	237LGHLT3	ILLUMINA	5	2022490	AGGAGGAA+TAAGGAAC	data/samples_for_assignment/A_495_2022490_10484831_237LGHLT3_L5_R1.fastq.gz	data/samples_for_assignment/A_495_2022490_10484831_237LGHLT3_L5_R2.fastq.gz	114189	113028
2022491	1	2025Sept-Jess-Msa-05	237LGHLT3	ILLUMINA	5	2022491	CTTACACA+AATAGAGC	data/samples_for_assignment/A_496_2022491_10484831_237LGHLT3_L5_R1.fastq.gz	data/samples_for_assignment/A_496_2022491_10484831_237LGHLT3_L5_R2.fastq.gz	95224	91257
2022492	1	2025Sept-Jess-Msa-05	237LGHLT3	ILLUMINA	5	2022492	TGGACGCA+TCCGACCT	data/samples_for_assignment/A_497_2022492_10484831_237LGHLT3_L5_R1.fastq.gz	data/samples_for_assignment/A_497_2022492_10484831_237LGHLT3_L5_R2.fastq.gz	100753	100250
2022493	1	2025Sept-Jess-Msa-05	237LGHLT3	ILLUMINA	5	2022493	ACGCACCT+CTTATGGA	data/samples_for_assignment/A_498_2022493_10484831_237LGHLT3_L5_R1.fastq.gz	data/samples_for_assignment/A_498_2022493_10484831_237LGHLT3_L5_R2.fastq.gz	32064	32024
2022494	1	2025Sept-Jess-Msa-05	237LGHLT3	ILLUMINA	5	2022494	CTGGCCAA+GCTTACGG	data/samples_for_assignment/A_499_2022494_10484831_237LGHLT3_L5_R1.fastq.gz	data/samples_for_assignment/A_499_2022494_10484831_237LGHLT3_L5_R2.fastq.gz	86515	85745
2022495	1	2025Sept-Jess-Msa-05	237LGHLT3	ILLUMINA	5	2022495	TCTGGCCT+GAACATAC	data/samples_for_assignment/A_500_2022495_10484831_237LGHLT3_L5_R1.fastq.gz	data/samples_for_assignment/A_500_2022495_10484831_237LGHLT3_L5_R2.fastq.gz	66252	64520
2022496	1	2025Sept-Jess-Msa-05	237LGHLT3	ILLUMINA	5	2022496	TTAATGCT+GTCGATTA	data/samples_for_assignment/A_501_2022496_10484831_237LGHLT3_L5_R1.fastq.gz	data/samples_for_assignment/A_501_2022496_10484831_237LGHLT3_L5_R2.fastq.gz	90948	90700
2022497	1	2025Sept-Jess-Msa-05	237LGHLT3	ILLUMINA	5	2022497	TGAGTAAT+ACTAGCCG	data/samples_for_assignment/A_502_2022497_10484831_237LGHLT3_L5_R1.fastq.gz	data/samples_for_assignment/A_502_2022497_10484831_237LGHLT3_L5_R2.fastq.gz	89943	89431
2022498	1	2025Sept-Jess-Msa-05	237LGHLT3	ILLUMINA	5	2022498	CTCTGCGC+TGGCAATA	data/samples_for_assignment/A_503_2022498_10484831_237LGHLT3_L5_R1.fastq.gz	data/samples_for_assignment/A_503_2022498_10484831_237LGHLT3_L5_R2.fastq.gz	24082	23955
2022499	1	2025Sept-Jess-Msa-05	237LGHLT3	ILLUMINA	5	2022499	GTATGGCG+TACCATCC	data/samples_for_assignment/A_504_2022499_10484831_237LGHLT3_L5_R1.fastq.gz	data/samples_for_assignment/A_504_2022499_10484831_237LGHLT3_L5_R2.fastq.gz	86926	83925
2022500	1	2025Sept-Jess-Msa-05	237LGHLT3	ILLUMINA	5	2022500	CATATAAC+GCTGTAGG	data/samples_for_assignment/A_505_2022500_10484831_237LGHLT3_L5_R1.fastq.gz	data/samples_for_assignment/A_505_2022500_10484831_237LGHLT3_L5_R2.fastq.gz	72360	72013
2022501	1	2025Sept-Jess-Msa-05	237LGHLT3	ILLUMINA	5	2022501	TGCGAGTG+CGCACTAA	data/samples_for_assignment/A_506_2022501_10484831_237LGHLT3_L5_R1.fastq.gz	data/samples_for_assignment/A_506_2022501_10484831_237LGHLT3_L5_R2.fastq.gz	62052	60941
2022502	1	2025Sept-Jess-Msa-05	237LGHLT3	ILLUMINA	5	2022502	GAGCCGGT+AGTGGTCA	data/samples_for_assignment/A_507_2022502_10484831_237LGHLT3_L5_R1.fastq.gz	data/samples_for_assignment/A_507_2022502_10484831_237LGHLT3_L5_R2.fastq.gz	53814	53377
2022503	1	2025Sept-Jess-Msa-05	237LGHLT3	ILLUMINA	5	2022503	CGGTCTAT+TTCTATGG	data/samples_for_assignment/A_508_2022503_10484831_237LGHLT3_L5_R1.fastq.gz	data/samples_for_assignment/A_508_2022503_10484831_237LGHLT3_L5_R2.fastq.gz	89300	89065
2022504	1	2025Sept-Jess-Msa-05	237LGHLT3	ILLUMINA	5	2022504	TCAACCAC+AATCCGGC	data/samples_for_assignment/A_509_2022504_10484831_237LGHLT3_L5_R1.fastq.gz	data/samples_for_assignment/A_509_2022504_10484831_237LGHLT3_L5_R2.fastq.gz	79069	77025
2022505	1	2025Sept-Jess-Msa-05	237LGHLT3	ILLUMINA	5	2022505	TATTCAGT+CCATAAGG	data/samples_for_assignment/A_510_2022505_10484831_237LGHLT3_L5_R1.fastq.gz	data/samples_for_assignment/A_510_2022505_10484831_237LGHLT3_L5_R2.fastq.gz	126950	127089
2022506	1	2025Sept-Jess-Msa-05	237LGHLT3	ILLUMINA	5	2022506	ATTATGGA+CTGGTACA	data/samples_for_assignment/A_511_2022506_10484831_237LGHLT3_L5_R1.fastq.gz	data/samples_for_assignment/A_511_2022506_10484831_237LGHLT3_L5_R2.fastq.gz	73869	73692
2022507	1	2025Sept-Jess-Msa-05	237LGHLT3	ILLUMINA	5	2022507	TGGTTAAG+TCAACGTG	data/samples_for_assignment/A_512_2022507_10484831_237LGHLT3_L5_R1.fastq.gz	data/samples_for_assignment/A_512_2022507_10484831_237LGHLT3_L5_R2.fastq.gz	92455	92421
2022508	1	2025Sept-Jess-Msa-05	237LGHLT3	ILLUMINA	5	2022508	CAGTTCTG+ACTGTTGT	data/samples_for_assignment/A_513_2022508_10484831_237LGHLT3_L5_R1.fastq.gz	data/samples_for_assignment/A_513_2022508_10484831_237LGHLT3_L5_R2.fastq.gz	202442	200225
2022509	1	2025Sept-Jess-Msa-05	237LGHLT3	ILLUMINA	5	2022509	TGAACCTG+AGCACATC	data/samples_for_assignment/A_514_2022509_10484831_237LGHLT3_L5_R1.fastq.gz	data/samples_for_assignment/A_514_2022509_10484831_237LGHLT3_L5_R2.fastq.gz	165286	148637
2022510	1	2025Sept-Jess-Msa-05	237LGHLT3	ILLUMINA	5	2022510	AACCTTGG+TTCCGTCG	data/samples_for_assignment/A_515_2022510_10484831_237LGHLT3_L5_R1.fastq.gz	data/samples_for_assignment/A_515_2022510_10484831_237LGHLT3_L5_R2.fastq.gz	144624	143058
2022511	1	2025Sept-Jess-Msa-05	237LGHLT3	ILLUMINA	5	2022511	TTCTCTCG+CTTAACCA	data/samples_for_assignment/A_516_2022511_10484831_237LGHLT3_L5_R1.fastq.gz	data/samples_for_assignment/A_516_2022511_10484831_237LGHLT3_L5_R2.fastq.gz	193382	191907
2022512	1	2025Sept-Jess-Msa-05	237LGHLT3	ILLUMINA	5	2022512	ACATTGCG+GCCTCGGA	data/samples_for_assignment/A_517_2022512_10484831_237LGHLT3_L5_R1.fastq.gz	data/samples_for_assignment/A_517_2022512_10484831_237LGHLT3_L5_R2.fastq.gz	240029	240840
2022513	1	2025Sept-Jess-Msa-05	237LGHLT3	ILLUMINA	5	2022513	GGTCTTAG+ATAGACCG	data/samples_for_assignment/A_518_2022513_10484831_237LGHLT3_L5_R1.fastq.gz	data/samples_for_assignment/A_518_2022513_10484831_237LGHLT3_L5_R2.fastq.gz	181548	173420
2022514	1	2025Sept-Jess-Msa-05	237LGHLT3	ILLUMINA	5	2022514	GGATGTAG+ACAGTTCC	data/samples_for_assignment/A_519_2022514_10484831_237LGHLT3_L5_R1.fastq.gz	data/samples_for_assignment/A_519_2022514_10484831_237LGHLT3_L5_R2.fastq.gz	77237	76838
2022515	1	2025Sept-Jess-Msa-05	237LGHLT3	ILLUMINA	5	2022515	TGAGCTAG+AGGCATGT	data/samples_for_assignment/A_520_2022515_10484831_237LGHLT3_L5_R1.fastq.gz	data/samples_for_assignment/A_520_2022515_10484831_237LGHLT3_L5_R2.fastq.gz	126625	125588
2022516	1	2025Sept-Jess-Msa-05	237LGHLT3	ILLUMINA	5	2022516	TTGGTGAG+TTGGCTCC	data/samples_for_assignment/A_521_2022516_10484831_237LGHLT3_L5_R1.fastq.gz	data/samples_for_assignment/A_521_2022516_10484831_237LGHLT3_L5_R2.fastq.gz	254186	249839
2022517	1	2025Sept-Jess-Msa-05	237LGHLT3	ILLUMINA	5	2022517	TATGGCAG+TTACAATT	data/samples_for_assignment/A_522_2022517_10484831_237LGHLT3_L5_R1.fastq.gz	data/samples_for_assignment/A_522_2022517_10484831_237LGHLT3_L5_R2.fastq.gz	7197	7169
2022518	1	2025Sept-Jess-Msa-05	237LGHLT3	ILLUMINA	5	2022518	GCTGTAAG+AACCTAGC	data/samples_for_assignment/A_523_2022518_10484831_237LGHLT3_L5_R1.fastq.gz	data/samples_for_assignment/A_523_2022518_10484831_237LGHLT3_L5_R2.fastq.gz	15759	15211
2022519	1	2025Sept-Jess-Msa-05	237LGHLT3	ILLUMINA	5	2022519	TAGAGCTC+GGAATTCC	data/samples_for_assignment/A_524_2022519_10484831_237LGHLT3_L5_R1.fastq.gz	data/samples_for_assignment/A_524_2022519_10484831_237LGHLT3_L5_R2.fastq.gz	122767	120414
2022520	1	2025Sept-Jess-Msa-05	237LGHLT3	ILLUMINA	5	2022520	GCAAGATC+AAGCGCGC	data/samples_for_assignment/A_525_2022520_10484831_237LGHLT3_L5_R1.fastq.gz	data/samples_for_assignment/A_525_2022520_10484831_237LGHLT3_L5_R2.fastq.gz	22260	20059
2022521	1	2025Sept-Jess-Msa-05	237LGHLT3	ILLUMINA	5	2022521	ACATAGGC+TGAGCGTT	data/samples_for_assignment/A_526_2022521_10484831_237LGHLT3_L5_R1.fastq.gz	data/samples_for_assignment/A_526_2022521_10484831_237LGHLT3_L5_R2.fastq.gz	35418	35250
2022522	1	2025Sept-Jess-Msa-05	237LGHLT3	ILLUMINA	5	2022522	AAGAAGGC+ATCATAGG	data/samples_for_assignment/A_527_2022522_10484831_237LGHLT3_L5_R1.fastq.gz	data/samples_for_assignment/A_527_2022522_10484831_237LGHLT3_L5_R2.fastq.gz	30010	30014
2022523	1	2025Sept-Jess-Msa-05	237LGHLT3	ILLUMINA	5	2022523	GACATTCC+TGTTAGAA	data/samples_for_assignment/A_528_2022523_10484831_237LGHLT3_L5_R1.fastq.gz	data/samples_for_assignment/A_528_2022523_10484831_237LGHLT3_L5_R2.fastq.gz	105468	105332
2022524	1	2025Sept-Jess-Msa-05	237LGHLT3	ILLUMINA	5	2022524	GGAAGCTA+GATGGATG	data/samples_for_assignment/A_529_2022524_10484831_237LGHLT3_L5_R1.fastq.gz	data/samples_for_assignment/A_529_2022524_10484831_237LGHLT3_L5_R2.fastq.gz	49471	49126
2022525	1	2025Sept-Jess-Msa-05	237LGHLT3	ILLUMINA	5	2022525	GTGCCATA+ACGGCCGT	data/samples_for_assignment/A_530_2022525_10484831_237LGHLT3_L5_R1.fastq.gz	data/samples_for_assignment/A_530_2022525_10484831_237LGHLT3_L5_R2.fastq.gz	52928	49957
2022526	1	2025Sept-Jess-Msa-05	237LGHLT3	ILLUMINA	5	2022526	CTAGGTGA+CGTTGCTT	data/samples_for_assignment/A_531_2022526_10484831_237LGHLT3_L5_R1.fastq.gz	data/samples_for_assignment/A_531_2022526_10484831_237LGHLT3_L5_R2.fastq.gz	20788	20542
2022527	1	2025Sept-Jess-Msa-05	237LGHLT3	ILLUMINA	5	2022527	CTCCTAGA+TGACTACA	data/samples_for_assignment/A_532_2022527_10484831_237LGHLT3_L5_R1.fastq.gz	data/samples_for_assignment/A_532_2022527_10484831_237LGHLT3_L5_R2.fastq.gz	231837	230573
2022528	1	2025Sept-Jess-Msa-05	237LGHLT3	ILLUMINA	5	2022528	CCGTAAGA+CGGCCTCG	data/samples_for_assignment/A_533_2022528_10484831_237LGHLT3_L5_R1.fastq.gz	data/samples_for_assignment/A_533_2022528_10484831_237LGHLT3_L5_R2.fastq.gz	255722	254058
2022529	1	2025Sept-Jess-Msa-05	237LGHLT3	ILLUMINA	5	2022529	GCACGTAA+CAAGCATC	data/samples_for_assignment/A_534_2022529_10484831_237LGHLT3_L5_R1.fastq.gz	data/samples_for_assignment/A_534_2022529_10484831_237LGHLT3_L5_R2.fastq.gz	136290	114448
2022530	1	2025Sept-Jess-Msa-05	237LGHLT3	ILLUMINA	5	2022530	ACCTGGAA+TCGTCTGA	data/samples_for_assignment/A_535_2022530_10484831_237LGHLT3_L5_R1.fastq.gz	data/samples_for_assignment/A_535_2022530_10484831_237LGHLT3_L5_R2.fastq.gz	233564	232353
2022531	1	2025Sept-Jess-Msa-05	237LGHLT3	ILLUMINA	5	2022531	CGTTGCAA+AGACACAT	data/samples_for_assignment/A_536_2022531_10484831_237LGHLT3_L5_R1.fastq.gz	data/samples_for_assignment/A_536_2022531_10484831_237LGHLT3_L5_R2.fastq.gz	284588	283051
2022532	1	2025Sept-Jess-Msa-05	237LGHLT3	ILLUMINA	5	2022532	TGCACCAA+GCGCGATG	data/samples_for_assignment/A_537_2022532_10484831_237LGHLT3_L5_R1.fastq.gz	data/samples_for_assignment/A_537_2022532_10484831_237LGHLT3_L5_R2.fastq.gz	239041	238096
2022533	1	2025Sept-Jess-Msa-05	237LGHLT3	ILLUMINA	5	2022533	ATATACGG+GATACCTC	data/samples_for_assignment/A_538_2022533_10484831_237LGHLT3_L5_R1.fastq.gz	data/samples_for_assignment/A_538_2022533_10484831_237LGHLT3_L5_R2.fastq.gz	132605	124625
2022534	1	2025Sept-Jess-Msa-05	237LGHLT3	ILLUMINA	5	2022534	CATTCGGC+GAACCATG	data/samples_for_assignment/A_539_2022534_10484831_237LGHLT3_L5_R1.fastq.gz	data/samples_for_assignment/A_539_2022534_10484831_237LGHLT3_L5_R2.fastq.gz	52247	52325
2022535	1	2025Sept-Jess-Msa-05	237LGHLT3	ILLUMINA	5	2022535	AACCGGAG+GGCCATCA	data/samples_for_assignment/A_540_2022535_10484831_237LGHLT3_L5_R1.fastq.gz	data/samples_for_assignment/A_540_2022535_10484831_237LGHLT3_L5_R2.fastq.gz	89571	87604
2022536	1	2025Sept-Jess-Msa-05	237LGHLT3	ILLUMINA	5	2022536	GAAGTTCG+TATGTGCA	data/samples_for_assignment/A_541_2022536_10484831_237LGHLT3_L5_R1.fastq.gz	data/samples_for_assignment/A_541_2022536_10484831_237LGHLT3_L5_R2.fastq.gz	175310	172091
2022537	1	2025Sept-Jess-Msa-05	237LGHLT3	ILLUMINA	5	2022537	GACAGCGT+ATGTAGAC	data/samples_for_assignment/A_542_2022537_10484831_237LGHLT3_L5_R1.fastq.gz	data/samples_for_assignment/A_542_2022537_10484831_237LGHLT3_L5_R2.fastq.gz	92405	90862
2022538	1	2025Sept-Jess-Msa-05	237LGHLT3	ILLUMINA	5	2022538	ACTTACAG+CACATCGG	data/samples_for_assignment/A_543_2022538_10484831_237LGHLT3_L5_R1.fastq.gz	data/samples_for_assignment/A_543_2022538_10484831_237LGHLT3_L5_R2.fastq.gz	196544	196198
2022539	1	2025Sept-Jess-Msa-05	237LGHLT3	ILLUMINA	5	2022539	GTACCTGA+TTAAGTTG	data/samples_for_assignment/A_544_2022539_10484831_237LGHLT3_L5_R1.fastq.gz	data/samples_for_assignment/A_544_2022539_10484831_237LGHLT3_L5_R2.fastq.gz	160677	159590
2022540	1	2025Sept-Jess-Msa-05	237LGHLT3	ILLUMINA	5	2022540	CGTCGGAT+CGGACAGT	data/samples_for_assignment/A_545_2022540_10484831_237LGHLT3_L5_R1.fastq.gz	data/samples_for_assignment/A_545_2022540_10484831_237LGHLT3_L5_R2.fastq.gz	115570	108712
2022541	1	2025Sept-Jess-Msa-05	237LGHLT3	ILLUMINA	5	2022541	GGCTACGT+TCCACGGC	data/samples_for_assignment/A_546_2022541_10484831_237LGHLT3_L5_R1.fastq.gz	data/samples_for_assignment/A_546_2022541_10484831_237LGHLT3_L5_R2.fastq.gz	92549	95148
2022542	1	2025Sept-Jess-Msa-05	237LGHLT3	ILLUMINA	5	2022542	GTTCGTCT+TGTGATGT	data/samples_for_assignment/A_547_2022542_10484831_237LGHLT3_L5_R1.fastq.gz	data/samples_for_assignment/A_547_2022542_10484831_237LGHLT3_L5_R2.fastq.gz	110372	109808
2022543	1	2025Sept-Jess-Msa-05	237LGHLT3	ILLUMINA	5	2022543	GGTGTGGA+GAGCGCAA	data/samples_for_assignment/A_548_2022543_10484831_237LGHLT3_L5_R1.fastq.gz	data/samples_for_assignment/A_548_2022543_10484831_237LGHLT3_L5_R2.fastq.gz	121005	120200
2022544	1	2025Sept-Jess-Msa-05	237LGHLT3	ILLUMINA	5	2022544	GCTGATTC+ATCTTACT	data/samples_for_assignment/A_549_2022544_10484831_237LGHLT3_L5_R1.fastq.gz	data/samples_for_assignment/A_549_2022544_10484831_237LGHLT3_L5_R2.fastq.gz	134218	133494
2022545	1	2025Sept-Jess-Msa-05	237LGHLT3	ILLUMINA	5	2022545	AGCCGTTA+ATGTCGTG	data/samples_for_assignment/A_550_2022545_10484831_237LGHLT3_L5_R1.fastq.gz	data/samples_for_assignment/A_550_2022545_10484831_237LGHLT3_L5_R2.fastq.gz	183046	182881
2022546	1	2025Sept-Jess-Msa-05	237LGHLT3	ILLUMINA	5	2022546	ATATCCTC+GTAGCCAT	data/samples_for_assignment/A_551_2022546_10484831_237LGHLT3_L5_R1.fastq.gz	data/samples_for_assignment/A_551_2022546_10484831_237LGHLT3_L5_R2.fastq.gz	59571	59398
2022547	1	2025Sept-Jess-Msa-05	237LGHLT3	ILLUMINA	5	2022547	ACAATCTC+TGGTTAAG	data/samples_for_assignment/A_552_2022547_10484831_237LGHLT3_L5_R1.fastq.gz	data/samples_for_assignment/A_552_2022547_10484831_237LGHLT3_L5_R2.fastq.gz	106745	106196
2022548	1	2025Sept-Jess-Msa-05	237LGHLT3	ILLUMINA	5	2022548	AGACTCAA+TGTTGTTC	data/samples_for_assignment/A_553_2022548_10484831_237LGHLT3_L5_R1.fastq.gz	data/samples_for_assignment/A_553_2022548_10484831_237LGHLT3_L5_R2.fastq.gz	22187	21128
2022549	1	2025Sept-Jess-Msa-05	237LGHLT3	ILLUMINA	5	2022549	CACACTGC+CCAACAAC	data/samples_for_assignment/A_554_2022549_10484831_237LGHLT3_L5_R1.fastq.gz	data/samples_for_assignment/A_554_2022549_10484831_237LGHLT3_L5_R2.fastq.gz	79150	77835
2022550	1	2025Sept-Jess-Msa-05	237LGHLT3	ILLUMINA	5	2022550	TCTCACGG+ACCGGCTC	data/samples_for_assignment/A_555_2022550_10484831_237LGHLT3_L5_R1.fastq.gz	data/samples_for_assignment/A_555_2022550_10484831_237LGHLT3_L5_R2.fastq.gz	95092	91053
2022551	1	2025Sept-Jess-Msa-05	237LGHLT3	ILLUMINA	5	2022551	TACCCTTT+GTTAATCT	data/samples_for_assignment/A_556_2022551_10484831_237LGHLT3_L5_R1.fastq.gz	data/samples_for_assignment/A_556_2022551_10484831_237LGHLT3_L5_R2.fastq.gz	173715	172164
2022552	1	2025Sept-Jess-Msa-05	237LGHLT3	ILLUMINA	5	2022552	ACGTTCTT+TCCAAGAA	data/samples_for_assignment/A_557_2022552_10484831_237LGHLT3_L5_R1.fastq.gz	data/samples_for_assignment/A_557_2022552_10484831_237LGHLT3_L5_R2.fastq.gz	405406	404366
2022553	1	2025Sept-Jess-Msa-05	237LGHLT3	ILLUMINA	5	2022553	GAAATGTC+CCGAACGT	data/samples_for_assignment/A_558_2022553_10484831_237LGHLT3_L5_R1.fastq.gz	data/samples_for_assignment/A_558_2022553_10484831_237LGHLT3_L5_R2.fastq.gz	101763	101221
2022554	1	2025Sept-Jess-Msa-05	237LGHLT3	ILLUMINA	5	2022554	CGTACTAG+TAACCGCC	data/samples_for_assignment/A_559_2022554_10484831_237LGHLT3_L5_R1.fastq.gz	data/samples_for_assignment/A_559_2022554_10484831_237LGHLT3_L5_R2.fastq.gz	70901	65919
2022555	1	2025Sept-Jess-Msa-05	237LGHLT3	ILLUMINA	5	2022555	AGGCAGAA+CTCCGTGC	data/samples_for_assignment/A_560_2022555_10484831_237LGHLT3_L5_R1.fastq.gz	data/samples_for_assignment/A_560_2022555_10484831_237LGHLT3_L5_R2.fastq.gz	109151	106528
2022556	1	2025Sept-Jess-Msa-05	237LGHLT3	ILLUMINA	5	2022556	TCCTGAGC+CATTCCAG	data/samples_for_assignment/A_561_2022556_10484831_237LGHLT3_L5_R1.fastq.gz	data/samples_for_assignment/A_561_2022556_10484831_237LGHLT3_L5_R2.fastq.gz	162539	161579
2022557	1	2025Sept-Jess-Msa-05	237LGHLT3	ILLUMINA	5	2022557	GGACTCCT+GGTTATGC	data/samples_for_assignment/A_562_2022557_10484831_237LGHLT3_L5_R1.fastq.gz	data/samples_for_assignment/A_562_2022557_10484831_237LGHLT3_L5_R2.fastq.gz	112684	110740
2022558	1	2025Sept-Jess-Msa-05	237LGHLT3	ILLUMINA	5	2022558	TAGGCATG+ACCACACG	data/samples_for_assignment/A_563_2022558_10484831_237LGHLT3_L5_R1.fastq.gz	data/samples_for_assignment/A_563_2022558_10484831_237LGHLT3_L5_R2.fastq.gz	121788	121798
2022559	1	2025Sept-Jess-Msa-05	237LGHLT3	ILLUMINA	5	2022559	CAGAGAGG+TAGGTTCT	data/samples_for_assignment/A_564_2022559_10484831_237LGHLT3_L5_R1.fastq.gz	data/samples_for_assignment/A_564_2022559_10484831_237LGHLT3_L5_R2.fastq.gz	41275	41113
2022560	1	2025Sept-Jess-Msa-05	237LGHLT3	ILLUMINA	5	2022560	GCTACGCT+TATGGCTC	data/samples_for_assignment/A_565_2022560_10484831_237LGHLT3_L5_R1.fastq.gz	data/samples_for_assignment/A_565_2022560_10484831_237LGHLT3_L5_R2.fastq.gz	61176	60106
2022561	1	2025Sept-Jess-Msa-05	237LGHLT3	ILLUMINA	5	2022561	CGAGGCTG+CTCGTGCG	data/samples_for_assignment/A_566_2022561_10484831_237LGHLT3_L5_R1.fastq.gz	data/samples_for_assignment/A_566_2022561_10484831_237LGHLT3_L5_R2.fastq.gz	67080	63756
2022562	1	2025Sept-Jess-Msa-05	237LGHLT3	ILLUMINA	5	2022562	AAGAGGCA+CCAGTTGG	data/samples_for_assignment/A_567_2022562_10484831_237LGHLT3_L5_R1.fastq.gz	data/samples_for_assignment/A_567_2022562_10484831_237LGHLT3_L5_R2.fastq.gz	45734	45744
2022563	1	2025Sept-Jess-Msa-05	237LGHLT3	ILLUMINA	5	2022563	GTAGAGGA+AACCGCAT	data/samples_for_assignment/A_568_2022563_10484831_237LGHLT3_L5_R1.fastq.gz	data/samples_for_assignment/A_568_2022563_10484831_237LGHLT3_L5_R2.fastq.gz	106948	105746
2022564	1	2025Sept-Jess-Msa-05	237LGHLT3	ILLUMINA	5	2022564	GCTCATGA+CGAAGGTT	data/samples_for_assignment/A_569_2022564_10484831_237LGHLT3_L5_R1.fastq.gz	data/samples_for_assignment/A_569_2022564_10484831_237LGHLT3_L5_R2.fastq.gz	181611	180235
2022565	1	2025Sept-Jess-Msa-05	237LGHLT3	ILLUMINA	5	2022565	ATCTCAGG+AGTGCCAC	data/samples_for_assignment/A_570_2022565_10484831_237LGHLT3_L5_R1.fastq.gz	data/samples_for_assignment/A_570_2022565_10484831_237LGHLT3_L5_R2.fastq.gz	53717	52774
2022566	1	2025Sept-Jess-Msa-05	237LGHLT3	ILLUMINA	5	2022566	ACTCGCTA+GAACAAGT	data/samples_for_assignment/A_571_2022566_10484831_237LGHLT3_L5_R1.fastq.gz	data/samples_for_assignment/A_571_2022566_10484831_237LGHLT3_L5_R2.fastq.gz	74361	74393
2022567	1	2025Sept-Jess-Msa-05	237LGHLT3	ILLUMINA	5	2022567	GGAGCTAC+ACGATTGC	data/samples_for_assignment/A_572_2022567_10484831_237LGHLT3_L5_R1.fastq.gz	data/samples_for_assignment/A_572_2022567_10484831_237LGHLT3_L5_R2.fastq.gz	50201	49030
2022568	1	2025Sept-Jess-Msa-05	237LGHLT3	ILLUMINA	5	2022568	GCGTAGTA+ACGCTAAT	data/samples_for_assignment/A_573_2022568_10484831_237LGHLT3_L5_R1.fastq.gz	data/samples_for_assignment/A_573_2022568_10484831_237LGHLT3_L5_R2.fastq.gz	199983	191599
2022569	1	2025Sept-Jess-Msa-05	237LGHLT3	ILLUMINA	5	2022569	CGGAGCCT+CGGTTATT	data/samples_for_assignment/A_574_2022569_10484831_237LGHLT3_L5_R1.fastq.gz	data/samples_for_assignment/A_574_2022569_10484831_237LGHLT3_L5_R2.fastq.gz	59044	57786
2022570	1	2025Sept-Jess-Msa-05	237LGHLT3	ILLUMINA	5	2022570	TACGCTGC+CATGTAGA	data/samples_for_assignment/A_575_2022570_10484831_237LGHLT3_L5_R1.fastq.gz	data/samples_for_assignment/A_575_2022570_10484831_237LGHLT3_L5_R2.fastq.gz	61286	60887
neg6	1	2025Sept-Jess-Msa-05	237LGHLT3	ILLUMINA	5	neg6	ATGCGCAG+GATTGTCA	data/samples_for_assignment/A_576_neg6_10484831_237LGHLT3_L5_R1.fastq.gz	data/samples_for_assignment/A_576_neg6_10484831_237LGHLT3_L5_R2.fastq.gz	121	120
2022571	1	2025Sept-Jess-Msa-06	237LGHLT3	ILLUMINA	5	2022571	GTCAGATA+TATCATGA	data/samples_for_assignment/A_577_2022571_10484831_237LGHLT3_L5_R1.fastq.gz	data/samples_for_assignment/A_577_2022571_10484831_237LGHLT3_L5_R2.fastq.gz	255142	254196
2022572	1	2025Sept-Jess-Msa-06	237LGHLT3	ILLUMINA	5	2022572	TCTCATAT+CTCACACA	data/samples_for_assignment/A_578_2022572_10484831_237LGHLT3_L5_R1.fastq.gz	data/samples_for_assignment/A_578_2022572_10484831_237LGHLT3_L5_R2.fastq.gz	113517	112999
2022573	1	2025Sept-Jess-Msa-06	237LGHLT3	ILLUMINA	5	2022573	TCCATAAG+GAATTGAG	data/samples_for_assignment/A_579_2022573_10484831_237LGHLT3_L5_R1.fastq.gz	data/samples_for_assignment/A_579_2022573_10484831_237LGHLT3_L5_R2.fastq.gz	32533	32265
2022574	1	2025Sept-Jess-Msa-06	237LGHLT3	ILLUMINA	5	2022574	CGAGATTA+CGGATTAT	data/samples_for_assignment/A_580_2022574_10484831_237LGHLT3_L5_R1.fastq.gz	data/samples_for_assignment/A_580_2022574_10484831_237LGHLT3_L5_R2.fastq.gz	149854	149679
2022575	1	2025Sept-Jess-Msa-06	237LGHLT3	ILLUMINA	5	2022575	CATCGCGC+TTGAAGCA	data/samples_for_assignment/A_581_2022575_10484831_237LGHLT3_L5_R1.fastq.gz	data/samples_for_assignment/A_581_2022575_10484831_237LGHLT3_L5_R2.fastq.gz	126667	124867
2022576	1	2025Sept-Jess-Msa-06	237LGHLT3	ILLUMINA	5	2022576	TCAAGGCA+TACGGCGA	data/samples_for_assignment/A_582_2022576_10484831_237LGHLT3_L5_R1.fastq.gz	data/samples_for_assignment/A_582_2022576_10484831_237LGHLT3_L5_R2.fastq.gz	104381	103922
2022577	1	2025Sept-Jess-Msa-06	237LGHLT3	ILLUMINA	5	2022577	CTGAGTAG+TCTCCATT	data/samples_for_assignment/A_583_2022577_10484831_237LGHLT3_L5_R1.fastq.gz	data/samples_for_assignment/A_583_2022577_10484831_237LGHLT3_L5_R2.fastq.gz	194314	192408
2022578	1	2025Sept-Jess-Msa-06	237LGHLT3	ILLUMINA	5	2022578	TCAGACGA+CGAGACCA	data/samples_for_assignment/A_584_2022578_10484831_237LGHLT3_L5_R1.fastq.gz	data/samples_for_assignment/A_584_2022578_10484831_237LGHLT3_L5_R2.fastq.gz	210978	208132
2022579	1	2025Sept-Jess-Msa-06	237LGHLT3	ILLUMINA	5	2022579	GTATGTTC+TGCTGGAC	data/samples_for_assignment/A_585_2022579_10484831_237LGHLT3_L5_R1.fastq.gz	data/samples_for_assignment/A_585_2022579_10484831_237LGHLT3_L5_R2.fastq.gz	173158	169904
2022580	1	2025Sept-Jess-Msa-06	237LGHLT3	ILLUMINA	5	2022580	AGCGGCAC+GATGGTAT	data/samples_for_assignment/A_586_2022580_10484831_237LGHLT3_L5_R1.fastq.gz	data/samples_for_assignment/A_586_2022580_10484831_237LGHLT3_L5_R2.fastq.gz	42718	42439
2022581	1	2025Sept-Jess-Msa-06	237LGHLT3	ILLUMINA	5	2022581	GTTACGGC+GGCTTAAT	data/samples_for_assignment/A_587_2022581_10484831_237LGHLT3_L5_R1.fastq.gz	data/samples_for_assignment/A_587_2022581_10484831_237LGHLT3_L5_R2.fastq.gz	58692	58703
2022582	1	2025Sept-Jess-Msa-06	237LGHLT3	ILLUMINA	5	2022582	GAATGGTT+CTCGACTC	data/samples_for_assignment/A_588_2022582_10484831_237LGHLT3_L5_R1.fastq.gz	data/samples_for_assignment/A_588_2022582_10484831_237LGHLT3_L5_R2.fastq.gz	159503	153447
2022583	1	2025Sept-Jess-Msa-06	237LGHLT3	ILLUMINA	5	2022583	AGGCAACC+TCTCGGAC	data/samples_for_assignment/A_589_2022583_10484831_237LGHLT3_L5_R1.fastq.gz	data/samples_for_assignment/A_589_2022583_10484831_237LGHLT3_L5_R2.fastq.gz	203174	202417
2022584	1	2025Sept-Jess-Msa-06	237LGHLT3	ILLUMINA	5	2022584	ATCATTAG+AGTCCGAG	data/samples_for_assignment/A_590_2022584_10484831_237LGHLT3_L5_R1.fastq.gz	data/samples_for_assignment/A_590_2022584_10484831_237LGHLT3_L5_R2.fastq.gz	69764	69656
2022585	1	2025Sept-Jess-Msa-06	237LGHLT3	ILLUMINA	5	2022585	TAGGCCGA+TACTCTGT	data/samples_for_assignment/A_591_2022585_10484831_237LGHLT3_L5_R1.fastq.gz	data/samples_for_assignment/A_591_2022585_10484831_237LGHLT3_L5_R2.fastq.gz	147263	145950
2022586	1	2025Sept-Jess-Msa-06	237LGHLT3	ILLUMINA	5	2022586	GGTTGACT+GCGACTCG	data/samples_for_assignment/A_592_2022586_10484831_237LGHLT3_L5_R1.fastq.gz	data/samples_for_assignment/A_592_2022586_10484831_237LGHLT3_L5_R2.fastq.gz	244121	244320
2022587	1	2025Sept-Jess-Msa-06	237LGHLT3	ILLUMINA	5	2022587	GCCTTGTT+CTAGGCAA	data/samples_for_assignment/A_593_2022587_10484831_237LGHLT3_L5_R1.fastq.gz	data/samples_for_assignment/A_593_2022587_10484831_237LGHLT3_L5_R2.fastq.gz	294997	293479
2022588	1	2025Sept-Jess-Msa-06	237LGHLT3	ILLUMINA	5	2022588	CTACATAC+TCATCCTC	data/samples_for_assignment/A_594_2022588_10484831_237LGHLT3_L5_R1.fastq.gz	data/samples_for_assignment/A_594_2022588_10484831_237LGHLT3_L5_R2.fastq.gz	153092	145751
2022589	1	2025Sept-Jess-Msa-06	237LGHLT3	ILLUMINA	5	2022589	CCATAGAA+GGTAAGAT	data/samples_for_assignment/A_595_2022589_10484831_237LGHLT3_L5_R1.fastq.gz	data/samples_for_assignment/A_595_2022589_10484831_237LGHLT3_L5_R2.fastq.gz	109538	108935
2022590	1	2025Sept-Jess-Msa-06	237LGHLT3	ILLUMINA	5	2022590	AGCATCCA+TAGACAAT	data/samples_for_assignment/A_596_2022590_10484831_237LGHLT3_L5_R1.fastq.gz	data/samples_for_assignment/A_596_2022590_10484831_237LGHLT3_L5_R2.fastq.gz	98614	98239
2022591	1	2025Sept-Jess-Msa-06	237LGHLT3	ILLUMINA	5	2022591	CGCACTCT+CAATGCTG	data/samples_for_assignment/A_597_2022591_10484831_237LGHLT3_L5_R1.fastq.gz	data/samples_for_assignment/A_597_2022591_10484831_237LGHLT3_L5_R2.fastq.gz	217099	215113
2022592	1	2025Sept-Jess-Msa-06	237LGHLT3	ILLUMINA	5	2022592	GACACGCA+GTCACGGT	data/samples_for_assignment/A_598_2022592_10484831_237LGHLT3_L5_R1.fastq.gz	data/samples_for_assignment/A_598_2022592_10484831_237LGHLT3_L5_R2.fastq.gz	138397	137983
2022593	1	2025Sept-Jess-Msa-06	237LGHLT3	ILLUMINA	5	2022593	AGTGTATG+GGTGTACA	data/samples_for_assignment/A_599_2022593_10484831_237LGHLT3_L5_R1.fastq.gz	data/samples_for_assignment/A_599_2022593_10484831_237LGHLT3_L5_R2.fastq.gz	113727	113080
2022594	1	2025Sept-Jess-Msa-06	237LGHLT3	ILLUMINA	5	2022594	ATTATACG+TAATACGG	data/samples_for_assignment/A_600_2022594_10484831_237LGHLT3_L5_R1.fastq.gz	data/samples_for_assignment/A_600_2022594_10484831_237LGHLT3_L5_R2.fastq.gz	244516	243393
2022595	1	2025Sept-Jess-Msa-06	237LGHLT3	ILLUMINA	5	2022595	TAACTCGC+CGAAGACG	data/samples_for_assignment/A_601_2022595_10484831_237LGHLT3_L5_R1.fastq.gz	data/samples_for_assignment/A_601_2022595_10484831_237LGHLT3_L5_R2.fastq.gz	105271	103904
2022596	1	2025Sept-Jess-Msa-06	237LGHLT3	ILLUMINA	5	2022596	CGGCCGTA+TCTCACGC	data/samples_for_assignment/A_602_2022596_10484831_237LGHLT3_L5_R1.fastq.gz	data/samples_for_assignment/A_602_2022596_10484831_237LGHLT3_L5_R2.fastq.gz	116217	112648
2022597	1	2025Sept-Jess-Msa-06	237LGHLT3	ILLUMINA	5	2022597	TAATCGAC+TCGAATGG	data/samples_for_assignment/A_603_2022597_10484831_237LGHLT3_L5_R1.fastq.gz	data/samples_for_assignment/A_603_2022597_10484831_237LGHLT3_L5_R2.fastq.gz	56573	56532
2022598	1	2025Sept-Jess-Msa-06	237LGHLT3	ILLUMINA	5	2022598	ATCGGCTG+TGAACGCA	data/samples_for_assignment/A_604_2022598_10484831_237LGHLT3_L5_R1.fastq.gz	data/samples_for_assignment/A_604_2022598_10484831_237LGHLT3_L5_R2.fastq.gz	43159	42660
2022599	1	2025Sept-Jess-Msa-06	237LGHLT3	ILLUMINA	5	2022599	TCGGCAAT+CCGCTTAG	data/samples_for_assignment/A_605_2022599_10484831_237LGHLT3_L5_R1.fastq.gz	data/samples_for_assignment/A_605_2022599_10484831_237LGHLT3_L5_R2.fastq.gz	13141	13101
2022600	1	2025Sept-Jess-Msa-06	237LGHLT3	ILLUMINA	5	2022600	ATCTCGCC+CACCGAGG	data/samples_for_assignment/A_606_2022600_10484831_237LGHLT3_L5_R1.fastq.gz	data/samples_for_assignment/A_606_2022600_10484831_237LGHLT3_L5_R2.fastq.gz	34460	34306
2022601	1	2025Sept-Jess-Msa-06	237LGHLT3	ILLUMINA	5	2022601	GCGAGCCA+ATTCATTG	data/samples_for_assignment/A_607_2022601_10484831_237LGHLT3_L5_R1.fastq.gz	data/samples_for_assignment/A_607_2022601_10484831_237LGHLT3_L5_R2.fastq.gz	59831	59471
2022602	1	2025Sept-Jess-Msa-06	237LGHLT3	ILLUMINA	5	2022602	TTATTCTA+TCATGTCC	data/samples_for_assignment/A_608_2022602_10484831_237LGHLT3_L5_R1.fastq.gz	data/samples_for_assignment/A_608_2022602_10484831_237LGHLT3_L5_R2.fastq.gz	90952	88254
2022603	1	2025Sept-Jess-Msa-06	237LGHLT3	ILLUMINA	5	2022603	CCTGGATA+AATTCGAT	data/samples_for_assignment/A_609_2022603_10484831_237LGHLT3_L5_R1.fastq.gz	data/samples_for_assignment/A_609_2022603_10484831_237LGHLT3_L5_R2.fastq.gz	203073	201523
2022604	1	2025Sept-Jess-Msa-06	237LGHLT3	ILLUMINA	5	2022604	CACCATGT+AGCTCTCA	data/samples_for_assignment/A_610_2022604_10484831_237LGHLT3_L5_R1.fastq.gz	data/samples_for_assignment/A_610_2022604_10484831_237LGHLT3_L5_R2.fastq.gz	141208	140585
2022605	1	2025Sept-Jess-Msa-06	237LGHLT3	ILLUMINA	5	2022605	AATTGTAA+TCTGGAAT	data/samples_for_assignment/A_611_2022605_10484831_237LGHLT3_L5_R1.fastq.gz	data/samples_for_assignment/A_611_2022605_10484831_237LGHLT3_L5_R2.fastq.gz	132783	132174
2022606	1	2025Sept-Jess-Msa-06	237LGHLT3	ILLUMINA	5	2022606	GAGGAATA+ATTAGTGG	data/samples_for_assignment/A_612_2022606_10484831_237LGHLT3_L5_R1.fastq.gz	data/samples_for_assignment/A_612_2022606_10484831_237LGHLT3_L5_R2.fastq.gz	91384	91000
2022607	1	2025Sept-Jess-Msa-06	237LGHLT3	ILLUMINA	5	2022607	CGCACGAG+CGTTCGGA	data/samples_for_assignment/A_613_2022607_10484831_237LGHLT3_L5_R1.fastq.gz	data/samples_for_assignment/A_613_2022607_10484831_237LGHLT3_L5_R2.fastq.gz	146701	145931
2022608	1	2025Sept-Jess-Msa-06	237LGHLT3	ILLUMINA	5	2022608	TATCCTAA+TGGTATAC	data/samples_for_assignment/A_614_2022608_10484831_237LGHLT3_L5_R1.fastq.gz	data/samples_for_assignment/A_614_2022608_10484831_237LGHLT3_L5_R2.fastq.gz	184475	178800
2022609	1	2025Sept-Jess-Msa-06	237LGHLT3	ILLUMINA	5	2022609	CGCTTCGG+GCTCTCGT	data/samples_for_assignment/A_615_2022609_10484831_237LGHLT3_L5_R1.fastq.gz	data/samples_for_assignment/A_615_2022609_10484831_237LGHLT3_L5_R2.fastq.gz	190621	190745
2022610	1	2025Sept-Jess-Msa-06	237LGHLT3	ILLUMINA	5	2022610	GCTAATCA+CTGTGAGC	data/samples_for_assignment/A_616_2022610_10484831_237LGHLT3_L5_R1.fastq.gz	data/samples_for_assignment/A_616_2022610_10484831_237LGHLT3_L5_R2.fastq.gz	239795	237053
2022611	1	2025Sept-Jess-Msa-06	237LGHLT3	ILLUMINA	5	2022611	CACTGTTA+TCACAGAT	data/samples_for_assignment/A_617_2022611_10484831_237LGHLT3_L5_R1.fastq.gz	data/samples_for_assignment/A_617_2022611_10484831_237LGHLT3_L5_R2.fastq.gz	198951	197936
2022612	1	2025Sept-Jess-Msa-06	237LGHLT3	ILLUMINA	5	2022612	TGCGCGGT+AGAAGCCA	data/samples_for_assignment/A_618_2022612_10484831_237LGHLT3_L5_R1.fastq.gz	data/samples_for_assignment/A_618_2022612_10484831_237LGHLT3_L5_R2.fastq.gz	158627	157311
2022613	1	2025Sept-Jess-Msa-06	237LGHLT3	ILLUMINA	5	2022613	GCGCGAAC+AACATCTA	data/samples_for_assignment/A_619_2022613_10484831_237LGHLT3_L5_R1.fastq.gz	data/samples_for_assignment/A_619_2022613_10484831_237LGHLT3_L5_R2.fastq.gz	56463	55932
2022614	1	2025Sept-Jess-Msa-06	237LGHLT3	ILLUMINA	5	2022614	ATGTGTCT+CCTTACTA	data/samples_for_assignment/A_620_2022614_10484831_237LGHLT3_L5_R1.fastq.gz	data/samples_for_assignment/A_620_2022614_10484831_237LGHLT3_L5_R2.fastq.gz	36199	36116
2022615	1	2025Sept-Jess-Msa-06	237LGHLT3	ILLUMINA	5	2022615	CGGAACAA+GTGGCGAG	data/samples_for_assignment/A_621_2022615_10484831_237LGHLT3_L5_R1.fastq.gz	data/samples_for_assignment/A_621_2022615_10484831_237LGHLT3_L5_R2.fastq.gz	72656	72579
2022616	1	2025Sept-Jess-Msa-06	237LGHLT3	ILLUMINA	5	2022616	GAGTACTT+GCCAGATC	data/samples_for_assignment/A_622_2022616_10484831_237LGHLT3_L5_R1.fastq.gz	data/samples_for_assignment/A_622_2022616_10484831_237LGHLT3_L5_R2.fastq.gz	26328	25420
2022617	1	2025Sept-Jess-Msa-06	237LGHLT3	ILLUMINA	5	2022617	TGTACACC+ACACAATA	data/samples_for_assignment/A_623_2022617_10484831_237LGHLT3_L5_R1.fastq.gz	data/samples_for_assignment/A_623_2022617_10484831_237LGHLT3_L5_R2.fastq.gz	156631	156117
2022618	1	2025Sept-Jess-Msa-06	237LGHLT3	ILLUMINA	5	2022618	CATAAGGT+CCTTCACG	data/samples_for_assignment/A_624_2022618_10484831_237LGHLT3_L5_R1.fastq.gz	data/samples_for_assignment/A_624_2022618_10484831_237LGHLT3_L5_R2.fastq.gz	307492	306667
2022619	1	2025Sept-Jess-Msa-06	237LGHLT3	ILLUMINA	5	2022619	CTGCAGCG+TTATGCGC	data/samples_for_assignment/A_625_2022619_10484831_237LGHLT3_L5_R1.fastq.gz	data/samples_for_assignment/A_625_2022619_10484831_237LGHLT3_L5_R2.fastq.gz	259699	249221
2022620	1	2025Sept-Jess-Msa-06	237LGHLT3	ILLUMINA	5	2022620	TGGTATCC+TCTCAGTA	data/samples_for_assignment/A_626_2022620_10484831_237LGHLT3_L5_R1.fastq.gz	data/samples_for_assignment/A_626_2022620_10484831_237LGHLT3_L5_R2.fastq.gz	275917	276491
2022621	1	2025Sept-Jess-Msa-06	237LGHLT3	ILLUMINA	5	2022621	CAAGCCAG+AGTATACG	data/samples_for_assignment/A_627_2022621_10484831_237LGHLT3_L5_R1.fastq.gz	data/samples_for_assignment/A_627_2022621_10484831_237LGHLT3_L5_R2.fastq.gz	153185	152724
2022622	1	2025Sept-Jess-Msa-06	237LGHLT3	ILLUMINA	5	2022622	TGCCTTAC+TACACGCT	data/samples_for_assignment/A_628_2022622_10484831_237LGHLT3_L5_R1.fastq.gz	data/samples_for_assignment/A_628_2022622_10484831_237LGHLT3_L5_R2.fastq.gz	232892	229677
2022623	1	2025Sept-Jess-Msa-06	237LGHLT3	ILLUMINA	5	2022623	TCTACATG+TCCGATAG	data/samples_for_assignment/A_629_2022623_10484831_237LGHLT3_L5_R1.fastq.gz	data/samples_for_assignment/A_629_2022623_10484831_237LGHLT3_L5_R2.fastq.gz	413234	411999
2022624	1	2025Sept-Jess-Msa-06	237LGHLT3	ILLUMINA	5	2022624	AGCGTGTA+CTCAAGGC	data/samples_for_assignment/A_630_2022624_10484831_237LGHLT3_L5_R1.fastq.gz	data/samples_for_assignment/A_630_2022624_10484831_237LGHLT3_L5_R2.fastq.gz	277046	277733
2022625	1	2025Sept-Jess-Msa-06	237LGHLT3	ILLUMINA	5	2022625	TTCAAGCG+TTCCGCAA	data/samples_for_assignment/A_631_2022625_10484831_237LGHLT3_L5_R1.fastq.gz	data/samples_for_assignment/A_631_2022625_10484831_237LGHLT3_L5_R2.fastq.gz	281856	279424
2022626	1	2025Sept-Jess-Msa-06	237LGHLT3	ILLUMINA	5	2022626	ATAGATTG+CCTGAACC	data/samples_for_assignment/A_632_2022626_10484831_237LGHLT3_L5_R1.fastq.gz	data/samples_for_assignment/A_632_2022626_10484831_237LGHLT3_L5_R2.fastq.gz	125707	122949
2022627	1	2025Sept-Jess-Msa-06	237LGHLT3	ILLUMINA	5	2022627	ATTCCACC+GAGATAAC	data/samples_for_assignment/A_633_2022627_10484831_237LGHLT3_L5_R1.fastq.gz	data/samples_for_assignment/A_633_2022627_10484831_237LGHLT3_L5_R2.fastq.gz	94459	92464
2022628	1	2025Sept-Jess-Msa-06	237LGHLT3	ILLUMINA	5	2022628	TCCGTCCA+ATGCACCT	data/samples_for_assignment/A_634_2022628_10484831_237LGHLT3_L5_R1.fastq.gz	data/samples_for_assignment/A_634_2022628_10484831_237LGHLT3_L5_R2.fastq.gz	68980	68450
2022629	1	2025Sept-Jess-Msa-06	237LGHLT3	ILLUMINA	5	2022629	CCGGTCAG+TACTGCAG	data/samples_for_assignment/A_635_2022629_10484831_237LGHLT3_L5_R1.fastq.gz	data/samples_for_assignment/A_635_2022629_10484831_237LGHLT3_L5_R2.fastq.gz	103694	102232
2022630	1	2025Sept-Jess-Msa-06	237LGHLT3	ILLUMINA	5	2022630	CTCAATTC+GTTCACAA	data/samples_for_assignment/A_636_2022630_10484831_237LGHLT3_L5_R1.fastq.gz	data/samples_for_assignment/A_636_2022630_10484831_237LGHLT3_L5_R2.fastq.gz	47390	47303
2022631	1	2025Sept-Jess-Msa-06	237LGHLT3	ILLUMINA	5	2022631	AATGGAGA+GGCTCTTG	data/samples_for_assignment/A_637_2022631_10484831_237LGHLT3_L5_R1.fastq.gz	data/samples_for_assignment/A_637_2022631_10484831_237LGHLT3_L5_R2.fastq.gz	75613	75279
2022632	1	2025Sept-Jess-Msa-06	237LGHLT3	ILLUMINA	5	2022632	ATGCATGT+AGACGCTG	data/samples_for_assignment/A_638_2022632_10484831_237LGHLT3_L5_R1.fastq.gz	data/samples_for_assignment/A_638_2022632_10484831_237LGHLT3_L5_R2.fastq.gz	1	1
2022633	1	2025Sept-Jess-Msa-06	237LGHLT3	ILLUMINA	5	2022633	GGCGCCTG+CGTAATAG	data/samples_for_assignment/A_639_2022633_10484831_237LGHLT3_L5_R1.fastq.gz	data/samples_for_assignment/A_639_2022633_10484831_237LGHLT3_L5_R2.fastq.gz	183451	182344
2022634	1	2025Sept-Jess-Msa-06	237LGHLT3	ILLUMINA	5	2022634	CGTTATGT+ACGCTGTC	data/samples_for_assignment/A_640_2022634_10484831_237LGHLT3_L5_R1.fastq.gz	data/samples_for_assignment/A_640_2022634_10484831_237LGHLT3_L5_R2.fastq.gz	75634	61472
2022635	1	2025Sept-Jess-Msa-06	237LGHLT3	ILLUMINA	5	2022635	GCAATCGT+CACTCTCC	data/samples_for_assignment/A_641_2022635_10484831_237LGHLT3_L5_R1.fastq.gz	data/samples_for_assignment/A_641_2022635_10484831_237LGHLT3_L5_R2.fastq.gz	57714	56478
2022636	1	2025Sept-Jess-Msa-06	237LGHLT3	ILLUMINA	5	2022636	ACGCAATA+CGCTTCTG	data/samples_for_assignment/A_642_2022636_10484831_237LGHLT3_L5_R1.fastq.gz	data/samples_for_assignment/A_642_2022636_10484831_237LGHLT3_L5_R2.fastq.gz	114879	114223
2022637	1	2025Sept-Jess-Msa-06	237LGHLT3	ILLUMINA	5	2022637	TACTCATG+GGTGTCTT	data/samples_for_assignment/A_643_2022637_10484831_237LGHLT3_L5_R1.fastq.gz	data/samples_for_assignment/A_643_2022637_10484831_237LGHLT3_L5_R2.fastq.gz	61848	61169
2022638	1	2025Sept-Jess-Msa-06	237LGHLT3	ILLUMINA	5	2022638	TAGAATTA+GAATTCTC	data/samples_for_assignment/A_644_2022638_10484831_237LGHLT3_L5_R1.fastq.gz	data/samples_for_assignment/A_644_2022638_10484831_237LGHLT3_L5_R2.fastq.gz	104652	99420
2022639	1	2025Sept-Jess-Msa-06	237LGHLT3	ILLUMINA	5	2022639	ATTAGCGT+GCACTAGA	data/samples_for_assignment/A_645_2022639_10484831_237LGHLT3_L5_R1.fastq.gz	data/samples_for_assignment/A_645_2022639_10484831_237LGHLT3_L5_R2.fastq.gz	147194	146858
2022640	1	2025Sept-Jess-Msa-06	237LGHLT3	ILLUMINA	5	2022640	TAACAAGG+TCCACCTT	data/samples_for_assignment/A_646_2022640_10484831_237LGHLT3_L5_R1.fastq.gz	data/samples_for_assignment/A_646_2022640_10484831_237LGHLT3_L5_R2.fastq.gz	126277	125966
2022641	1	2025Sept-Jess-Msa-06	237LGHLT3	ILLUMINA	5	2022641	ATGGCTAC+TTGAGTCT	data/samples_for_assignment/A_647_2022641_10484831_237LGHLT3_L5_R1.fastq.gz	data/samples_for_assignment/A_647_2022641_10484831_237LGHLT3_L5_R2.fastq.gz	119115	116078
2022642	1	2025Sept-Jess-Msa-06	237LGHLT3	ILLUMINA	5	2022642	GAATTGGA+TTCGTTGT	data/samples_for_assignment/A_648_2022642_10484831_237LGHLT3_L5_R1.fastq.gz	data/samples_for_assignment/A_648_2022642_10484831_237LGHLT3_L5_R2.fastq.gz	352130	347798
2022643	1	2025Sept-Jess-Msa-06	237LGHLT3	ILLUMINA	5	2022643	CGGCGAAG+TTGGTCAC	data/samples_for_assignment/A_649_2022643_10484831_237LGHLT3_L5_R1.fastq.gz	data/samples_for_assignment/A_649_2022643_10484831_237LGHLT3_L5_R2.fastq.gz	205410	198148
2022644	1	2025Sept-Jess-Msa-06	237LGHLT3	ILLUMINA	5	2022644	GTGACCGA+AGACTTAG	data/samples_for_assignment/A_650_2022644_10484831_237LGHLT3_L5_R1.fastq.gz	data/samples_for_assignment/A_650_2022644_10484831_237LGHLT3_L5_R2.fastq.gz	87617	87031
2022645	1	2025Sept-Jess-Msa-06	237LGHLT3	ILLUMINA	5	2022645	ACTTGTTC+ATATGGGA	data/samples_for_assignment/A_651_2022645_10484831_237LGHLT3_L5_R1.fastq.gz	data/samples_for_assignment/A_651_2022645_10484831_237LGHLT3_L5_R2.fastq.gz	160198	159969
2022646	1	2025Sept-Jess-Msa-06	237LGHLT3	ILLUMINA	5	2022646	TACAGGAA+ATTGTCCA	data/samples_for_assignment/A_652_2022646_10484831_237LGHLT3_L5_R1.fastq.gz	data/samples_for_assignment/A_652_2022646_10484831_237LGHLT3_L5_R2.fastq.gz	61261	60668
2022647	1	2025Sept-Jess-Msa-06	237LGHLT3	ILLUMINA	5	2022647	TGACGTTG+ACAAACTG	data/samples_for_assignment/A_653_2022647_10484831_237LGHLT3_L5_R1.fastq.gz	data/samples_for_assignment/A_653_2022647_10484831_237LGHLT3_L5_R2.fastq.gz	86927	86739
2022648	1	2025Sept-Jess-Msa-06	237LGHLT3	ILLUMINA	5	2022648	AATAACCG+GAAGAGGG	data/samples_for_assignment/A_654_2022648_10484831_237LGHLT3_L5_R1.fastq.gz	data/samples_for_assignment/A_654_2022648_10484831_237LGHLT3_L5_R2.fastq.gz	91216	91364
2022649	1	2025Sept-Jess-Msa-06	237LGHLT3	ILLUMINA	5	2022649	AGCCAAGA+GATCGGTC	data/samples_for_assignment/A_655_2022649_10484831_237LGHLT3_L5_R1.fastq.gz	data/samples_for_assignment/A_655_2022649_10484831_237LGHLT3_L5_R2.fastq.gz	86395	73595
2022650	1	2025Sept-Jess-Msa-06	237LGHLT3	ILLUMINA	5	2022650	CGGTGTGA+GGATGAAA	data/samples_for_assignment/A_656_2022650_10484831_237LGHLT3_L5_R1.fastq.gz	data/samples_for_assignment/A_656_2022650_10484831_237LGHLT3_L5_R2.fastq.gz	260854	258852
2022651	1	2025Sept-Jess-Msa-06	237LGHLT3	ILLUMINA	5	2022651	GTAACGTT+TAGATCGC	data/samples_for_assignment/A_657_2022651_10484831_237LGHLT3_L5_R1.fastq.gz	data/samples_for_assignment/A_657_2022651_10484831_237LGHLT3_L5_R2.fastq.gz	138389	126802
2022652	1	2025Sept-Jess-Msa-06	237LGHLT3	ILLUMINA	5	2022652	CGAGGCCG+TATCCTCT	data/samples_for_assignment/A_658_2022652_10484831_237LGHLT3_L5_R1.fastq.gz	data/samples_for_assignment/A_658_2022652_10484831_237LGHLT3_L5_R2.fastq.gz	100787	99369
2022653	1	2025Sept-Jess-Msa-06	237LGHLT3	ILLUMINA	5	2022653	GCCTCTGT+AGAGTAGA	data/samples_for_assignment/A_659_2022653_10484831_237LGHLT3_L5_R1.fastq.gz	data/samples_for_assignment/A_659_2022653_10484831_237LGHLT3_L5_R2.fastq.gz	256806	255517
2022654	1	2025Sept-Jess-Msa-06	237LGHLT3	ILLUMINA	5	2022654	GGTTCCTA+GTAAGGAG	data/samples_for_assignment/A_660_2022654_10484831_237LGHLT3_L5_R1.fastq.gz	data/samples_for_assignment/A_660_2022654_10484831_237LGHLT3_L5_R2.fastq.gz	157961	157303
2022655	1	2025Sept-Jess-Msa-06	237LGHLT3	ILLUMINA	5	2022655	ATACCTAT+ACTGCATA	data/samples_for_assignment/A_661_2022655_10484831_237LGHLT3_L5_R1.fastq.gz	data/samples_for_assignment/A_661_2022655_10484831_237LGHLT3_L5_R2.fastq.gz	206993	206281
2022656	1	2025Sept-Jess-Msa-06	237LGHLT3	ILLUMINA	5	2022656	CGTGAAGG+AAGGAGTA	data/samples_for_assignment/A_662_2022656_10484831_237LGHLT3_L5_R1.fastq.gz	data/samples_for_assignment/A_662_2022656_10484831_237LGHLT3_L5_R2.fastq.gz	50466	50289
2022657	1	2025Sept-Jess-Msa-06	237LGHLT3	ILLUMINA	5	2022657	TATTGGCC+CGTCTAAT	data/samples_for_assignment/A_663_2022657_10484831_237LGHLT3_L5_R1.fastq.gz	data/samples_for_assignment/A_663_2022657_10484831_237LGHLT3_L5_R2.fastq.gz	137006	136002
2022658	1	2025Sept-Jess-Msa-06	237LGHLT3	ILLUMINA	5	2022658	TCCAATTG+TCTCTCCG	data/samples_for_assignment/A_664_2022658_10484831_237LGHLT3_L5_R1.fastq.gz	data/samples_for_assignment/A_664_2022658_10484831_237LGHLT3_L5_R2.fastq.gz	66862	66476
2022659	1	2025Sept-Jess-Msa-06	237LGHLT3	ILLUMINA	5	2022659	CAGCAATT+TCGACTAG	data/samples_for_assignment/A_665_2022659_10484831_237LGHLT3_L5_R1.fastq.gz	data/samples_for_assignment/A_665_2022659_10484831_237LGHLT3_L5_R2.fastq.gz	40948	40964
2022660	1	2025Sept-Jess-Msa-06	237LGHLT3	ILLUMINA	5	2022660	GCGTATAG+TTCTAGCT	data/samples_for_assignment/A_666_2022660_10484831_237LGHLT3_L5_R1.fastq.gz	data/samples_for_assignment/A_666_2022660_10484831_237LGHLT3_L5_R2.fastq.gz	31479	30727
2022661	1	2025Sept-Jess-Msa-06	237LGHLT3	ILLUMINA	5	2022661	GAGAATAC+CCTAGAGT	data/samples_for_assignment/A_667_2022661_10484831_237LGHLT3_L5_R1.fastq.gz	data/samples_for_assignment/A_667_2022661_10484831_237LGHLT3_L5_R2.fastq.gz	9074	9039
2022662	1	2025Sept-Jess-Msa-06	237LGHLT3	ILLUMINA	5	2022662	CAGCGGTC+GCGTAAGA	data/samples_for_assignment/A_668_2022662_10484831_237LGHLT3_L5_R1.fastq.gz	data/samples_for_assignment/A_668_2022662_10484831_237LGHLT3_L5_R2.fastq.gz	21938	21857
2022663	1	2025Sept-Jess-Msa-06	237LGHLT3	ILLUMINA	5	2022663	TCGGAGTT+CTATTAAG	data/samples_for_assignment/A_669_2022663_10484831_237LGHLT3_L5_R1.fastq.gz	data/samples_for_assignment/A_669_2022663_10484831_237LGHLT3_L5_R2.fastq.gz	4607	4573
2022664	1	2025Sept-Jess-Msa-06	237LGHLT3	ILLUMINA	5	2022664	AATATTCA+AAGGCTAT	data/samples_for_assignment/A_670_2022664_10484831_237LGHLT3_L5_R1.fastq.gz	data/samples_for_assignment/A_670_2022664_10484831_237LGHLT3_L5_R2.fastq.gz	46248	46209
2022665	1	2025Sept-Jess-Msa-06	237LGHLT3	ILLUMINA	5	2022665	ATGCGGTT+GAGCCTTA	data/samples_for_assignment/A_671_2022665_10484831_237LGHLT3_L5_R1.fastq.gz	data/samples_for_assignment/A_671_2022665_10484831_237LGHLT3_L5_R2.fastq.gz	54461	54369
neg7	1	2025Sept-Jess-Msa-06	237LGHLT3	ILLUMINA	5	neg7	GACGGAGC+TTATGCGA	data/samples_for_assignment/A_672_neg7_10484831_237LGHLT3_L5_R1.fastq.gz	data/samples_for_assignment/A_672_neg7_10484831_237LGHLT3_L5_R2.fastq.gz	188	189
2022666	1	2025Sept-Jess-Msa-07	237LGHLT3	ILLUMINA	5	2022666	TTCCATCT+CTACAAGA	data/samples_for_assignment/A_673_2022666_10484831_237LGHLT3_L5_R1.fastq.gz	data/samples_for_assignment/A_673_2022666_10484831_237LGHLT3_L5_R2.fastq.gz	94375	94217
2022667	1	2025Sept-Jess-Msa-07	237LGHLT3	ILLUMINA	5	2022667	AACGGTGT+TATAGTAG	data/samples_for_assignment/A_674_2022667_10484831_237LGHLT3_L5_R1.fastq.gz	data/samples_for_assignment/A_674_2022667_10484831_237LGHLT3_L5_R2.fastq.gz	42267	42130
2022668	1	2025Sept-Jess-Msa-07	237LGHLT3	ILLUMINA	5	2022668	TTGTTATC+TGCCTGGT	data/samples_for_assignment/A_675_2022668_10484831_237LGHLT3_L5_R1.fastq.gz	data/samples_for_assignment/A_675_2022668_10484831_237LGHLT3_L5_R2.fastq.gz	104035	103553
2022669	1	2025Sept-Jess-Msa-07	237LGHLT3	ILLUMINA	5	2022669	TATGCGAT+ACATTATC	data/samples_for_assignment/A_676_2022669_10484831_237LGHLT3_L5_R1.fastq.gz	data/samples_for_assignment/A_676_2022669_10484831_237LGHLT3_L5_R2.fastq.gz	85815	79145
2022670	1	2025Sept-Jess-Msa-07	237LGHLT3	ILLUMINA	5	2022670	TGACAATC+GTCCACTT	data/samples_for_assignment/A_677_2022670_10484831_237LGHLT3_L5_R1.fastq.gz	data/samples_for_assignment/A_677_2022670_10484831_237LGHLT3_L5_R2.fastq.gz	128701	127935
2022671	1	2025Sept-Jess-Msa-07	237LGHLT3	ILLUMINA	5	2022671	GTTGTTGG+GTTGATAG	data/samples_for_assignment/A_678_2022671_10484831_237LGHLT3_L5_R1.fastq.gz	data/samples_for_assignment/A_678_2022671_10484831_237LGHLT3_L5_R2.fastq.gz	171639	170948
2022672	1	2025Sept-Jess-Msa-07	237LGHLT3	ILLUMINA	5	2022672	GCGTTCGC+ACCAGCGA	data/samples_for_assignment/A_679_2022672_10484831_237LGHLT3_L5_R1.fastq.gz	data/samples_for_assignment/A_679_2022672_10484831_237LGHLT3_L5_R2.fastq.gz	30674	30544
2022673	1	2025Sept-Jess-Msa-07	237LGHLT3	ILLUMINA	5	2022673	CCACCGCT+CATACACT	data/samples_for_assignment/A_680_2022673_10484831_237LGHLT3_L5_R1.fastq.gz	data/samples_for_assignment/A_680_2022673_10484831_237LGHLT3_L5_R2.fastq.gz	139846	138740
2022674	1	2025Sept-Jess-Msa-07	237LGHLT3	ILLUMINA	5	2022674	TGTTCGTC+GTGTGGCG	data/samples_for_assignment/A_681_2022674_10484831_237LGHLT3_L5_R1.fastq.gz	data/samples_for_assignment/A_681_2022674_10484831_237LGHLT3_L5_R2.fastq.gz	126284	126468
2022675	1	2025Sept-Jess-Msa-07	237LGHLT3	ILLUMINA	5	2022675	CGAATATA+ATCACGAA	data/samples_for_assignment/A_682_2022675_10484831_237LGHLT3_L5_R1.fastq.gz	data/samples_for_assignment/A_682_2022675_10484831_237LGHLT3_L5_R2.fastq.gz	88942	88740
2022676	1	2025Sept-Jess-Msa-07	237LGHLT3	ILLUMINA	5	2022676	TCGTCGCG+CGGCTCTA	data/samples_for_assignment/A_683_2022676_10484831_237LGHLT3_L5_R1.fastq.gz	data/samples_for_assignment/A_683_2022676_10484831_237LGHLT3_L5_R2.fastq.gz	86234	85816
2022677	1	2025Sept-Jess-Msa-07	237LGHLT3	ILLUMINA	5	2022677	TCCGAGGC+TCGGCAGC	data/samples_for_assignment/A_684_2022677_10484831_237LGHLT3_L5_R1.fastq.gz	data/samples_for_assignment/A_684_2022677_10484831_237LGHLT3_L5_R2.fastq.gz	167116	152330
2022678	1	2025Sept-Jess-Msa-07	237LGHLT3	ILLUMINA	5	2022678	CTGTCTCA+GGCCTGTC	data/samples_for_assignment/A_685_2022678_10484831_237LGHLT3_L5_R1.fastq.gz	data/samples_for_assignment/A_685_2022678_10484831_237LGHLT3_L5_R2.fastq.gz	119943	93686
2022679	1	2025Sept-Jess-Msa-07	237LGHLT3	ILLUMINA	5	2022679	TGCGAACA+CTGTGTTA	data/samples_for_assignment/A_686_2022679_10484831_237LGHLT3_L5_R1.fastq.gz	data/samples_for_assignment/A_686_2022679_10484831_237LGHLT3_L5_R2.fastq.gz	173549	172435
2022680	1	2025Sept-Jess-Msa-07	237LGHLT3	ILLUMINA	5	2022680	TTCTTGGA+TAAGGAAC	data/samples_for_assignment/A_687_2022680_10484831_237LGHLT3_L5_R1.fastq.gz	data/samples_for_assignment/A_687_2022680_10484831_237LGHLT3_L5_R2.fastq.gz	173716	170674
2022681	1	2025Sept-Jess-Msa-07	237LGHLT3	ILLUMINA	5	2022681	CCTACAGC+AATAGAGC	data/samples_for_assignment/A_688_2022681_10484831_237LGHLT3_L5_R1.fastq.gz	data/samples_for_assignment/A_688_2022681_10484831_237LGHLT3_L5_R2.fastq.gz	144547	136614
2022682	1	2025Sept-Jess-Msa-07	237LGHLT3	ILLUMINA	5	2022682	CCAGGTAT+TCCGACCT	data/samples_for_assignment/A_689_2022682_10484831_237LGHLT3_L5_R1.fastq.gz	data/samples_for_assignment/A_689_2022682_10484831_237LGHLT3_L5_R2.fastq.gz	281518	280764
2022683	1	2025Sept-Jess-Msa-07	237LGHLT3	ILLUMINA	5	2022683	GGTCCAAC+CTTATGGA	data/samples_for_assignment/A_690_2022683_10484831_237LGHLT3_L5_R1.fastq.gz	data/samples_for_assignment/A_690_2022683_10484831_237LGHLT3_L5_R2.fastq.gz	150313	149609
2022684	1	2025Sept-Jess-Msa-07	237LGHLT3	ILLUMINA	5	2022684	AACTTGGT+GCTTACGG	data/samples_for_assignment/A_691_2022684_10484831_237LGHLT3_L5_R1.fastq.gz	data/samples_for_assignment/A_691_2022684_10484831_237LGHLT3_L5_R2.fastq.gz	138682	138764
2022685	1	2025Sept-Jess-Msa-07	237LGHLT3	ILLUMINA	5	2022685	CGCCACAC+GAACATAC	data/samples_for_assignment/A_692_2022685_10484831_237LGHLT3_L5_R1.fastq.gz	data/samples_for_assignment/A_692_2022685_10484831_237LGHLT3_L5_R2.fastq.gz	190836	186759
2022686	1	2025Sept-Jess-Msa-07	237LGHLT3	ILLUMINA	5	2022686	CTACTGCC+GTCGATTA	data/samples_for_assignment/A_693_2022686_10484831_237LGHLT3_L5_R1.fastq.gz	data/samples_for_assignment/A_693_2022686_10484831_237LGHLT3_L5_R2.fastq.gz	201747	200823
neg	1	2025Sept-Jess-Msa-07	237LGHLT3	ILLUMINA	5	neg	CCTTAATC+ACTAGCCG	data/samples_for_assignment/A_694_neg_10484831_237LGHLT3_L5_R1.fastq.gz	data/samples_for_assignment/A_694_neg_10484831_237LGHLT3_L5_R2.fastq.gz	111	111
2022688	1	2025Sept-Jess-Msa-07	237LGHLT3	ILLUMINA	5	2022688	CACGAGAC+TGGCAATA	data/samples_for_assignment/A_695_2022688_10484831_237LGHLT3_L5_R1.fastq.gz	data/samples_for_assignment/A_695_2022688_10484831_237LGHLT3_L5_R2.fastq.gz	226571	225048
2022689	1	2025Sept-Jess-Msa-07	237LGHLT3	ILLUMINA	5	2022689	CTGGTTGT+TACCATCC	data/samples_for_assignment/A_696_2022689_10484831_237LGHLT3_L5_R1.fastq.gz	data/samples_for_assignment/A_696_2022689_10484831_237LGHLT3_L5_R2.fastq.gz	161570	147578
2022690	1	2025Sept-Jess-Msa-07	237LGHLT3	ILLUMINA	5	2022690	ATTCTGCT+GCTGTAGG	data/samples_for_assignment/A_697_2022690_10484831_237LGHLT3_L5_R1.fastq.gz	data/samples_for_assignment/A_697_2022690_10484831_237LGHLT3_L5_R2.fastq.gz	133169	133209
2022691	1	2025Sept-Jess-Msa-07	237LGHLT3	ILLUMINA	5	2022691	CACGACTG+CGCACTAA	data/samples_for_assignment/A_698_2022691_10484831_237LGHLT3_L5_R1.fastq.gz	data/samples_for_assignment/A_698_2022691_10484831_237LGHLT3_L5_R2.fastq.gz	102875	102353
2022692	1	2025Sept-Jess-Msa-07	237LGHLT3	ILLUMINA	5	2022692	GGTTAGAC+AGTGGTCA	data/samples_for_assignment/A_699_2022692_10484831_237LGHLT3_L5_R1.fastq.gz	data/samples_for_assignment/A_699_2022692_10484831_237LGHLT3_L5_R2.fastq.gz	101944	100668
2022693	1	2025Sept-Jess-Msa-07	237LGHLT3	ILLUMINA	5	2022693	CCGAGTTC+TTCTATGG	data/samples_for_assignment/A_700_2022693_10484831_237LGHLT3_L5_R1.fastq.gz	data/samples_for_assignment/A_700_2022693_10484831_237LGHLT3_L5_R2.fastq.gz	170208	168988
2022694	1	2025Sept-Jess-Msa-07	237LGHLT3	ILLUMINA	5	2022694	TGATAACT+AATCCGGC	data/samples_for_assignment/A_701_2022694_10484831_237LGHLT3_L5_R1.fastq.gz	data/samples_for_assignment/A_701_2022694_10484831_237LGHLT3_L5_R2.fastq.gz	136248	133385
2022695	1	2025Sept-Jess-Msa-07	237LGHLT3	ILLUMINA	5	2022695	CTCGGACT+CCATAAGG	data/samples_for_assignment/A_702_2022695_10484831_237LGHLT3_L5_R1.fastq.gz	data/samples_for_assignment/A_702_2022695_10484831_237LGHLT3_L5_R2.fastq.gz	770	765
2022696	1	2025Sept-Jess-Msa-07	237LGHLT3	ILLUMINA	5	2022696	GGAACTGT+CTGGTACA	data/samples_for_assignment/A_703_2022696_10484831_237LGHLT3_L5_R1.fastq.gz	data/samples_for_assignment/A_703_2022696_10484831_237LGHLT3_L5_R2.fastq.gz	27499	27339
2022697	1	2025Sept-Jess-Msa-07	237LGHLT3	ILLUMINA	5	2022697	TCGGATAA+TCAACGTG	data/samples_for_assignment/A_704_2022697_10484831_237LGHLT3_L5_R1.fastq.gz	data/samples_for_assignment/A_704_2022697_10484831_237LGHLT3_L5_R2.fastq.gz	791	783
2022698	1	2025Sept-Jess-Msa-07	237LGHLT3	ILLUMINA	5	2022698	TAGACTAT+ACTGTTGT	data/samples_for_assignment/A_705_2022698_10484831_237LGHLT3_L5_R1.fastq.gz	data/samples_for_assignment/A_705_2022698_10484831_237LGHLT3_L5_R2.fastq.gz	47081	46788
2022699	1	2025Sept-Jess-Msa-07	237LGHLT3	ILLUMINA	5	2022699	TACCGCAC+AGCACATC	data/samples_for_assignment/A_706_2022699_10484831_237LGHLT3_L5_R1.fastq.gz	data/samples_for_assignment/A_706_2022699_10484831_237LGHLT3_L5_R2.fastq.gz	86310	79614
2022700	1	2025Sept-Jess-Msa-07	237LGHLT3	ILLUMINA	5	2022700	AGGATATC+TTCCGTCG	data/samples_for_assignment/A_707_2022700_10484831_237LGHLT3_L5_R1.fastq.gz	data/samples_for_assignment/A_707_2022700_10484831_237LGHLT3_L5_R2.fastq.gz	109307	107771
2022701	1	2025Sept-Jess-Msa-07	237LGHLT3	ILLUMINA	5	2022701	ATACGCGA+CTTAACCA	data/samples_for_assignment/A_708_2022701_10484831_237LGHLT3_L5_R1.fastq.gz	data/samples_for_assignment/A_708_2022701_10484831_237LGHLT3_L5_R2.fastq.gz	89332	88855
2022702	1	2025Sept-Jess-Msa-07	237LGHLT3	ILLUMINA	5	2022702	CTTAGAAT+GCCTCGGA	data/samples_for_assignment/A_709_2022702_10484831_237LGHLT3_L5_R1.fastq.gz	data/samples_for_assignment/A_709_2022702_10484831_237LGHLT3_L5_R2.fastq.gz	169309	169739
2022703	1	2025Sept-Jess-Msa-07	237LGHLT3	ILLUMINA	5	2022703	GAAGCGCT+ATAGACCG	data/samples_for_assignment/A_710_2022703_10484831_237LGHLT3_L5_R1.fastq.gz	data/samples_for_assignment/A_710_2022703_10484831_237LGHLT3_L5_R2.fastq.gz	134908	134614
2022704	1	2025Sept-Jess-Msa-07	237LGHLT3	ILLUMINA	5	2022704	CTATCAAC+ACAGTTCC	data/samples_for_assignment/A_711_2022704_10484831_237LGHLT3_L5_R1.fastq.gz	data/samples_for_assignment/A_711_2022704_10484831_237LGHLT3_L5_R2.fastq.gz	138902	133893
2022705	1	2025Sept-Jess-Msa-07	237LGHLT3	ILLUMINA	5	2022705	GTTCGGTA+AGGCATGT	data/samples_for_assignment/A_712_2022705_10484831_237LGHLT3_L5_R1.fastq.gz	data/samples_for_assignment/A_712_2022705_10484831_237LGHLT3_L5_R2.fastq.gz	149116	147844
2022706	1	2025Sept-Jess-Msa-07	237LGHLT3	ILLUMINA	5	2022706	GCATAACC+TTGGCTCC	data/samples_for_assignment/A_713_2022706_10484831_237LGHLT3_L5_R1.fastq.gz	data/samples_for_assignment/A_713_2022706_10484831_237LGHLT3_L5_R2.fastq.gz	208506	202249
2022707	1	2025Sept-Jess-Msa-07	237LGHLT3	ILLUMINA	5	2022707	GTGGAAGC+TTACAATT	data/samples_for_assignment/A_714_2022707_10484831_237LGHLT3_L5_R1.fastq.gz	data/samples_for_assignment/A_714_2022707_10484831_237LGHLT3_L5_R2.fastq.gz	202518	201434
2022708	1	2025Sept-Jess-Msa-07	237LGHLT3	ILLUMINA	5	2022708	CCATATCT+AACCTAGC	data/samples_for_assignment/A_715_2022708_10484831_237LGHLT3_L5_R1.fastq.gz	data/samples_for_assignment/A_715_2022708_10484831_237LGHLT3_L5_R2.fastq.gz	242695	232386
2022709	1	2025Sept-Jess-Msa-07	237LGHLT3	ILLUMINA	5	2022709	TTCATATT+GGAATTCC	data/samples_for_assignment/A_716_2022709_10484831_237LGHLT3_L5_R1.fastq.gz	data/samples_for_assignment/A_716_2022709_10484831_237LGHLT3_L5_R2.fastq.gz	213852	207507
2022710	1	2025Sept-Jess-Msa-07	237LGHLT3	ILLUMINA	5	2022710	GGTATCTG+AAGCGCGC	data/samples_for_assignment/A_717_2022710_10484831_237LGHLT3_L5_R1.fastq.gz	data/samples_for_assignment/A_717_2022710_10484831_237LGHLT3_L5_R2.fastq.gz	68371	65902
2022712	1	2025Sept-Jess-Msa-07	237LGHLT3	ILLUMINA	5	2022712	ACGGCCGT+TGAGCGTT	data/samples_for_assignment/A_718_2022712_10484831_237LGHLT3_L5_R1.fastq.gz	data/samples_for_assignment/A_718_2022712_10484831_237LGHLT3_L5_R2.fastq.gz	158409	157828
2022713	1	2025Sept-Jess-Msa-07	237LGHLT3	ILLUMINA	5	2022713	GTAATTAC+ATCATAGG	data/samples_for_assignment/A_719_2022713_10484831_237LGHLT3_L5_R1.fastq.gz	data/samples_for_assignment/A_719_2022713_10484831_237LGHLT3_L5_R2.fastq.gz	169610	169366
2022714	1	2025Sept-Jess-Msa-07	237LGHLT3	ILLUMINA	5	2022714	CCACTAAT+TGTTAGAA	data/samples_for_assignment/A_720_2022714_10484831_237LGHLT3_L5_R1.fastq.gz	data/samples_for_assignment/A_720_2022714_10484831_237LGHLT3_L5_R2.fastq.gz	239011	237841
2022715	1	2025Sept-Jess-Msa-07	237LGHLT3	ILLUMINA	5	2022715	AGTTAGCA+GATGGATG	data/samples_for_assignment/A_721_2022715_10484831_237LGHLT3_L5_R1.fastq.gz	data/samples_for_assignment/A_721_2022715_10484831_237LGHLT3_L5_R2.fastq.gz	83969	83658
2022716	1	2025Sept-Jess-Msa-07	237LGHLT3	ILLUMINA	5	2022716	AGGTCTTA+ACGGCCGT	data/samples_for_assignment/A_722_2022716_10484831_237LGHLT3_L5_R1.fastq.gz	data/samples_for_assignment/A_722_2022716_10484831_237LGHLT3_L5_R2.fastq.gz	107154	106677
2022717	1	2025Sept-Jess-Msa-07	237LGHLT3	ILLUMINA	5	2022717	AACGCGGA+CGTTGCTT	data/samples_for_assignment/A_723_2022717_10484831_237LGHLT3_L5_R1.fastq.gz	data/samples_for_assignment/A_723_2022717_10484831_237LGHLT3_L5_R2.fastq.gz	56020	53574
2022718	1	2025Sept-Jess-Msa-07	237LGHLT3	ILLUMINA	5	2022718	TGCAACCT+TGACTACA	data/samples_for_assignment/A_724_2022718_10484831_237LGHLT3_L5_R1.fastq.gz	data/samples_for_assignment/A_724_2022718_10484831_237LGHLT3_L5_R2.fastq.gz	6739	6786
2022719	1	2025Sept-Jess-Msa-07	237LGHLT3	ILLUMINA	5	2022719	CATGGTTC+CGGCCTCG	data/samples_for_assignment/A_725_2022719_10484831_237LGHLT3_L5_R1.fastq.gz	data/samples_for_assignment/A_725_2022719_10484831_237LGHLT3_L5_R2.fastq.gz	92542	92006
2022720	1	2025Sept-Jess-Msa-07	237LGHLT3	ILLUMINA	5	2022720	CTAGACCA+CAAGCATC	data/samples_for_assignment/A_726_2022720_10484831_237LGHLT3_L5_R1.fastq.gz	data/samples_for_assignment/A_726_2022720_10484831_237LGHLT3_L5_R2.fastq.gz	33911	31696
2022721	1	2025Sept-Jess-Msa-07	237LGHLT3	ILLUMINA	5	2022721	GGCGTGCC+TCGTCTGA	data/samples_for_assignment/A_727_2022721_10484831_237LGHLT3_L5_R1.fastq.gz	data/samples_for_assignment/A_727_2022721_10484831_237LGHLT3_L5_R2.fastq.gz	78148	77665
2022722	1	2025Sept-Jess-Msa-07	237LGHLT3	ILLUMINA	5	2022722	GTCCAGCA+AGACACAT	data/samples_for_assignment/A_728_2022722_10484831_237LGHLT3_L5_R1.fastq.gz	data/samples_for_assignment/A_728_2022722_10484831_237LGHLT3_L5_R2.fastq.gz	152297	151404
2022723	1	2025Sept-Jess-Msa-07	237LGHLT3	ILLUMINA	5	2022723	GTATTAAT+GCGCGATG	data/samples_for_assignment/A_729_2022723_10484831_237LGHLT3_L5_R1.fastq.gz	data/samples_for_assignment/A_729_2022723_10484831_237LGHLT3_L5_R2.fastq.gz	233433	233715
2022724	1	2025Sept-Jess-Msa-07	237LGHLT3	ILLUMINA	5	2022724	TGTGACTA+GATACCTC	data/samples_for_assignment/A_730_2022724_10484831_237LGHLT3_L5_R1.fastq.gz	data/samples_for_assignment/A_730_2022724_10484831_237LGHLT3_L5_R2.fastq.gz	127190	119607
2022725	1	2025Sept-Jess-Msa-07	237LGHLT3	ILLUMINA	5	2022725	GCATCTTG+GAACCATG	data/samples_for_assignment/A_731_2022725_10484831_237LGHLT3_L5_R1.fastq.gz	data/samples_for_assignment/A_731_2022725_10484831_237LGHLT3_L5_R2.fastq.gz	161702	161468
2022726	1	2025Sept-Jess-Msa-07	237LGHLT3	ILLUMINA	5	2022726	AGTCTCGT+GGCCATCA	data/samples_for_assignment/A_732_2022726_10484831_237LGHLT3_L5_R1.fastq.gz	data/samples_for_assignment/A_732_2022726_10484831_237LGHLT3_L5_R2.fastq.gz	145176	145374
2022727	1	2025Sept-Jess-Msa-07	237LGHLT3	ILLUMINA	5	2022727	CGCCATTG+TATGTGCA	data/samples_for_assignment/A_733_2022727_10484831_237LGHLT3_L5_R1.fastq.gz	data/samples_for_assignment/A_733_2022727_10484831_237LGHLT3_L5_R2.fastq.gz	159586	157644
2022728	1	2025Sept-Jess-Msa-07	237LGHLT3	ILLUMINA	5	2022728	CGAATTAG+ATGTAGAC	data/samples_for_assignment/A_734_2022728_10484831_237LGHLT3_L5_R1.fastq.gz	data/samples_for_assignment/A_734_2022728_10484831_237LGHLT3_L5_R2.fastq.gz	26952	26401
2022729	1	2025Sept-Jess-Msa-07	237LGHLT3	ILLUMINA	5	2022729	AGACCATG+CACATCGG	data/samples_for_assignment/A_735_2022729_10484831_237LGHLT3_L5_R1.fastq.gz	data/samples_for_assignment/A_735_2022729_10484831_237LGHLT3_L5_R2.fastq.gz	110614	110911
2022730	1	2025Sept-Jess-Msa-07	237LGHLT3	ILLUMINA	5	2022730	CACAGTAT+TTAAGTTG	data/samples_for_assignment/A_736_2022730_10484831_237LGHLT3_L5_R1.fastq.gz	data/samples_for_assignment/A_736_2022730_10484831_237LGHLT3_L5_R2.fastq.gz	175035	174054
2019001	1	2025Sept-Jess-Msa-07	237LGHLT3	ILLUMINA	5	2019001	TTGTCGGC+CGGACAGT	data/samples_for_assignment/A_737_2019001_10484831_237LGHLT3_L5_R1.fastq.gz	data/samples_for_assignment/A_737_2019001_10484831_237LGHLT3_L5_R2.fastq.gz	58456	57559
2019002	1	2025Sept-Jess-Msa-07	237LGHLT3	ILLUMINA	5	2019002	GTTATATC+TCCACGGC	data/samples_for_assignment/A_738_2019002_10484831_237LGHLT3_L5_R1.fastq.gz	data/samples_for_assignment/A_738_2019002_10484831_237LGHLT3_L5_R2.fastq.gz	61772	63310
2019003	1	2025Sept-Jess-Msa-07	237LGHLT3	ILLUMINA	5	2019003	ACCGGCGA+TGTGATGT	data/samples_for_assignment/A_739_2019003_10484831_237LGHLT3_L5_R1.fastq.gz	data/samples_for_assignment/A_739_2019003_10484831_237LGHLT3_L5_R2.fastq.gz	101017	99338
2019004	1	2025Sept-Jess-Msa-07	237LGHLT3	ILLUMINA	5	2019004	GAGAGTCT+GAGCGCAA	data/samples_for_assignment/A_740_2019004_10484831_237LGHLT3_L5_R1.fastq.gz	data/samples_for_assignment/A_740_2019004_10484831_237LGHLT3_L5_R2.fastq.gz	104678	104044
2019005	1	2025Sept-Jess-Msa-07	237LGHLT3	ILLUMINA	5	2019005	TATGTCTC+ATCTTACT	data/samples_for_assignment/A_741_2019005_10484831_237LGHLT3_L5_R1.fastq.gz	data/samples_for_assignment/A_741_2019005_10484831_237LGHLT3_L5_R2.fastq.gz	36706	36511
2019006	1	2025Sept-Jess-Msa-07	237LGHLT3	ILLUMINA	5	2019006	AATGATAC+ATGTCGTG	data/samples_for_assignment/A_742_2019006_10484831_237LGHLT3_L5_R1.fastq.gz	data/samples_for_assignment/A_742_2019006_10484831_237LGHLT3_L5_R2.fastq.gz	25449	25276
2019007	1	2025Sept-Jess-Msa-07	237LGHLT3	ILLUMINA	5	2019007	CTAAGCGG+GTAGCCAT	data/samples_for_assignment/A_743_2019007_10484831_237LGHLT3_L5_R1.fastq.gz	data/samples_for_assignment/A_743_2019007_10484831_237LGHLT3_L5_R2.fastq.gz	89610	88831
2019008	1	2025Sept-Jess-Msa-07	237LGHLT3	ILLUMINA	5	2019008	ATCTGTGA+TGGTTAAG	data/samples_for_assignment/A_744_2019008_10484831_237LGHLT3_L5_R1.fastq.gz	data/samples_for_assignment/A_744_2019008_10484831_237LGHLT3_L5_R2.fastq.gz	60050	59751
2019009	1	2025Sept-Jess-Msa-07	237LGHLT3	ILLUMINA	5	2019009	GGACAAGT+TGTTGTTC	data/samples_for_assignment/A_745_2019009_10484831_237LGHLT3_L5_R1.fastq.gz	data/samples_for_assignment/A_745_2019009_10484831_237LGHLT3_L5_R2.fastq.gz	209234	203891
2019010	1	2025Sept-Jess-Msa-07	237LGHLT3	ILLUMINA	5	2019010	ATTAAGTG+CCAACAAC	data/samples_for_assignment/A_746_2019010_10484831_237LGHLT3_L5_R1.fastq.gz	data/samples_for_assignment/A_746_2019010_10484831_237LGHLT3_L5_R2.fastq.gz	120344	118128
2019011	1	2025Sept-Jess-Msa-07	237LGHLT3	ILLUMINA	5	2019011	CTGGAATG+ACCGGCTC	data/samples_for_assignment/A_747_2019011_10484831_237LGHLT3_L5_R1.fastq.gz	data/samples_for_assignment/A_747_2019011_10484831_237LGHLT3_L5_R2.fastq.gz	108773	100326
2019012	1	2025Sept-Jess-Msa-07	237LGHLT3	ILLUMINA	5	2019012	ATAACGAG+GTTAATCT	data/samples_for_assignment/A_748_2019012_10484831_237LGHLT3_L5_R1.fastq.gz	data/samples_for_assignment/A_748_2019012_10484831_237LGHLT3_L5_R2.fastq.gz	140460	136966
2019013	1	2025Sept-Jess-Msa-07	237LGHLT3	ILLUMINA	5	2019013	TGGCTTCT+TCCAAGAA	data/samples_for_assignment/A_749_2019013_10484831_237LGHLT3_L5_R1.fastq.gz	data/samples_for_assignment/A_749_2019013_10484831_237LGHLT3_L5_R2.fastq.gz	62222	62075
2019014	1	2025Sept-Jess-Msa-07	237LGHLT3	ILLUMINA	5	2019014	ACCGATTA+CCGAACGT	data/samples_for_assignment/A_750_2019014_10484831_237LGHLT3_L5_R1.fastq.gz	data/samples_for_assignment/A_750_2019014_10484831_237LGHLT3_L5_R2.fastq.gz	99024	98793
2019015	1	2025Sept-Jess-Msa-07	237LGHLT3	ILLUMINA	5	2019015	TGGTCCGG+TAACCGCC	data/samples_for_assignment/A_751_2019015_10484831_237LGHLT3_L5_R1.fastq.gz	data/samples_for_assignment/A_751_2019015_10484831_237LGHLT3_L5_R2.fastq.gz	38337	35636
2019016	1	2025Sept-Jess-Msa-07	237LGHLT3	ILLUMINA	5	2019016	TCTAAGTC+CTCCGTGC	data/samples_for_assignment/A_752_2019016_10484831_237LGHLT3_L5_R1.fastq.gz	data/samples_for_assignment/A_752_2019016_10484831_237LGHLT3_L5_R2.fastq.gz	93000	89619
2019017	1	2025Sept-Jess-Msa-07	237LGHLT3	ILLUMINA	5	2019017	GTGCATTC+CATTCCAG	data/samples_for_assignment/A_753_2019017_10484831_237LGHLT3_L5_R1.fastq.gz	data/samples_for_assignment/A_753_2019017_10484831_237LGHLT3_L5_R2.fastq.gz	158380	157761
2019018	1	2025Sept-Jess-Msa-07	237LGHLT3	ILLUMINA	5	2019018	GATACACG+GGTTATGC	data/samples_for_assignment/A_754_2019018_10484831_237LGHLT3_L5_R1.fastq.gz	data/samples_for_assignment/A_754_2019018_10484831_237LGHLT3_L5_R2.fastq.gz	89975	86550
2019019	1	2025Sept-Jess-Msa-07	237LGHLT3	ILLUMINA	5	2019019	CAATGAAT+ACCACACG	data/samples_for_assignment/A_755_2019019_10484831_237LGHLT3_L5_R1.fastq.gz	data/samples_for_assignment/A_755_2019019_10484831_237LGHLT3_L5_R2.fastq.gz	26743	26734
2019020	1	2025Sept-Jess-Msa-07	237LGHLT3	ILLUMINA	5	2019020	GAGTCGAG+TAGGTTCT	data/samples_for_assignment/A_756_2019020_10484831_237LGHLT3_L5_R1.fastq.gz	data/samples_for_assignment/A_756_2019020_10484831_237LGHLT3_L5_R2.fastq.gz	102871	101985
2019101	1	2025Sept-Jess-Msa-07	237LGHLT3	ILLUMINA	5	2019101	ACGAGAGC+TATGGCTC	data/samples_for_assignment/A_757_2019101_10484831_237LGHLT3_L5_R1.fastq.gz	data/samples_for_assignment/A_757_2019101_10484831_237LGHLT3_L5_R2.fastq.gz	92517	89331
2019102	1	2025Sept-Jess-Msa-07	237LGHLT3	ILLUMINA	5	2019102	TGAGGTCC+CTCGTGCG	data/samples_for_assignment/A_758_2019102_10484831_237LGHLT3_L5_R1.fastq.gz	data/samples_for_assignment/A_758_2019102_10484831_237LGHLT3_L5_R2.fastq.gz	113033	111603
2019103	1	2025Sept-Jess-Msa-07	237LGHLT3	ILLUMINA	5	2019103	AGAGACTC+CCAGTTGG	data/samples_for_assignment/A_759_2019103_10484831_237LGHLT3_L5_R1.fastq.gz	data/samples_for_assignment/A_759_2019103_10484831_237LGHLT3_L5_R2.fastq.gz	76951	77185
2019104	1	2025Sept-Jess-Msa-07	237LGHLT3	ILLUMINA	5	2019104	GCTCCGTT+AACCGCAT	data/samples_for_assignment/A_760_2019104_10484831_237LGHLT3_L5_R1.fastq.gz	data/samples_for_assignment/A_760_2019104_10484831_237LGHLT3_L5_R2.fastq.gz	95834	93182
2019105	1	2025Sept-Jess-Msa-07	237LGHLT3	ILLUMINA	5	2019105	ACATCACA+CGAAGGTT	data/samples_for_assignment/A_761_2019105_10484831_237LGHLT3_L5_R1.fastq.gz	data/samples_for_assignment/A_761_2019105_10484831_237LGHLT3_L5_R2.fastq.gz	101331	100702
2019106	1	2025Sept-Jess-Msa-07	237LGHLT3	ILLUMINA	5	2019106	AAGACAAG+AGTGCCAC	data/samples_for_assignment/A_762_2019106_10484831_237LGHLT3_L5_R1.fastq.gz	data/samples_for_assignment/A_762_2019106_10484831_237LGHLT3_L5_R2.fastq.gz	101507	99197
2019107	1	2025Sept-Jess-Msa-07	237LGHLT3	ILLUMINA	5	2019107	CTCGTGCA+GAACAAGT	data/samples_for_assignment/A_763_2019107_10484831_237LGHLT3_L5_R1.fastq.gz	data/samples_for_assignment/A_763_2019107_10484831_237LGHLT3_L5_R2.fastq.gz	157279	155899
2019108	1	2025Sept-Jess-Msa-07	237LGHLT3	ILLUMINA	5	2019108	AATAGCAC+ACGATTGC	data/samples_for_assignment/A_764_2019108_10484831_237LGHLT3_L5_R1.fastq.gz	data/samples_for_assignment/A_764_2019108_10484831_237LGHLT3_L5_R2.fastq.gz	184290	163615
2019109	1	2025Sept-Jess-Msa-07	237LGHLT3	ILLUMINA	5	2019109	CACTAAGG+ACGCTAAT	data/samples_for_assignment/A_765_2019109_10484831_237LGHLT3_L5_R1.fastq.gz	data/samples_for_assignment/A_765_2019109_10484831_237LGHLT3_L5_R2.fastq.gz	118473	117613
2019110	1	2025Sept-Jess-Msa-07	237LGHLT3	ILLUMINA	5	2019110	GTCGGCAT+CGGTTATT	data/samples_for_assignment/A_766_2019110_10484831_237LGHLT3_L5_R1.fastq.gz	data/samples_for_assignment/A_766_2019110_10484831_237LGHLT3_L5_R2.fastq.gz	155817	155477
2019111	1	2025Sept-Jess-Msa-07	237LGHLT3	ILLUMINA	5	2019111	GACGCTAG+CATGTAGA	data/samples_for_assignment/A_767_2019111_10484831_237LGHLT3_L5_R1.fastq.gz	data/samples_for_assignment/A_767_2019111_10484831_237LGHLT3_L5_R2.fastq.gz	139000	138807
neg9	1	2025Sept-Jess-Msa-07	237LGHLT3	ILLUMINA	5	neg9	CGTAGGCA+GATTGTCA	data/samples_for_assignment/A_768_neg9_10484831_237LGHLT3_L5_R1.fastq.gz	data/samples_for_assignment/A_768_neg9_10484831_237LGHLT3_L5_R2.fastq.gz	136	136
2019112	1	2025Sept-Jess-Msa-08	237LGHLT3	ILLUMINA	5	2019112	GTTCTAGT+AGCGGTGG	data/samples_for_assignment/A_769_2019112_10484831_237LGHLT3_L5_R1.fastq.gz	data/samples_for_assignment/A_769_2019112_10484831_237LGHLT3_L5_R2.fastq.gz	34015	34510
2019113	1	2025Sept-Jess-Msa-08	237LGHLT3	ILLUMINA	5	2019113	AAGAGGTG+TATAGATT	data/samples_for_assignment/A_770_2019113_10484831_237LGHLT3_L5_R1.fastq.gz	data/samples_for_assignment/A_770_2019113_10484831_237LGHLT3_L5_R2.fastq.gz	150098	149474
2019114	1	2025Sept-Jess-Msa-08	237LGHLT3	ILLUMINA	5	2019114	GATCTGGC+ACAGAGGC	data/samples_for_assignment/A_771_2019114_10484831_237LGHLT3_L5_R1.fastq.gz	data/samples_for_assignment/A_771_2019114_10484831_237LGHLT3_L5_R2.fastq.gz	221867	221121
2019115	1	2025Sept-Jess-Msa-08	237LGHLT3	ILLUMINA	5	2019115	GAATCCAA+ATTCCTAT	data/samples_for_assignment/A_772_2019115_10484831_237LGHLT3_L5_R1.fastq.gz	data/samples_for_assignment/A_772_2019115_10484831_237LGHLT3_L5_R2.fastq.gz	57670	57429
2019116	1	2025Sept-Jess-Msa-08	237LGHLT3	ILLUMINA	5	2019116	CGGCTAGT+CGCCTTCT	data/samples_for_assignment/A_773_2019116_10484831_237LGHLT3_L5_R1.fastq.gz	data/samples_for_assignment/A_773_2019116_10484831_237LGHLT3_L5_R2.fastq.gz	167481	161717
2019117	1	2025Sept-Jess-Msa-08	237LGHLT3	ILLUMINA	5	2019117	GCTTGCCG+GCGCAGAG	data/samples_for_assignment/A_774_2019117_10484831_237LGHLT3_L5_R1.fastq.gz	data/samples_for_assignment/A_774_2019117_10484831_237LGHLT3_L5_R2.fastq.gz	88501	81811
2019118	1	2025Sept-Jess-Msa-08	237LGHLT3	ILLUMINA	5	2019118	CCTGTTGC+AGATATGG	data/samples_for_assignment/A_775_2019118_10484831_237LGHLT3_L5_R1.fastq.gz	data/samples_for_assignment/A_775_2019118_10484831_237LGHLT3_L5_R2.fastq.gz	185769	184286
2019119	1	2025Sept-Jess-Msa-08	237LGHLT3	ILLUMINA	5	2019119	TGACTGGT+CCTGCTTG	data/samples_for_assignment/A_776_2019119_10484831_237LGHLT3_L5_R1.fastq.gz	data/samples_for_assignment/A_776_2019119_10484831_237LGHLT3_L5_R2.fastq.gz	91423	91340
2019120	1	2025Sept-Jess-Msa-08	237LGHLT3	ILLUMINA	5	2019120	GATTCCGG+GACGAACA	data/samples_for_assignment/A_777_2019120_10484831_237LGHLT3_L5_R1.fastq.gz	data/samples_for_assignment/A_777_2019120_10484831_237LGHLT3_L5_R2.fastq.gz	94967	94937
2019121	1	2025Sept-Jess-Msa-08	237LGHLT3	ILLUMINA	5	2019121	TAAGGTGG+TGGCGGTC	data/samples_for_assignment/A_778_2019121_10484831_237LGHLT3_L5_R1.fastq.gz	data/samples_for_assignment/A_778_2019121_10484831_237LGHLT3_L5_R2.fastq.gz	129998	114955
2019122	1	2025Sept-Jess-Msa-08	237LGHLT3	ILLUMINA	5	2019122	ACTGCAAC+CTTCAGTT	data/samples_for_assignment/A_779_2019122_10484831_237LGHLT3_L5_R1.fastq.gz	data/samples_for_assignment/A_779_2019122_10484831_237LGHLT3_L5_R2.fastq.gz	125091	124071
2019123	1	2025Sept-Jess-Msa-08	237LGHLT3	ILLUMINA	5	2019123	AACGCACC+CGCGCCTA	data/samples_for_assignment/A_780_2019123_10484831_237LGHLT3_L5_R1.fastq.gz	data/samples_for_assignment/A_780_2019123_10484831_237LGHLT3_L5_R2.fastq.gz	112605	112375
2019124	1	2025Sept-Jess-Msa-08	237LGHLT3	ILLUMINA	5	2019124	TTACGCCG+AGGCCAGA	data/samples_for_assignment/A_781_2019124_10484831_237LGHLT3_L5_R1.fastq.gz	data/samples_for_assignment/A_781_2019124_10484831_237LGHLT3_L5_R2.fastq.gz	159003	158423
2019125	1	2025Sept-Jess-Msa-08	237LGHLT3	ILLUMINA	5	2019125	CTGATGTC+CCTTGAAC	data/samples_for_assignment/A_782_2019125_10484831_237LGHLT3_L5_R1.fastq.gz	data/samples_for_assignment/A_782_2019125_10484831_237LGHLT3_L5_R2.fastq.gz	169894	165835
2019126	1	2025Sept-Jess-Msa-08	237LGHLT3	ILLUMINA	5	2019126	AGGAGGAA+TTCATCCA	data/samples_for_assignment/A_783_2019126_10484831_237LGHLT3_L5_R1.fastq.gz	data/samples_for_assignment/A_783_2019126_10484831_237LGHLT3_L5_R2.fastq.gz	138313	138054
2019128	1	2025Sept-Jess-Msa-08	237LGHLT3	ILLUMINA	5	2019128	CTTACACA+CATAACAC	data/samples_for_assignment/A_784_2019128_10484831_237LGHLT3_L5_R1.fastq.gz	data/samples_for_assignment/A_784_2019128_10484831_237LGHLT3_L5_R2.fastq.gz	159357	155962
2019129	1	2025Sept-Jess-Msa-08	237LGHLT3	ILLUMINA	5	2019129	TGGACGCA+TCCTATTA	data/samples_for_assignment/A_785_2019129_10484831_237LGHLT3_L5_R1.fastq.gz	data/samples_for_assignment/A_785_2019129_10484831_237LGHLT3_L5_R2.fastq.gz	128164	127448
2019130	1	2025Sept-Jess-Msa-08	237LGHLT3	ILLUMINA	5	2019130	ACGCACCT+CGCGAGCC	data/samples_for_assignment/A_786_2019130_10484831_237LGHLT3_L5_R1.fastq.gz	data/samples_for_assignment/A_786_2019130_10484831_237LGHLT3_L5_R2.fastq.gz	146029	128489
2019131	1	2025Sept-Jess-Msa-08	237LGHLT3	ILLUMINA	5	2019131	CTGGCCAA+ATTACTCA	data/samples_for_assignment/A_787_2019131_10484831_237LGHLT3_L5_R1.fastq.gz	data/samples_for_assignment/A_787_2019131_10484831_237LGHLT3_L5_R2.fastq.gz	130195	129115
2019132	1	2025Sept-Jess-Msa-08	237LGHLT3	ILLUMINA	5	2019132	TCTGGCCT+AATTGGCG	data/samples_for_assignment/A_788_2019132_10484831_237LGHLT3_L5_R1.fastq.gz	data/samples_for_assignment/A_788_2019132_10484831_237LGHLT3_L5_R2.fastq.gz	120462	119759
2019133	1	2025Sept-Jess-Msa-08	237LGHLT3	ILLUMINA	5	2019133	TTAATGCT+TTGTCAAC	data/samples_for_assignment/A_789_2019133_10484831_237LGHLT3_L5_R1.fastq.gz	data/samples_for_assignment/A_789_2019133_10484831_237LGHLT3_L5_R2.fastq.gz	100634	98450
2019134	1	2025Sept-Jess-Msa-08	237LGHLT3	ILLUMINA	5	2019134	TGAGTAAT+GGCGAATT	data/samples_for_assignment/A_790_2019134_10484831_237LGHLT3_L5_R1.fastq.gz	data/samples_for_assignment/A_790_2019134_10484831_237LGHLT3_L5_R2.fastq.gz	110409	110161
2019135	1	2025Sept-Jess-Msa-08	237LGHLT3	ILLUMINA	5	2019135	CTCTGCGC+CAACGTCA	data/samples_for_assignment/A_791_2019135_10484831_237LGHLT3_L5_R1.fastq.gz	data/samples_for_assignment/A_791_2019135_10484831_237LGHLT3_L5_R2.fastq.gz	87227	84865
2019136	1	2025Sept-Jess-Msa-08	237LGHLT3	ILLUMINA	5	2019136	GTATGGCG+TCTTACAT	data/samples_for_assignment/A_792_2019136_10484831_237LGHLT3_L5_R1.fastq.gz	data/samples_for_assignment/A_792_2019136_10484831_237LGHLT3_L5_R2.fastq.gz	136985	135816
2019137	1	2025Sept-Jess-Msa-08	237LGHLT3	ILLUMINA	5	2019137	CATATAAC+CGCCATAC	data/samples_for_assignment/A_793_2019137_10484831_237LGHLT3_L5_R1.fastq.gz	data/samples_for_assignment/A_793_2019137_10484831_237LGHLT3_L5_R2.fastq.gz	148919	146631
2019138	1	2025Sept-Jess-Msa-08	237LGHLT3	ILLUMINA	5	2019138	TGCGAGTG+CTAATGTC	data/samples_for_assignment/A_794_2019138_10484831_237LGHLT3_L5_R1.fastq.gz	data/samples_for_assignment/A_794_2019138_10484831_237LGHLT3_L5_R2.fastq.gz	120585	100485
2019139	1	2025Sept-Jess-Msa-08	237LGHLT3	ILLUMINA	5	2019139	GAGCCGGT+CAACCGGA	data/samples_for_assignment/A_795_2019139_10484831_237LGHLT3_L5_R1.fastq.gz	data/samples_for_assignment/A_795_2019139_10484831_237LGHLT3_L5_R2.fastq.gz	152598	153634
2019140	1	2025Sept-Jess-Msa-08	237LGHLT3	ILLUMINA	5	2019140	CGGTCTAT+GGCAGTAG	data/samples_for_assignment/A_796_2019140_10484831_237LGHLT3_L5_R1.fastq.gz	data/samples_for_assignment/A_796_2019140_10484831_237LGHLT3_L5_R2.fastq.gz	145198	144325
2019141	1	2025Sept-Jess-Msa-08	237LGHLT3	ILLUMINA	5	2019141	TCAACCAC+TTAGGATA	data/samples_for_assignment/A_797_2019141_10484831_237LGHLT3_L5_R1.fastq.gz	data/samples_for_assignment/A_797_2019141_10484831_237LGHLT3_L5_R2.fastq.gz	126861	126034
2019142	1	2025Sept-Jess-Msa-08	237LGHLT3	ILLUMINA	5	2019142	TATTCAGT+GAGTTGTA	data/samples_for_assignment/A_798_2019142_10484831_237LGHLT3_L5_R1.fastq.gz	data/samples_for_assignment/A_798_2019142_10484831_237LGHLT3_L5_R2.fastq.gz	170994	170589
2019143	1	2025Sept-Jess-Msa-08	237LGHLT3	ILLUMINA	5	2019143	ATTATGGA+AACACGTG	data/samples_for_assignment/A_799_2019143_10484831_237LGHLT3_L5_R1.fastq.gz	data/samples_for_assignment/A_799_2019143_10484831_237LGHLT3_L5_R2.fastq.gz	127359	127159
2019144	1	2025Sept-Jess-Msa-08	237LGHLT3	ILLUMINA	5	2019144	TGGTTAAG+GTGTTACC	data/samples_for_assignment/A_800_2019144_10484831_237LGHLT3_L5_R1.fastq.gz	data/samples_for_assignment/A_800_2019144_10484831_237LGHLT3_L5_R2.fastq.gz	143458	139375
2019145	1	2025Sept-Jess-Msa-08	237LGHLT3	ILLUMINA	5	2019145	CAGTTCTG+TTGACCAA	data/samples_for_assignment/A_801_2019145_10484831_237LGHLT3_L5_R1.fastq.gz	data/samples_for_assignment/A_801_2019145_10484831_237LGHLT3_L5_R2.fastq.gz	250486	249150
2019146	1	2025Sept-Jess-Msa-08	237LGHLT3	ILLUMINA	5	2019146	TGAACCTG+CTGACCGG	data/samples_for_assignment/A_802_2019146_10484831_237LGHLT3_L5_R1.fastq.gz	data/samples_for_assignment/A_802_2019146_10484831_237LGHLT3_L5_R2.fastq.gz	186767	186616
2019147	1	2025Sept-Jess-Msa-08	237LGHLT3	ILLUMINA	5	2019147	AACCTTGG+GGACCAAC	data/samples_for_assignment/A_803_2019147_10484831_237LGHLT3_L5_R1.fastq.gz	data/samples_for_assignment/A_803_2019147_10484831_237LGHLT3_L5_R2.fastq.gz	202218	196488
2019148	1	2025Sept-Jess-Msa-08	237LGHLT3	ILLUMINA	5	2019148	TTCTCTCG+AATGTATT	data/samples_for_assignment/A_804_2019148_10484831_237LGHLT3_L5_R1.fastq.gz	data/samples_for_assignment/A_804_2019148_10484831_237LGHLT3_L5_R2.fastq.gz	173757	172158
2019149	1	2025Sept-Jess-Msa-08	237LGHLT3	ILLUMINA	5	2019149	ACATTGCG+GATCTCTG	data/samples_for_assignment/A_805_2019149_10484831_237LGHLT3_L5_R1.fastq.gz	data/samples_for_assignment/A_805_2019149_10484831_237LGHLT3_L5_R2.fastq.gz	108218	108662
2019150	1	2025Sept-Jess-Msa-08	237LGHLT3	ILLUMINA	5	2019150	GGTCTTAG+CAGGCGCC	data/samples_for_assignment/A_806_2019150_10484831_237LGHLT3_L5_R1.fastq.gz	data/samples_for_assignment/A_806_2019150_10484831_237LGHLT3_L5_R2.fastq.gz	160254	152682
2019151	1	2025Sept-Jess-Msa-08	237LGHLT3	ILLUMINA	5	2019151	GGATGTAG+TTAATAGA	data/samples_for_assignment/A_807_2019151_10484831_237LGHLT3_L5_R1.fastq.gz	data/samples_for_assignment/A_807_2019151_10484831_237LGHLT3_L5_R2.fastq.gz	195414	194814
2019152	1	2025Sept-Jess-Msa-08	237LGHLT3	ILLUMINA	5	2019152	TGAGCTAG+GGAGTCGC	data/samples_for_assignment/A_808_2019152_10484831_237LGHLT3_L5_R1.fastq.gz	data/samples_for_assignment/A_808_2019152_10484831_237LGHLT3_L5_R2.fastq.gz	124011	117323
2019153	1	2025Sept-Jess-Msa-08	237LGHLT3	ILLUMINA	5	2019153	TTGGTGAG+AACGCCAG	data/samples_for_assignment/A_809_2019153_10484831_237LGHLT3_L5_R1.fastq.gz	data/samples_for_assignment/A_809_2019153_10484831_237LGHLT3_L5_R2.fastq.gz	114074	112747
2019154	1	2025Sept-Jess-Msa-08	237LGHLT3	ILLUMINA	5	2019154	TATGGCAG+ACGAGACT	data/samples_for_assignment/A_810_2019154_10484831_237LGHLT3_L5_R1.fastq.gz	data/samples_for_assignment/A_810_2019154_10484831_237LGHLT3_L5_R2.fastq.gz	103601	102975
2019155	1	2025Sept-Jess-Msa-08	237LGHLT3	ILLUMINA	5	2019155	GCTGTAAG+GTATCGGC	data/samples_for_assignment/A_811_2019155_10484831_237LGHLT3_L5_R1.fastq.gz	data/samples_for_assignment/A_811_2019155_10484831_237LGHLT3_L5_R2.fastq.gz	159033	163770
2019156	1	2025Sept-Jess-Msa-08	237LGHLT3	ILLUMINA	5	2019156	TAGAGCTC+GTTATATG	data/samples_for_assignment/A_812_2019156_10484831_237LGHLT3_L5_R1.fastq.gz	data/samples_for_assignment/A_812_2019156_10484831_237LGHLT3_L5_R2.fastq.gz	181395	180327
2019157	1	2025Sept-Jess-Msa-08	237LGHLT3	ILLUMINA	5	2019157	GCAAGATC+GCCTGCCA	data/samples_for_assignment/A_813_2019157_10484831_237LGHLT3_L5_R1.fastq.gz	data/samples_for_assignment/A_813_2019157_10484831_237LGHLT3_L5_R2.fastq.gz	182738	181537
2019158	1	2025Sept-Jess-Msa-08	237LGHLT3	ILLUMINA	5	2019158	ACATAGGC+GCCGTCTG	data/samples_for_assignment/A_814_2019158_10484831_237LGHLT3_L5_R1.fastq.gz	data/samples_for_assignment/A_814_2019158_10484831_237LGHLT3_L5_R2.fastq.gz	140173	140298
2019159	1	2025Sept-Jess-Msa-08	237LGHLT3	ILLUMINA	5	2019159	AAGAAGGC+CAGAGTGA	data/samples_for_assignment/A_815_2019159_10484831_237LGHLT3_L5_R1.fastq.gz	data/samples_for_assignment/A_815_2019159_10484831_237LGHLT3_L5_R2.fastq.gz	213710	213481
2019160	1	2025Sept-Jess-Msa-08	237LGHLT3	ILLUMINA	5	2019160	GACATTCC+TCAGTTAA	data/samples_for_assignment/A_816_2019160_10484831_237LGHLT3_L5_R1.fastq.gz	data/samples_for_assignment/A_816_2019160_10484831_237LGHLT3_L5_R2.fastq.gz	223430	222643
2019161	1	2025Sept-Jess-Msa-08	237LGHLT3	ILLUMINA	5	2019161	GGAAGCTA+GTGACCTT	data/samples_for_assignment/A_817_2019161_10484831_237LGHLT3_L5_R1.fastq.gz	data/samples_for_assignment/A_817_2019161_10484831_237LGHLT3_L5_R2.fastq.gz	133043	132394
2019162	1	2025Sept-Jess-Msa-08	237LGHLT3	ILLUMINA	5	2019162	GTGCCATA+ACATGCAT	data/samples_for_assignment/A_818_2019162_10484831_237LGHLT3_L5_R1.fastq.gz	data/samples_for_assignment/A_818_2019162_10484831_237LGHLT3_L5_R2.fastq.gz	98823	97932
2019163	1	2025Sept-Jess-Msa-08	237LGHLT3	ILLUMINA	5	2019163	CTAGGTGA+CCATGTGT	data/samples_for_assignment/A_819_2019163_10484831_237LGHLT3_L5_R1.fastq.gz	data/samples_for_assignment/A_819_2019163_10484831_237LGHLT3_L5_R2.fastq.gz	91788	90125
2019164	1	2025Sept-Jess-Msa-08	237LGHLT3	ILLUMINA	5	2019164	CTCCTAGA+GAGTCTCT	data/samples_for_assignment/A_820_2019164_10484831_237LGHLT3_L5_R1.fastq.gz	data/samples_for_assignment/A_820_2019164_10484831_237LGHLT3_L5_R2.fastq.gz	217367	215519
2019165	1	2025Sept-Jess-Msa-08	237LGHLT3	ILLUMINA	5	2019165	CCGTAAGA+GCTATGCG	data/samples_for_assignment/A_821_2019165_10484831_237LGHLT3_L5_R1.fastq.gz	data/samples_for_assignment/A_821_2019165_10484831_237LGHLT3_L5_R2.fastq.gz	141482	140962
2019166	1	2025Sept-Jess-Msa-08	237LGHLT3	ILLUMINA	5	2019166	GCACGTAA+AGTACCTA	data/samples_for_assignment/A_822_2019166_10484831_237LGHLT3_L5_R1.fastq.gz	data/samples_for_assignment/A_822_2019166_10484831_237LGHLT3_L5_R2.fastq.gz	35193	34991
2019167	1	2025Sept-Jess-Msa-08	237LGHLT3	ILLUMINA	5	2019167	ACCTGGAA+GACCGGAG	data/samples_for_assignment/A_823_2019167_10484831_237LGHLT3_L5_R1.fastq.gz	data/samples_for_assignment/A_823_2019167_10484831_237LGHLT3_L5_R2.fastq.gz	110032	109749
2019168	1	2025Sept-Jess-Msa-08	237LGHLT3	ILLUMINA	5	2019168	CGTTGCAA+CACGTCCA	data/samples_for_assignment/A_824_2019168_10484831_237LGHLT3_L5_R1.fastq.gz	data/samples_for_assignment/A_824_2019168_10484831_237LGHLT3_L5_R2.fastq.gz	185006	180159
2019169	1	2025Sept-Jess-Msa-08	237LGHLT3	ILLUMINA	5	2019169	TGCACCAA+GCTACTAT	data/samples_for_assignment/A_825_2019169_10484831_237LGHLT3_L5_R1.fastq.gz	data/samples_for_assignment/A_825_2019169_10484831_237LGHLT3_L5_R2.fastq.gz	54232	54028
2019170	1	2025Sept-Jess-Msa-08	237LGHLT3	ILLUMINA	5	2019170	ATATACGG+AGTCAACC	data/samples_for_assignment/A_826_2019170_10484831_237LGHLT3_L5_R1.fastq.gz	data/samples_for_assignment/A_826_2019170_10484831_237LGHLT3_L5_R2.fastq.gz	168490	164749
2019171	1	2025Sept-Jess-Msa-08	237LGHLT3	ILLUMINA	5	2019171	CATTCGGC+CGAGGCGG	data/samples_for_assignment/A_827_2019171_10484831_237LGHLT3_L5_R1.fastq.gz	data/samples_for_assignment/A_827_2019171_10484831_237LGHLT3_L5_R2.fastq.gz	111807	112145
2019172	1	2025Sept-Jess-Msa-08	237LGHLT3	ILLUMINA	5	2019172	AACCGGAG+CAGGTGTT	data/samples_for_assignment/A_828_2019172_10484831_237LGHLT3_L5_R1.fastq.gz	data/samples_for_assignment/A_828_2019172_10484831_237LGHLT3_L5_R2.fastq.gz	283361	287795
2019173	1	2025Sept-Jess-Msa-08	237LGHLT3	ILLUMINA	5	2019173	GAAGTTCG+TGTACTTG	data/samples_for_assignment/A_829_2019173_10484831_237LGHLT3_L5_R1.fastq.gz	data/samples_for_assignment/A_829_2019173_10484831_237LGHLT3_L5_R2.fastq.gz	328029	325750
2019174	1	2025Sept-Jess-Msa-08	237LGHLT3	ILLUMINA	5	2019174	GACAGCGT+CTCTAAGT	data/samples_for_assignment/A_830_2019174_10484831_237LGHLT3_L5_R1.fastq.gz	data/samples_for_assignment/A_830_2019174_10484831_237LGHLT3_L5_R2.fastq.gz	133754	133513
2019175	1	2025Sept-Jess-Msa-08	237LGHLT3	ILLUMINA	5	2019175	ACTTACAG+GTCACCAC	data/samples_for_assignment/A_831_2019175_10484831_237LGHLT3_L5_R1.fastq.gz	data/samples_for_assignment/A_831_2019175_10484831_237LGHLT3_L5_R2.fastq.gz	136335	133665
2019176	1	2025Sept-Jess-Msa-08	237LGHLT3	ILLUMINA	5	2019176	GTACCTGA+TGGTGAGT	data/samples_for_assignment/A_832_2019176_10484831_237LGHLT3_L5_R1.fastq.gz	data/samples_for_assignment/A_832_2019176_10484831_237LGHLT3_L5_R2.fastq.gz	190268	188711
2019177	1	2025Sept-Jess-Msa-08	237LGHLT3	ILLUMINA	5	2019177	CGTCGGAT+CTTCGAAG	data/samples_for_assignment/A_833_2019177_10484831_237LGHLT3_L5_R1.fastq.gz	data/samples_for_assignment/A_833_2019177_10484831_237LGHLT3_L5_R2.fastq.gz	91147	90891
2019178	1	2025Sept-Jess-Msa-08	237LGHLT3	ILLUMINA	5	2019178	GGCTACGT+GTAGAGTC	data/samples_for_assignment/A_834_2019178_10484831_237LGHLT3_L5_R1.fastq.gz	data/samples_for_assignment/A_834_2019178_10484831_237LGHLT3_L5_R2.fastq.gz	164260	163892
2019179	1	2025Sept-Jess-Msa-08	237LGHLT3	ILLUMINA	5	2019179	GTTCGTCT+GACATTGT	data/samples_for_assignment/A_835_2019179_10484831_237LGHLT3_L5_R1.fastq.gz	data/samples_for_assignment/A_835_2019179_10484831_237LGHLT3_L5_R2.fastq.gz	106457	105452
2019180	1	2025Sept-Jess-Msa-08	237LGHLT3	ILLUMINA	5	2019180	GGTGTGGA+CGCTTGAA	data/samples_for_assignment/A_836_2019180_10484831_237LGHLT3_L5_R1.fastq.gz	data/samples_for_assignment/A_836_2019180_10484831_237LGHLT3_L5_R2.fastq.gz	206398	203264
2019181	1	2025Sept-Jess-Msa-08	237LGHLT3	ILLUMINA	5	2019181	GCTGATTC+CAGCGGAC	data/samples_for_assignment/A_837_2019181_10484831_237LGHLT3_L5_R1.fastq.gz	data/samples_for_assignment/A_837_2019181_10484831_237LGHLT3_L5_R2.fastq.gz	103786	102509
2019182	1	2025Sept-Jess-Msa-08	237LGHLT3	ILLUMINA	5	2019182	AGCCGTTA+GACGTTCG	data/samples_for_assignment/A_838_2019182_10484831_237LGHLT3_L5_R1.fastq.gz	data/samples_for_assignment/A_838_2019182_10484831_237LGHLT3_L5_R2.fastq.gz	112572	112399
2019183	1	2025Sept-Jess-Msa-08	237LGHLT3	ILLUMINA	5	2019183	ATATCCTC+CACGGATT	data/samples_for_assignment/A_839_2019183_10484831_237LGHLT3_L5_R1.fastq.gz	data/samples_for_assignment/A_839_2019183_10484831_237LGHLT3_L5_R2.fastq.gz	114252	113826
2019184	1	2025Sept-Jess-Msa-08	237LGHLT3	ILLUMINA	5	2019184	ACAATCTC+TTGAGGAC	data/samples_for_assignment/A_840_2019184_10484831_237LGHLT3_L5_R1.fastq.gz	data/samples_for_assignment/A_840_2019184_10484831_237LGHLT3_L5_R2.fastq.gz	106255	103750
2019185	1	2025Sept-Jess-Msa-08	237LGHLT3	ILLUMINA	5	2019185	AGACTCAA+GCAACAGG	data/samples_for_assignment/A_841_2019185_10484831_237LGHLT3_L5_R1.fastq.gz	data/samples_for_assignment/A_841_2019185_10484831_237LGHLT3_L5_R2.fastq.gz	111959	112192
2019186	1	2025Sept-Jess-Msa-08	237LGHLT3	ILLUMINA	5	2019186	CACACTGC+ACCGCGCA	data/samples_for_assignment/A_842_2019186_10484831_237LGHLT3_L5_R1.fastq.gz	data/samples_for_assignment/A_842_2019186_10484831_237LGHLT3_L5_R2.fastq.gz	121005	120401
2019187	1	2025Sept-Jess-Msa-08	237LGHLT3	ILLUMINA	5	2019187	TCTCACGG+AGCCGGAA	data/samples_for_assignment/A_843_2019187_10484831_237LGHLT3_L5_R1.fastq.gz	data/samples_for_assignment/A_843_2019187_10484831_237LGHLT3_L5_R2.fastq.gz	137324	136999
2019188	1	2025Sept-Jess-Msa-08	237LGHLT3	ILLUMINA	5	2019188	TACCCTTT+CCTCGCAA	data/samples_for_assignment/A_844_2019188_10484831_237LGHLT3_L5_R1.fastq.gz	data/samples_for_assignment/A_844_2019188_10484831_237LGHLT3_L5_R2.fastq.gz	256463	255402
2019189	1	2025Sept-Jess-Msa-08	237LGHLT3	ILLUMINA	5	2019189	ACGTTCTT+TAGGAGCG	data/samples_for_assignment/A_845_2019189_10484831_237LGHLT3_L5_R1.fastq.gz	data/samples_for_assignment/A_845_2019189_10484831_237LGHLT3_L5_R2.fastq.gz	250827	250221
2019190	1	2025Sept-Jess-Msa-08	237LGHLT3	ILLUMINA	5	2019190	GAAATGTC+AGTTAAGA	data/samples_for_assignment/A_846_2019190_10484831_237LGHLT3_L5_R1.fastq.gz	data/samples_for_assignment/A_846_2019190_10484831_237LGHLT3_L5_R2.fastq.gz	185012	184193
2019191	1	2025Sept-Jess-Msa-08	237LGHLT3	ILLUMINA	5	2019191	CGTACTAG+GAGTGTGC	data/samples_for_assignment/A_847_2019191_10484831_237LGHLT3_L5_R1.fastq.gz	data/samples_for_assignment/A_847_2019191_10484831_237LGHLT3_L5_R2.fastq.gz	174052	173805
2019192	1	2025Sept-Jess-Msa-08	237LGHLT3	ILLUMINA	5	2019192	AGGCAGAA+ATTAATAC	data/samples_for_assignment/A_848_2019192_10484831_237LGHLT3_L5_R1.fastq.gz	data/samples_for_assignment/A_848_2019192_10484831_237LGHLT3_L5_R2.fastq.gz	62697	62189
2019193	1	2025Sept-Jess-Msa-08	237LGHLT3	ILLUMINA	5	2019193	TCCTGAGC+TAGGAAGA	data/samples_for_assignment/A_849_2019193_10484831_237LGHLT3_L5_R1.fastq.gz	data/samples_for_assignment/A_849_2019193_10484831_237LGHLT3_L5_R2.fastq.gz	109186	108579
2019194	1	2025Sept-Jess-Msa-08	237LGHLT3	ILLUMINA	5	2019194	GGACTCCT+CCGTGGCC	data/samples_for_assignment/A_850_2019194_10484831_237LGHLT3_L5_R1.fastq.gz	data/samples_for_assignment/A_850_2019194_10484831_237LGHLT3_L5_R2.fastq.gz	91361	90947
2019195	1	2025Sept-Jess-Msa-08	237LGHLT3	ILLUMINA	5	2019195	TAGGCATG+GGATATAT	data/samples_for_assignment/A_851_2019195_10484831_237LGHLT3_L5_R1.fastq.gz	data/samples_for_assignment/A_851_2019195_10484831_237LGHLT3_L5_R2.fastq.gz	176736	176126
2019196	1	2025Sept-Jess-Msa-08	237LGHLT3	ILLUMINA	5	2019196	CAGAGAGG+CACCTCTT	data/samples_for_assignment/A_852_2019196_10484831_237LGHLT3_L5_R1.fastq.gz	data/samples_for_assignment/A_852_2019196_10484831_237LGHLT3_L5_R2.fastq.gz	179167	177975
2019197	1	2025Sept-Jess-Msa-08	237LGHLT3	ILLUMINA	5	2019197	GCTACGCT+AACGTTAC	data/samples_for_assignment/A_853_2019197_10484831_237LGHLT3_L5_R1.fastq.gz	data/samples_for_assignment/A_853_2019197_10484831_237LGHLT3_L5_R2.fastq.gz	28602	28243
2019198	1	2025Sept-Jess-Msa-08	237LGHLT3	ILLUMINA	5	2019198	CGAGGCTG+CGGCAAGC	data/samples_for_assignment/A_854_2019198_10484831_237LGHLT3_L5_R1.fastq.gz	data/samples_for_assignment/A_854_2019198_10484831_237LGHLT3_L5_R2.fastq.gz	100161	96699
2019199	1	2025Sept-Jess-Msa-08	237LGHLT3	ILLUMINA	5	2019199	AAGAGGCA+TCTTGGCT	data/samples_for_assignment/A_855_2019199_10484831_237LGHLT3_L5_R1.fastq.gz	data/samples_for_assignment/A_855_2019199_10484831_237LGHLT3_L5_R2.fastq.gz	37595	39456
2019200	1	2025Sept-Jess-Msa-08	237LGHLT3	ILLUMINA	5	2019200	GTAGAGGA+ACGGAATG	data/samples_for_assignment/A_856_2019200_10484831_237LGHLT3_L5_R1.fastq.gz	data/samples_for_assignment/A_856_2019200_10484831_237LGHLT3_L5_R2.fastq.gz	102449	102226
TopUnknown	1	TopUnkLib	237LGHLT3	ILLUMINA	5	TopUnknown	GCTCATCA+TGCGGAAC	data/samples_for_assignment/TopUnknown_GCTCATCA_TGCGGAAC_10484831_237LGHLT3_L5_R1.fastq.gz	data/samples_for_assignment/TopUnknown_GCTCATCA_TGCGGAAC_10484831_237LGHLT3_L5_R2.fastq.gz	170771	168012
