sample	unit	library	flowcell	platform	lane	sample_id	barcode	fq1	fq2	kb1	kb2
SJR37	1	BCSB1	2337HWLT4	ILLUMINA	1	SJR37	GTCAGATA+CTACAAGA	data/Lane1/001_SJR37_10483618_2337HWLT4_L1_R1.fastq.gz	data/Lane1/001_SJR37_10483618_2337HWLT4_L1_R2.fastq.gz	642888	645631
SJR30	1	BCSB1	2337HWLT4	ILLUMINA	1	SJR30	TCTCATAT+TATAGTAG	data/Lane1/002_SJR30_10483618_2337HWLT4_L1_R1.fastq.gz	data/Lane1/002_SJR30_10483618_2337HWLT4_L1_R2.fastq.gz	438613	442205
SJR58	1	BCSB1	2337HWLT4	ILLUMINA	1	SJR58	TCCATAAG+TGCCTGGT	data/Lane1/003_SJR58_10483618_2337HWLT4_L1_R1.fastq.gz	data/Lane1/003_SJR58_10483618_2337HWLT4_L1_R2.fastq.gz	353390	354123
2013BRY05_01	1	BCSB1	2337HWLT4	ILLUMINA	1	2013BRY05_01	CGAGATTA+ACATTATC	data/Lane1/004_2013BRY05_01_10483618_2337HWLT4_L1_R1.fastq.gz	data/Lane1/004_2013BRY05_01_10483618_2337HWLT4_L1_R2.fastq.gz	1230755	1114296
2013R_BRY02_01	1	BCSB1	2337HWLT4	ILLUMINA	1	2013R_BRY02_01	CATCGCGC+GTCCACTT	data/Lane1/005_2013R_BRY02_01_10483618_2337HWLT4_L1_R1.fastq.gz	data/Lane1/005_2013R_BRY02_01_10483618_2337HWLT4_L1_R2.fastq.gz	926247	920505
HUD12_34	1	BCSB1	2337HWLT4	ILLUMINA	1	HUD12_34	TCAAGGCA+GTTGATAG	data/Lane1/006_HUD12_34_10483618_2337HWLT4_L1_R1.fastq.gz	data/Lane1/006_HUD12_34_10483618_2337HWLT4_L1_R2.fastq.gz	338720	336221
CHPK3	1	BCSB1	2337HWLT4	ILLUMINA	1	CHPK3	CTGAGTAG+ACCAGCGA	data/Lane1/007_CHPK3_10483618_2337HWLT4_L1_R1.fastq.gz	data/Lane1/007_CHPK3_10483618_2337HWLT4_L1_R2.fastq.gz	297904	298230
2013BRY06_01	1	BCSB1	2337HWLT4	ILLUMINA	1	2013BRY06_01	TCAGACGA+CATACACT	data/Lane1/008_2013BRY06_01_10483618_2337HWLT4_L1_R1.fastq.gz	data/Lane1/008_2013BRY06_01_10483618_2337HWLT4_L1_R2.fastq.gz	428384	427128
HUD12_26	1	BCSB1	2337HWLT4	ILLUMINA	1	HUD12_26	GTATGTTC+GTGTGGCG	data/Lane1/009_HUD12_26_10483618_2337HWLT4_L1_R1.fastq.gz	data/Lane1/009_HUD12_26_10483618_2337HWLT4_L1_R2.fastq.gz	187351	188490
CHPK12_02	1	BCSB1	2337HWLT4	ILLUMINA	1	CHPK12_02	AGCGGCAC+ATCACGAA	data/Lane1/010_CHPK12_02_10483618_2337HWLT4_L1_R1.fastq.gz	data/Lane1/010_CHPK12_02_10483618_2337HWLT4_L1_R2.fastq.gz	222110	222319
2013R_BRY03_02	1	BCSB1	2337HWLT4	ILLUMINA	1	2013R_BRY03_02	GTTACGGC+CGGCTCTA	data/Lane1/011_2013R_BRY03_02_10483618_2337HWLT4_L1_R1.fastq.gz	data/Lane1/011_2013R_BRY03_02_10483618_2337HWLT4_L1_R2.fastq.gz	662348	664569
2015T_SSD01_15	1	BCSB1	2337HWLT4	ILLUMINA	1	2015T_SSD01_15	GAATGGTT+TCGGCAGC	data/Lane1/012_2015T_SSD01_15_10483618_2337HWLT4_L1_R1.fastq.gz	data/Lane1/012_2015T_SSD01_15_10483618_2337HWLT4_L1_R2.fastq.gz	324456	321340
SJR32	1	BCSB1	2337HWLT4	ILLUMINA	1	SJR32	AGGCAACC+GGCCTGTC	data/Lane1/013_SJR32_10483618_2337HWLT4_L1_R1.fastq.gz	data/Lane1/013_SJR32_10483618_2337HWLT4_L1_R2.fastq.gz	213530	200452
HUD12_02	1	BCSB1	2337HWLT4	ILLUMINA	1	HUD12_02	ATCATTAG+CTGTGTTA	data/Lane1/014_HUD12_02_10483618_2337HWLT4_L1_R1.fastq.gz	data/Lane1/014_HUD12_02_10483618_2337HWLT4_L1_R2.fastq.gz	407668	408621
SJR38	1	BCSB1	2337HWLT4	ILLUMINA	1	SJR38	TAGGCCGA+TAAGGAAC	data/Lane1/015_SJR38_10483618_2337HWLT4_L1_R1.fastq.gz	data/Lane1/015_SJR38_10483618_2337HWLT4_L1_R2.fastq.gz	893790	856683
HUD12_32	1	BCSB1	2337HWLT4	ILLUMINA	1	HUD12_32	GGTTGACT+AATAGAGC	data/Lane1/016_HUD12_32_10483618_2337HWLT4_L1_R1.fastq.gz	data/Lane1/016_HUD12_32_10483618_2337HWLT4_L1_R2.fastq.gz	573777	556619
HUD12_19	1	BCSB1	2337HWLT4	ILLUMINA	1	HUD12_19	GCCTTGTT+TCCGACCT	data/Lane1/017_HUD12_19_10483618_2337HWLT4_L1_R1.fastq.gz	data/Lane1/017_HUD12_19_10483618_2337HWLT4_L1_R2.fastq.gz	1232092	1245705
SJR94	1	BCSB1	2337HWLT4	ILLUMINA	1	SJR94	CTACATAC+CTTATGGA	data/Lane1/018_SJR94_10483618_2337HWLT4_L1_R1.fastq.gz	data/Lane1/018_SJR94_10483618_2337HWLT4_L1_R2.fastq.gz	429732	435103
HUD12_20	1	BCSB1	2337HWLT4	ILLUMINA	1	HUD12_20	CCATAGAA+GCTTACGG	data/Lane1/019_HUD12_20_10483618_2337HWLT4_L1_R1.fastq.gz	data/Lane1/019_HUD12_20_10483618_2337HWLT4_L1_R2.fastq.gz	581426	581299
CHPK12_28	1	BCSB1	2337HWLT4	ILLUMINA	1	CHPK12_28	AGCATCCA+GAACATAC	data/Lane1/020_CHPK12_28_10483618_2337HWLT4_L1_R1.fastq.gz	data/Lane1/020_CHPK12_28_10483618_2337HWLT4_L1_R2.fastq.gz	693863	687795
HUD12_16	1	BCSB1	2337HWLT4	ILLUMINA	1	HUD12_16	CGCACTCT+GTCGATTA	data/Lane1/021_HUD12_16_10483618_2337HWLT4_L1_R1.fastq.gz	data/Lane1/021_HUD12_16_10483618_2337HWLT4_L1_R2.fastq.gz	914983	917412
SJR33	1	BCSB1	2337HWLT4	ILLUMINA	1	SJR33	GACACGCA+ACTAGCCG	data/Lane1/022_SJR33_10483618_2337HWLT4_L1_R1.fastq.gz	data/Lane1/022_SJR33_10483618_2337HWLT4_L1_R2.fastq.gz	281943	280351
CHPK12_38	1	BCSB1	2337HWLT4	ILLUMINA	1	CHPK12_38	AGTGTATG+TGGCAATA	data/Lane1/023_CHPK12_38_10483618_2337HWLT4_L1_R1.fastq.gz	data/Lane1/023_CHPK12_38_10483618_2337HWLT4_L1_R2.fastq.gz	1290450	1304388
HUD12_35	1	BCSB1	2337HWLT4	ILLUMINA	1	HUD12_35	ATTATACG+TACCATCC	data/Lane1/024_HUD12_35_10483618_2337HWLT4_L1_R1.fastq.gz	data/Lane1/024_HUD12_35_10483618_2337HWLT4_L1_R2.fastq.gz	864763	829039
SJR86	1	BCSB1	2337HWLT4	ILLUMINA	1	SJR86	TAACTCGC+GCTGTAGG	data/Lane1/025_SJR86_10483618_2337HWLT4_L1_R1.fastq.gz	data/Lane1/025_SJR86_10483618_2337HWLT4_L1_R2.fastq.gz	1151868	1159447
SJR82	1	BCSB1	2337HWLT4	ILLUMINA	1	SJR82	CGGCCGTA+CGCACTAA	data/Lane1/026_SJR82_10483618_2337HWLT4_L1_R1.fastq.gz	data/Lane1/026_SJR82_10483618_2337HWLT4_L1_R2.fastq.gz	521837	523081
2015T_SSD01_42	1	BCSB1	2337HWLT4	ILLUMINA	1	2015T_SSD01_42	TAATCGAC+AGTGGTCA	data/Lane1/027_2015T_SSD01_42_10483618_2337HWLT4_L1_R1.fastq.gz	data/Lane1/027_2015T_SSD01_42_10483618_2337HWLT4_L1_R2.fastq.gz	1325371	1293077
SJR92	1	BCSB1	2337HWLT4	ILLUMINA	1	SJR92	ATCGGCTG+TTCTATGG	data/Lane1/028_SJR92_10483618_2337HWLT4_L1_R1.fastq.gz	data/Lane1/028_SJR92_10483618_2337HWLT4_L1_R2.fastq.gz	189246	189978
2015T_SSD01_29	1	BCSB1	2337HWLT4	ILLUMINA	1	2015T_SSD01_29	TCGGCAAT+AATCCGGC	data/Lane1/029_2015T_SSD01_29_10483618_2337HWLT4_L1_R1.fastq.gz	data/Lane1/029_2015T_SSD01_29_10483618_2337HWLT4_L1_R2.fastq.gz	2922600	2802281
CHPK12_23	1	BCSB1	2337HWLT4	ILLUMINA	1	CHPK12_23	ATCTCGCC+CCATAAGG	data/Lane1/030_CHPK12_23_10483618_2337HWLT4_L1_R1.fastq.gz	data/Lane1/030_CHPK12_23_10483618_2337HWLT4_L1_R2.fastq.gz	457795	458329
2015R_DCA01_05	1	BCSB1	2337HWLT4	ILLUMINA	1	2015R_DCA01_05	GCGAGCCA+CTGGTACA	data/Lane1/031_2015R_DCA01_05_10483618_2337HWLT4_L1_R1.fastq.gz	data/Lane1/031_2015R_DCA01_05_10483618_2337HWLT4_L1_R2.fastq.gz	1228094	1214678
CHPK12_26	1	BCSB1	2337HWLT4	ILLUMINA	1	CHPK12_26	TTATTCTA+TCAACGTG	data/Lane1/032_CHPK12_26_10483618_2337HWLT4_L1_R1.fastq.gz	data/Lane1/032_CHPK12_26_10483618_2337HWLT4_L1_R2.fastq.gz	1919014	1939066
2015R_DCA02_01	1	BCSB1	2337HWLT4	ILLUMINA	1	2015R_DCA02_01	CCTGGATA+ACTGTTGT	data/Lane1/033_2015R_DCA02_01_10483618_2337HWLT4_L1_R1.fastq.gz	data/Lane1/033_2015R_DCA02_01_10483618_2337HWLT4_L1_R2.fastq.gz	1855576	1846520
SJR40	1	BCSB1	2337HWLT4	ILLUMINA	1	SJR40	CACCATGT+AGCACATC	data/Lane1/034_SJR40_10483618_2337HWLT4_L1_R1.fastq.gz	data/Lane1/034_SJR40_10483618_2337HWLT4_L1_R2.fastq.gz	507085	471570
CHPK12_04	1	BCSB1	2337HWLT4	ILLUMINA	1	CHPK12_04	AATTGTAA+TTCCGTCG	data/Lane1/035_CHPK12_04_10483618_2337HWLT4_L1_R1.fastq.gz	data/Lane1/035_CHPK12_04_10483618_2337HWLT4_L1_R2.fastq.gz	682041	673090
HUD12_13	1	BCSB1	2337HWLT4	ILLUMINA	1	HUD12_13	GAGGAATA+CTTAACCA	data/Lane1/036_HUD12_13_10483618_2337HWLT4_L1_R1.fastq.gz	data/Lane1/036_HUD12_13_10483618_2337HWLT4_L1_R2.fastq.gz	339150	339429
2015T_SSD01_28	1	BCSB1	2337HWLT4	ILLUMINA	1	2015T_SSD01_28	CGCACGAG+GCCTCGGA	data/Lane1/037_2015T_SSD01_28_10483618_2337HWLT4_L1_R1.fastq.gz	data/Lane1/037_2015T_SSD01_28_10483618_2337HWLT4_L1_R2.fastq.gz	470187	468943
SJR36	1	BCSB1	2337HWLT4	ILLUMINA	1	SJR36	TATCCTAA+ATAGACCG	data/Lane1/038_SJR36_10483618_2337HWLT4_L1_R1.fastq.gz	data/Lane1/038_SJR36_10483618_2337HWLT4_L1_R2.fastq.gz	1451386	1453548
2014R_BRY05_01	1	BCSB1	2337HWLT4	ILLUMINA	1	2014R_BRY05_01	CGCTTCGG+ACAGTTCC	data/Lane1/039_2014R_BRY05_01_10483618_2337HWLT4_L1_R1.fastq.gz	data/Lane1/039_2014R_BRY05_01_10483618_2337HWLT4_L1_R2.fastq.gz	35829	34829
HUD12_36	1	BCSB1	2337HWLT4	ILLUMINA	1	HUD12_36	GCTAATCA+AGGCATGT	data/Lane1/040_HUD12_36_10483618_2337HWLT4_L1_R1.fastq.gz	data/Lane1/040_HUD12_36_10483618_2337HWLT4_L1_R2.fastq.gz	741468	737736
CHPK12_09	1	BCSB1	2337HWLT4	ILLUMINA	1	CHPK12_09	CACTGTTA+TTGGCTCC	data/Lane1/041_CHPK12_09_10483618_2337HWLT4_L1_R1.fastq.gz	data/Lane1/041_CHPK12_09_10483618_2337HWLT4_L1_R2.fastq.gz	937151	884153
CHPK12_22	1	BCSB1	2337HWLT4	ILLUMINA	1	CHPK12_22	TGCGCGGT+TTACAATT	data/Lane1/042_CHPK12_22_10483618_2337HWLT4_L1_R1.fastq.gz	data/Lane1/042_CHPK12_22_10483618_2337HWLT4_L1_R2.fastq.gz	722449	720032
HUD12_25	1	BCSB1	2337HWLT4	ILLUMINA	1	HUD12_25	GCGCGAAC+AACCTAGC	data/Lane1/043_HUD12_25_10483618_2337HWLT4_L1_R1.fastq.gz	data/Lane1/043_HUD12_25_10483618_2337HWLT4_L1_R2.fastq.gz	373118	355123
CHPK12_11	1	BCSB1	2337HWLT4	ILLUMINA	1	CHPK12_11	ATGTGTCT+GGAATTCC	data/Lane1/044_CHPK12_11_10483618_2337HWLT4_L1_R1.fastq.gz	data/Lane1/044_CHPK12_11_10483618_2337HWLT4_L1_R2.fastq.gz	129435	126726
SJR87_L1	1	BCSB1	2337HWLT4	ILLUMINA	1	SJR87_L1	CGGAACAA+AAGCGCGC	data/Lane1/045_SJR87_L1_10483618_2337HWLT4_L1_R1.fastq.gz	data/Lane1/045_SJR87_L1_10483618_2337HWLT4_L1_R2.fastq.gz	1408142	1362130
2013R_BRY05_03	1	BCSB1	2337HWLT4	ILLUMINA	1	2013R_BRY05_03	GAGTACTT+TGAGCGTT	data/Lane1/046_2013R_BRY05_03_10483618_2337HWLT4_L1_R1.fastq.gz	data/Lane1/046_2013R_BRY05_03_10483618_2337HWLT4_L1_R2.fastq.gz	360970	363574
CHPK12_18	1	BCSB1	2337HWLT4	ILLUMINA	1	CHPK12_18	TGTACACC+ATCATAGG	data/Lane1/047_CHPK12_18_10483618_2337HWLT4_L1_R1.fastq.gz	data/Lane1/047_CHPK12_18_10483618_2337HWLT4_L1_R2.fastq.gz	565419	567384
2015R_DCA01_03	1	BCSB1	2337HWLT4	ILLUMINA	1	2015R_DCA01_03	CATAAGGT+TGTTAGAA	data/Lane1/048_2015R_DCA01_03_10483618_2337HWLT4_L1_R1.fastq.gz	data/Lane1/048_2015R_DCA01_03_10483618_2337HWLT4_L1_R2.fastq.gz	1337380	1343204
SJR39	1	BCSB1	2337HWLT4	ILLUMINA	1	SJR39	CTGCAGCG+GATGGATG	data/Lane1/049_SJR39_10483618_2337HWLT4_L1_R1.fastq.gz	data/Lane1/049_SJR39_10483618_2337HWLT4_L1_R2.fastq.gz	274829	272271
HUD12_30	1	BCSB1	2337HWLT4	ILLUMINA	1	HUD12_30	TGGTATCC+ACGGCCGT	data/Lane1/050_HUD12_30_10483618_2337HWLT4_L1_R1.fastq.gz	data/Lane1/050_HUD12_30_10483618_2337HWLT4_L1_R2.fastq.gz	248126	248359
CHPK12_01	1	BCSB1	2337HWLT4	ILLUMINA	1	CHPK12_01	CAAGCCAG+CGTTGCTT	data/Lane1/051_CHPK12_01_10483618_2337HWLT4_L1_R1.fastq.gz	data/Lane1/051_CHPK12_01_10483618_2337HWLT4_L1_R2.fastq.gz	148256	146129
CHPK12_08	1	BCSB1	2337HWLT4	ILLUMINA	1	CHPK12_08	TGCCTTAC+TGACTACA	data/Lane1/052_CHPK12_08_10483618_2337HWLT4_L1_R1.fastq.gz	data/Lane1/052_CHPK12_08_10483618_2337HWLT4_L1_R2.fastq.gz	289453	289453
2015T_SSD01_13	1	BCSB1	2337HWLT4	ILLUMINA	1	2015T_SSD01_13	TCTACATG+CGGCCTCG	data/Lane1/053_2015T_SSD01_13_10483618_2337HWLT4_L1_R1.fastq.gz	data/Lane1/053_2015T_SSD01_13_10483618_2337HWLT4_L1_R2.fastq.gz	1669459	1686409
SJR42	1	BCSB1	2337HWLT4	ILLUMINA	1	SJR42	AGCGTGTA+CAAGCATC	data/Lane1/054_SJR42_10483618_2337HWLT4_L1_R1.fastq.gz	data/Lane1/054_SJR42_10483618_2337HWLT4_L1_R2.fastq.gz	1164633	1066192
HUD12_11	1	BCSB1	2337HWLT4	ILLUMINA	1	HUD12_11	TTCAAGCG+TCGTCTGA	data/Lane1/055_HUD12_11_10483618_2337HWLT4_L1_R1.fastq.gz	data/Lane1/055_HUD12_11_10483618_2337HWLT4_L1_R2.fastq.gz	867344	852684
2015T_SSD01_33	1	BCSB1	2337HWLT4	ILLUMINA	1	2015T_SSD01_33	ATAGATTG+AGACACAT	data/Lane1/056_2015T_SSD01_33_10483618_2337HWLT4_L1_R1.fastq.gz	data/Lane1/056_2015T_SSD01_33_10483618_2337HWLT4_L1_R2.fastq.gz	1226849	1226512
HUD12_24	1	BCSB1	2337HWLT4	ILLUMINA	1	HUD12_24	ATTCCACC+GCGCGATG	data/Lane1/057_HUD12_24_10483618_2337HWLT4_L1_R1.fastq.gz	data/Lane1/057_HUD12_24_10483618_2337HWLT4_L1_R2.fastq.gz	989696	1004274
SJR85	1	BCSB1	2337HWLT4	ILLUMINA	1	SJR85	TCCGTCCA+GATACCTC	data/Lane1/058_SJR85_10483618_2337HWLT4_L1_R1.fastq.gz	data/Lane1/058_SJR85_10483618_2337HWLT4_L1_R2.fastq.gz	10045	9312
SJR35	1	BCSB1	2337HWLT4	ILLUMINA	1	SJR35	CCGGTCAG+GAACCATG	data/Lane1/059_SJR35_10483618_2337HWLT4_L1_R1.fastq.gz	data/Lane1/059_SJR35_10483618_2337HWLT4_L1_R2.fastq.gz	35724	35039
2015R_DCA01_04	1	BCSB1	2337HWLT4	ILLUMINA	1	2015R_DCA01_04	CTCAATTC+GGCCATCA	data/Lane1/060_2015R_DCA01_04_10483618_2337HWLT4_L1_R1.fastq.gz	data/Lane1/060_2015R_DCA01_04_10483618_2337HWLT4_L1_R2.fastq.gz	590866	591726
2015T_SSD01_36	1	BCSB1	2337HWLT4	ILLUMINA	1	2015T_SSD01_36	AATGGAGA+TATGTGCA	data/Lane1/061_2015T_SSD01_36_10483618_2337HWLT4_L1_R1.fastq.gz	data/Lane1/061_2015T_SSD01_36_10483618_2337HWLT4_L1_R2.fastq.gz	1215096	1202902
2014R_BRY07_02	1	BCSB1	2337HWLT4	ILLUMINA	1	2014R_BRY07_02	ATGCATGT+ATGTAGAC	data/Lane1/062_2014R_BRY07_02_10483618_2337HWLT4_L1_R1.fastq.gz	data/Lane1/062_2014R_BRY07_02_10483618_2337HWLT4_L1_R2.fastq.gz	695131	667173
CHPK12_06	1	BCSB1	2337HWLT4	ILLUMINA	1	CHPK12_06	GGCGCCTG+CACATCGG	data/Lane1/063_CHPK12_06_10483618_2337HWLT4_L1_R1.fastq.gz	data/Lane1/063_CHPK12_06_10483618_2337HWLT4_L1_R2.fastq.gz	617836	619743
CHPK12_20	1	BCSB1	2337HWLT4	ILLUMINA	1	CHPK12_20	CGTTATGT+TTAAGTTG	data/Lane1/064_CHPK12_20_10483618_2337HWLT4_L1_R1.fastq.gz	data/Lane1/064_CHPK12_20_10483618_2337HWLT4_L1_R2.fastq.gz	586437	589064
HUD12_23	1	BCSB1	2337HWLT4	ILLUMINA	1	HUD12_23	GCAATCGT+CGGACAGT	data/Lane1/065_HUD12_23_10483618_2337HWLT4_L1_R1.fastq.gz	data/Lane1/065_HUD12_23_10483618_2337HWLT4_L1_R2.fastq.gz	1235289	1238881
2015T_SSD01_06	1	BCSB1	2337HWLT4	ILLUMINA	1	2015T_SSD01_06	ACGCAATA+TCCACGGC	data/Lane1/066_2015T_SSD01_06_10483618_2337HWLT4_L1_R1.fastq.gz	data/Lane1/066_2015T_SSD01_06_10483618_2337HWLT4_L1_R2.fastq.gz	975968	943662
CHPK12_17	1	BCSB1	2337HWLT4	ILLUMINA	1	CHPK12_17	TACTCATG+TGTGATGT	data/Lane1/067_CHPK12_17_10483618_2337HWLT4_L1_R1.fastq.gz	data/Lane1/067_CHPK12_17_10483618_2337HWLT4_L1_R2.fastq.gz	145536	144501
CHPK5	1	BCSB1	2337HWLT4	ILLUMINA	1	CHPK5	TAGAATTA+GAGCGCAA	data/Lane1/068_CHPK5_10483618_2337HWLT4_L1_R1.fastq.gz	data/Lane1/068_CHPK5_10483618_2337HWLT4_L1_R2.fastq.gz	394636	394775
CHPK12_21	1	BCSB1	2337HWLT4	ILLUMINA	1	CHPK12_21	ATTAGCGT+ATCTTACT	data/Lane1/069_CHPK12_21_10483618_2337HWLT4_L1_R1.fastq.gz	data/Lane1/069_CHPK12_21_10483618_2337HWLT4_L1_R2.fastq.gz	1272210	1272245
CHPK2	1	BCSB1	2337HWLT4	ILLUMINA	1	CHPK2	TAACAAGG+ATGTCGTG	data/Lane1/070_CHPK2_10483618_2337HWLT4_L1_R1.fastq.gz	data/Lane1/070_CHPK2_10483618_2337HWLT4_L1_R2.fastq.gz	488427	490565
SJR84	1	BCSB1	2337HWLT4	ILLUMINA	1	SJR84	ATGGCTAC+GTAGCCAT	data/Lane1/071_SJR84_10483618_2337HWLT4_L1_R1.fastq.gz	data/Lane1/071_SJR84_10483618_2337HWLT4_L1_R2.fastq.gz	723205	667487
SJR31	1	BCSB1	2337HWLT4	ILLUMINA	1	SJR31	GAATTGGA+TGGTTAAG	data/Lane1/072_SJR31_10483618_2337HWLT4_L1_R1.fastq.gz	data/Lane1/072_SJR31_10483618_2337HWLT4_L1_R2.fastq.gz	2418888	2416308
CHPK12_25	1	BCSB1	2337HWLT4	ILLUMINA	1	CHPK12_25	CGGCGAAG+TGTTGTTC	data/Lane1/073_CHPK12_25_10483618_2337HWLT4_L1_R1.fastq.gz	data/Lane1/073_CHPK12_25_10483618_2337HWLT4_L1_R2.fastq.gz	1594501	1441865
SJR41	1	BCSB1	2337HWLT4	ILLUMINA	1	SJR41	GTGACCGA+CCAACAAC	data/Lane1/074_SJR41_10483618_2337HWLT4_L1_R1.fastq.gz	data/Lane1/074_SJR41_10483618_2337HWLT4_L1_R2.fastq.gz	779505	753232
HUD12_22	1	BCSB1	2337HWLT4	ILLUMINA	1	HUD12_22	ACTTGTTC+ACCGGCTC	data/Lane1/075_HUD12_22_10483618_2337HWLT4_L1_R1.fastq.gz	data/Lane1/075_HUD12_22_10483618_2337HWLT4_L1_R2.fastq.gz	765020	698072
HUD12_29	1	BCSB1	2337HWLT4	ILLUMINA	1	HUD12_29	TACAGGAA+GTTAATCT	data/Lane1/076_HUD12_29_10483618_2337HWLT4_L1_R1.fastq.gz	data/Lane1/076_HUD12_29_10483618_2337HWLT4_L1_R2.fastq.gz	780319	772646
CHPK12_27	1	BCSB1	2337HWLT4	ILLUMINA	1	CHPK12_27	TGACGTTG+TCCAAGAA	data/Lane1/077_CHPK12_27_10483618_2337HWLT4_L1_R1.fastq.gz	data/Lane1/077_CHPK12_27_10483618_2337HWLT4_L1_R2.fastq.gz	1617263	1623774
CHPK12_16	1	BCSB1	2337HWLT4	ILLUMINA	1	CHPK12_16	AATAACCG+CCGAACGT	data/Lane1/078_CHPK12_16_10483618_2337HWLT4_L1_R1.fastq.gz	data/Lane1/078_CHPK12_16_10483618_2337HWLT4_L1_R2.fastq.gz	1419266	1423766
2013BRY05_02	1	BCSB1	2337HWLT4	ILLUMINA	1	2013BRY05_02	AGCCAAGA+TAACCGCC	data/Lane1/079_2013BRY05_02_10483618_2337HWLT4_L1_R1.fastq.gz	data/Lane1/079_2013BRY05_02_10483618_2337HWLT4_L1_R2.fastq.gz	2446440	2361682
HUD12_15	1	BCSB1	2337HWLT4	ILLUMINA	1	HUD12_15	CGGTGTGA+CTCCGTGC	data/Lane1/080_HUD12_15_10483618_2337HWLT4_L1_R1.fastq.gz	data/Lane1/080_HUD12_15_10483618_2337HWLT4_L1_R2.fastq.gz	683215	613314
HUD12_33	1	BCSB1	2337HWLT4	ILLUMINA	1	HUD12_33	GTAACGTT+CATTCCAG	data/Lane1/081_HUD12_33_10483618_2337HWLT4_L1_R1.fastq.gz	data/Lane1/081_HUD12_33_10483618_2337HWLT4_L1_R2.fastq.gz	341440	342719
SJR93	1	BCSB1	2337HWLT4	ILLUMINA	1	SJR93	CGAGGCCG+GGTTATGC	data/Lane1/082_SJR93_10483618_2337HWLT4_L1_R1.fastq.gz	data/Lane1/082_SJR93_10483618_2337HWLT4_L1_R2.fastq.gz	72029	68309
HUD12_01	1	BCSB1	2337HWLT4	ILLUMINA	1	HUD12_01	GCCTCTGT+ACCACACG	data/Lane1/083_HUD12_01_10483618_2337HWLT4_L1_R1.fastq.gz	data/Lane1/083_HUD12_01_10483618_2337HWLT4_L1_R2.fastq.gz	257961	259263
2015T_SSD01_08	1	BCSB1	2337HWLT4	ILLUMINA	1	2015T_SSD01_08	GGTTCCTA+TAGGTTCT	data/Lane1/084_2015T_SSD01_08_10483618_2337HWLT4_L1_R1.fastq.gz	data/Lane1/084_2015T_SSD01_08_10483618_2337HWLT4_L1_R2.fastq.gz	279491	279560
SJR162	1	BCSB1	2337HWLT4	ILLUMINA	1	SJR162	ATACCTAT+TATGGCTC	data/Lane1/085_SJR162_10483618_2337HWLT4_L1_R1.fastq.gz	data/Lane1/085_SJR162_10483618_2337HWLT4_L1_R2.fastq.gz	66868	64031
2014R_BRY09_02	1	BCSB1	2337HWLT4	ILLUMINA	1	2014R_BRY09_02	CGTGAAGG+CTCGTGCG	data/Lane1/086_2014R_BRY09_02_10483618_2337HWLT4_L1_R1.fastq.gz	data/Lane1/086_2014R_BRY09_02_10483618_2337HWLT4_L1_R2.fastq.gz	111614	111265
HUD12_28	1	BCSB1	2337HWLT4	ILLUMINA	1	HUD12_28	TATTGGCC+CCAGTTGG	data/Lane1/087_HUD12_28_10483618_2337HWLT4_L1_R1.fastq.gz	data/Lane1/087_HUD12_28_10483618_2337HWLT4_L1_R2.fastq.gz	630158	630147
CHPK12_19	1	BCSB1	2337HWLT4	ILLUMINA	1	CHPK12_19	TCCAATTG+AACCGCAT	data/Lane1/088_CHPK12_19_10483618_2337HWLT4_L1_R1.fastq.gz	data/Lane1/088_CHPK12_19_10483618_2337HWLT4_L1_R2.fastq.gz	296405	290139
HUD12_14	1	BCSB1	2337HWLT4	ILLUMINA	1	HUD12_14	CAGCAATT+CGAAGGTT	data/Lane1/089_HUD12_14_10483618_2337HWLT4_L1_R1.fastq.gz	data/Lane1/089_HUD12_14_10483618_2337HWLT4_L1_R2.fastq.gz	1590654	1597443
HUD12_12	1	BCSB1	2337HWLT4	ILLUMINA	1	HUD12_12	GCGTATAG+AGTGCCAC	data/Lane1/090_HUD12_12_10483618_2337HWLT4_L1_R1.fastq.gz	data/Lane1/090_HUD12_12_10483618_2337HWLT4_L1_R2.fastq.gz	1342285	1272849
CB192	1	BCSB1	2337HWLT4	ILLUMINA	1	CB192	GAGAATAC+GAACAAGT	data/Lane1/091_CB192_10483618_2337HWLT4_L1_R1.fastq.gz	data/Lane1/091_CB192_10483618_2337HWLT4_L1_R2.fastq.gz	912018	915076
CB29	1	BCSB1	2337HWLT4	ILLUMINA	1	CB29	CAGCGGTC+ACGATTGC	data/Lane1/092_CB29_10483618_2337HWLT4_L1_R1.fastq.gz	data/Lane1/092_CB29_10483618_2337HWLT4_L1_R2.fastq.gz	1293135	1245182
CB13	1	BCSB1	2337HWLT4	ILLUMINA	1	CB13	TCGGAGTT+ACGCTAAT	data/Lane1/093_CB13_10483618_2337HWLT4_L1_R1.fastq.gz	data/Lane1/093_CB13_10483618_2337HWLT4_L1_R2.fastq.gz	396519	398984
CB190	1	BCSB1	2337HWLT4	ILLUMINA	1	CB190	AATATTCA+CGGTTATT	data/Lane1/094_CB190_10483618_2337HWLT4_L1_R1.fastq.gz	data/Lane1/094_CB190_10483618_2337HWLT4_L1_R2.fastq.gz	3228431	3244299
CB24	1	BCSB1	2337HWLT4	ILLUMINA	1	CB24	ATGCGGTT+CATGTAGA	data/Lane1/095_CB24_10483618_2337HWLT4_L1_R1.fastq.gz	data/Lane1/095_CB24_10483618_2337HWLT4_L1_R2.fastq.gz	78272	80609
NANT_A92	1	BCSB2	2337HWLT4	ILLUMINA	1	NANT_A92	TTCCATCT+AGCGGTGG	data/Lane1/097_NANT_A92_10483618_2337HWLT4_L1_R1.fastq.gz	data/Lane1/097_NANT_A92_10483618_2337HWLT4_L1_R2.fastq.gz	423582	435207
M438	1	BCSB2	2337HWLT4	ILLUMINA	1	M438	AACGGTGT+TATAGATT	data/Lane1/098_M438_10483618_2337HWLT4_L1_R1.fastq.gz	data/Lane1/098_M438_10483618_2337HWLT4_L1_R2.fastq.gz	357122	357564
RAP14_33	1	BCSB2	2337HWLT4	ILLUMINA	1	RAP14_33	TTGTTATC+ACAGAGGC	data/Lane1/099_RAP14_33_10483618_2337HWLT4_L1_R1.fastq.gz	data/Lane1/099_RAP14_33_10483618_2337HWLT4_L1_R2.fastq.gz	10347	10277
CF_SB119	1	BCSB2	2337HWLT4	ILLUMINA	1	CF_SB119	TATGCGAT+ATTCCTAT	data/Lane1/100_CF_SB119_10483618_2337HWLT4_L1_R1.fastq.gz	data/Lane1/100_CF_SB119_10483618_2337HWLT4_L1_R2.fastq.gz	1867328	1871223
2014R_BRY07_04	1	BCSB2	2337HWLT4	ILLUMINA	1	2014R_BRY07_04	TGACAATC+CGCCTTCT	data/Lane1/101_2014R_BRY07_04_10483618_2337HWLT4_L1_R1.fastq.gz	data/Lane1/101_2014R_BRY07_04_10483618_2337HWLT4_L1_R2.fastq.gz	840176	845453
RAP14_22	1	BCSB2	2337HWLT4	ILLUMINA	1	RAP14_22	GTTGTTGG+GCGCAGAG	data/Lane1/102_RAP14_22_10483618_2337HWLT4_L1_R1.fastq.gz	data/Lane1/102_RAP14_22_10483618_2337HWLT4_L1_R2.fastq.gz	1848415	1854785
ROA_SB108	1	BCSB2	2337HWLT4	ILLUMINA	1	ROA_SB108	GCGTTCGC+AGATATGG	data/Lane1/103_ROA_SB108_10483618_2337HWLT4_L1_R1.fastq.gz	data/Lane1/103_ROA_SB108_10483618_2337HWLT4_L1_R2.fastq.gz	62392	62125
JR14_14	1	BCSB2	2337HWLT4	ILLUMINA	1	JR14_14	CCACCGCT+CCTGCTTG	data/Lane1/104_JR14_14_10483618_2337HWLT4_L1_R1.fastq.gz	data/Lane1/104_JR14_14_10483618_2337HWLT4_L1_R2.fastq.gz	1235499	1239532
DEL04	1	BCSB2	2337HWLT4	ILLUMINA	1	DEL04	TGTTCGTC+GACGAACA	data/Lane1/105_DEL04_10483618_2337HWLT4_L1_R1.fastq.gz	data/Lane1/105_DEL04_10483618_2337HWLT4_L1_R2.fastq.gz	495320	455226
SJR_91	1	BCSB2	2337HWLT4	ILLUMINA	1	SJR_91	CGAATATA+TGGCGGTC	data/Lane1/106_SJR_91_10483618_2337HWLT4_L1_R1.fastq.gz	data/Lane1/106_SJR_91_10483618_2337HWLT4_L1_R2.fastq.gz	486194	441799
CHOP_A52	1	BCSB2	2337HWLT4	ILLUMINA	1	CHOP_A52	TCGTCGCG+CTTCAGTT	data/Lane1/107_CHOP_A52_10483618_2337HWLT4_L1_R1.fastq.gz	data/Lane1/107_CHOP_A52_10483618_2337HWLT4_L1_R2.fastq.gz	92687	91466
DEL03	1	BCSB2	2337HWLT4	ILLUMINA	1	DEL03	TCCGAGGC+CGCGCCTA	data/Lane1/108_DEL03_10483618_2337HWLT4_L1_R1.fastq.gz	data/Lane1/108_DEL03_10483618_2337HWLT4_L1_R2.fastq.gz	176121	176295
ROA_SB106	1	BCSB2	2337HWLT4	ILLUMINA	1	ROA_SB106	CTGTCTCA+AGGCCAGA	data/Lane1/109_ROA_SB106_10483618_2337HWLT4_L1_R1.fastq.gz	data/Lane1/109_ROA_SB106_10483618_2337HWLT4_L1_R2.fastq.gz	1753601	1691070
CF_SB121	1	BCSB2	2337HWLT4	ILLUMINA	1	CF_SB121	TGCGAACA+CCTTGAAC	data/Lane1/110_CF_SB121_10483618_2337HWLT4_L1_R1.fastq.gz	data/Lane1/110_CF_SB121_10483618_2337HWLT4_L1_R2.fastq.gz	917459	889849
RAP14_25	1	BCSB2	2337HWLT4	ILLUMINA	1	RAP14_25	TTCTTGGA+TTCATCCA	data/Lane1/111_RAP14_25_10483618_2337HWLT4_L1_R1.fastq.gz	data/Lane1/111_RAP14_25_10483618_2337HWLT4_L1_R2.fastq.gz	1942659	1938741
ROA_SB109	1	BCSB2	2337HWLT4	ILLUMINA	1	ROA_SB109	CCTACAGC+CATAACAC	data/Lane1/112_ROA_SB109_10483618_2337HWLT4_L1_R1.fastq.gz	data/Lane1/112_ROA_SB109_10483618_2337HWLT4_L1_R2.fastq.gz	1793208	1725085
RAP14_29	1	BCSB2	2337HWLT4	ILLUMINA	1	RAP14_29	CCAGGTAT+TCCTATTA	data/Lane1/113_RAP14_29_10483618_2337HWLT4_L1_R1.fastq.gz	data/Lane1/113_RAP14_29_10483618_2337HWLT4_L1_R2.fastq.gz	787085	789479
CHOP_A66	1	BCSB2	2337HWLT4	ILLUMINA	1	CHOP_A66	GGTCCAAC+CGCGAGCC	data/Lane1/114_CHOP_A66_10483618_2337HWLT4_L1_R1.fastq.gz	data/Lane1/114_CHOP_A66_10483618_2337HWLT4_L1_R2.fastq.gz	84398	83027
DEL02	1	BCSB2	2337HWLT4	ILLUMINA	1	DEL02	AACTTGGT+ATTACTCA	data/Lane1/115_DEL02_10483618_2337HWLT4_L1_R1.fastq.gz	data/Lane1/115_DEL02_10483618_2337HWLT4_L1_R2.fastq.gz	1060263	1059961
NANT_A91	1	BCSB2	2337HWLT4	ILLUMINA	1	NANT_A91	CGCCACAC+AATTGGCG	data/Lane1/116_NANT_A91_10483618_2337HWLT4_L1_R1.fastq.gz	data/Lane1/116_NANT_A91_10483618_2337HWLT4_L1_R2.fastq.gz	150581	147384
RAP14_03	1	BCSB2	2337HWLT4	ILLUMINA	1	RAP14_03	CTACTGCC+TTGTCAAC	data/Lane1/117_RAP14_03_10483618_2337HWLT4_L1_R1.fastq.gz	data/Lane1/117_RAP14_03_10483618_2337HWLT4_L1_R2.fastq.gz	559618	539623
NANTI_A103	1	BCSB2	2337HWLT4	ILLUMINA	1	NANTI_A103	CCTTAATC+GGCGAATT	data/Lane1/118_NANTI_A103_10483618_2337HWLT4_L1_R1.fastq.gz	data/Lane1/118_NANTI_A103_10483618_2337HWLT4_L1_R2.fastq.gz	1085943	1096126
DEL01	1	BCSB2	2337HWLT4	ILLUMINA	1	DEL01	CACGAGAC+CAACGTCA	data/Lane1/119_DEL01_10483618_2337HWLT4_L1_R1.fastq.gz	data/Lane1/119_DEL01_10483618_2337HWLT4_L1_R2.fastq.gz	236420	227596
M414	1	BCSB2	2337HWLT4	ILLUMINA	1	M414	CTGGTTGT+TCTTACAT	data/Lane1/120_M414_10483618_2337HWLT4_L1_R1.fastq.gz	data/Lane1/120_M414_10483618_2337HWLT4_L1_R2.fastq.gz	925154	927538
CHOP_A62	1	BCSB2	2337HWLT4	ILLUMINA	1	CHOP_A62	ATTCTGCT+CGCCATAC	data/Lane1/121_CHOP_A62_10483618_2337HWLT4_L1_R1.fastq.gz	data/Lane1/121_CHOP_A62_10483618_2337HWLT4_L1_R2.fastq.gz	1967095	1941008
CHOP_A343	1	BCSB2	2337HWLT4	ILLUMINA	1	CHOP_A343	CACGACTG+CTAATGTC	data/Lane1/122_CHOP_A343_10483618_2337HWLT4_L1_R1.fastq.gz	data/Lane1/122_CHOP_A343_10483618_2337HWLT4_L1_R2.fastq.gz	70030	55894
2013R_BRY03_01	1	BCSB2	2337HWLT4	ILLUMINA	1	2013R_BRY03_01	GGTTAGAC+CAACCGGA	data/Lane1/123_2013R_BRY03_01_10483618_2337HWLT4_L1_R1.fastq.gz	data/Lane1/123_2013R_BRY03_01_10483618_2337HWLT4_L1_R2.fastq.gz	1016399	1192102
POT_A1	1	BCSB2	2337HWLT4	ILLUMINA	1	POT_A1	CCGAGTTC+GGCAGTAG	data/Lane1/124_POT_A1_10483618_2337HWLT4_L1_R1.fastq.gz	data/Lane1/124_POT_A1_10483618_2337HWLT4_L1_R2.fastq.gz	705791	701873
CHOP_A54	1	BCSB2	2337HWLT4	ILLUMINA	1	CHOP_A54	TGATAACT+TTAGGATA	data/Lane1/125_CHOP_A54_10483618_2337HWLT4_L1_R1.fastq.gz	data/Lane1/125_CHOP_A54_10483618_2337HWLT4_L1_R2.fastq.gz	2987037	3011462
CHPK12_33	1	BCSB2	2337HWLT4	ILLUMINA	1	CHPK12_33	CTCGGACT+GAGTTGTA	data/Lane1/126_CHPK12_33_10483618_2337HWLT4_L1_R1.fastq.gz	data/Lane1/126_CHPK12_33_10483618_2337HWLT4_L1_R2.fastq.gz	184619	184770
HUD12_38	1	BCSB2	2337HWLT4	ILLUMINA	1	HUD12_38	GGAACTGT+AACACGTG	data/Lane1/127_HUD12_38_10483618_2337HWLT4_L1_R1.fastq.gz	data/Lane1/127_HUD12_38_10483618_2337HWLT4_L1_R2.fastq.gz	799012	812148
JR14_31	1	BCSB2	2337HWLT4	ILLUMINA	1	JR14_31	TCGGATAA+GTGTTACC	data/Lane1/128_JR14_31_10483618_2337HWLT4_L1_R1.fastq.gz	data/Lane1/128_JR14_31_10483618_2337HWLT4_L1_R2.fastq.gz	2451333	2387896
NANTI_A101	1	BCSB2	2337HWLT4	ILLUMINA	1	NANTI_A101	TAGACTAT+TTGACCAA	data/Lane1/129_NANTI_A101_10483618_2337HWLT4_L1_R1.fastq.gz	data/Lane1/129_NANTI_A101_10483618_2337HWLT4_L1_R2.fastq.gz	1330614	1348412
ROA_SB101	1	BCSB2	2337HWLT4	ILLUMINA	1	ROA_SB101	TACCGCAC+CTGACCGG	data/Lane1/130_ROA_SB101_10483618_2337HWLT4_L1_R1.fastq.gz	data/Lane1/130_ROA_SB101_10483618_2337HWLT4_L1_R2.fastq.gz	132969	134132
ROA_SB102	1	BCSB2	2337HWLT4	ILLUMINA	1	ROA_SB102	AGGATATC+GGACCAAC	data/Lane1/131_ROA_SB102_10483618_2337HWLT4_L1_R1.fastq.gz	data/Lane1/131_ROA_SB102_10483618_2337HWLT4_L1_R2.fastq.gz	3178338	3161796
RAP14_26	1	BCSB2	2337HWLT4	ILLUMINA	1	RAP14_26	ATACGCGA+AATGTATT	data/Lane1/132_RAP14_26_10483618_2337HWLT4_L1_R1.fastq.gz	data/Lane1/132_RAP14_26_10483618_2337HWLT4_L1_R2.fastq.gz	1257853	1247367
JR14_28	1	BCSB2	2337HWLT4	ILLUMINA	1	JR14_28	CTTAGAAT+GATCTCTG	data/Lane1/133_JR14_28_10483618_2337HWLT4_L1_R1.fastq.gz	data/Lane1/133_JR14_28_10483618_2337HWLT4_L1_R2.fastq.gz	2014722	2078288
POT_A163	1	BCSB2	2337HWLT4	ILLUMINA	1	POT_A163	GAAGCGCT+CAGGCGCC	data/Lane1/134_POT_A163_10483618_2337HWLT4_L1_R1.fastq.gz	data/Lane1/134_POT_A163_10483618_2337HWLT4_L1_R2.fastq.gz	2082972	1962328
CF_SB150	1	BCSB2	2337HWLT4	ILLUMINA	1	CF_SB150	CTATCAAC+TTAATAGA	data/Lane1/135_CF_SB150_10483618_2337HWLT4_L1_R1.fastq.gz	data/Lane1/135_CF_SB150_10483618_2337HWLT4_L1_R2.fastq.gz	4956242	4955626
M401	1	BCSB2	2337HWLT4	ILLUMINA	1	M401	GTTCGGTA+GGAGTCGC	data/Lane1/136_M401_10483618_2337HWLT4_L1_R1.fastq.gz	data/Lane1/136_M401_10483618_2337HWLT4_L1_R2.fastq.gz	1295460	1142242
RAP14_34	1	BCSB2	2337HWLT4	ILLUMINA	1	RAP14_34	GCATAACC+AACGCCAG	data/Lane1/137_RAP14_34_10483618_2337HWLT4_L1_R1.fastq.gz	data/Lane1/137_RAP14_34_10483618_2337HWLT4_L1_R2.fastq.gz	928189	929979
POT_A165	1	BCSB2	2337HWLT4	ILLUMINA	1	POT_A165	GTGGAAGC+ACGAGACT	data/Lane1/138_POT_A165_10483618_2337HWLT4_L1_R1.fastq.gz	data/Lane1/138_POT_A165_10483618_2337HWLT4_L1_R2.fastq.gz	68600	67682
NANTI_A104	1	BCSB2	2337HWLT4	ILLUMINA	1	NANTI_A104	CCATATCT+GTATCGGC	data/Lane1/139_NANTI_A104_10483618_2337HWLT4_L1_R1.fastq.gz	data/Lane1/139_NANTI_A104_10483618_2337HWLT4_L1_R2.fastq.gz	2115266	1946007
HUD12_40	1	BCSB2	2337HWLT4	ILLUMINA	1	HUD12_40	TTCATATT+GTTATATG	data/Lane1/140_HUD12_40_10483618_2337HWLT4_L1_R1.fastq.gz	data/Lane1/140_HUD12_40_10483618_2337HWLT4_L1_R2.fastq.gz	958762	970225
CF_SB155	1	BCSB2	2337HWLT4	ILLUMINA	1	CF_SB155	GGTATCTG+GCCTGCCA	data/Lane1/141_CF_SB155_10483618_2337HWLT4_L1_R1.fastq.gz	data/Lane1/141_CF_SB155_10483618_2337HWLT4_L1_R2.fastq.gz	3393017	3394028
M424	1	BCSB2	2337HWLT4	ILLUMINA	1	M424	ACGGCCGT+GCCGTCTG	data/Lane1/142_M424_10483618_2337HWLT4_L1_R1.fastq.gz	data/Lane1/142_M424_10483618_2337HWLT4_L1_R2.fastq.gz	199150	200394
JR14_34	1	BCSB2	2337HWLT4	ILLUMINA	1	JR14_34	GTAATTAC+CAGAGTGA	data/Lane1/143_JR14_34_10483618_2337HWLT4_L1_R1.fastq.gz	data/Lane1/143_JR14_34_10483618_2337HWLT4_L1_R2.fastq.gz	1298076	1296099
CHPK12_32	1	BCSB2	2337HWLT4	ILLUMINA	1	CHPK12_32	CCACTAAT+TCAGTTAA	data/Lane1/144_CHPK12_32_10483618_2337HWLT4_L1_R1.fastq.gz	data/Lane1/144_CHPK12_32_10483618_2337HWLT4_L1_R2.fastq.gz	365376	367945
JR14_33	1	BCSB2	2337HWLT4	ILLUMINA	1	JR14_33	AGTTAGCA+GTGACCTT	data/Lane1/145_JR14_33_10483618_2337HWLT4_L1_R1.fastq.gz	data/Lane1/145_JR14_33_10483618_2337HWLT4_L1_R2.fastq.gz	1169863	1177408
POT_A166	1	BCSB2	2337HWLT4	ILLUMINA	1	POT_A166	AGGTCTTA+ACATGCAT	data/Lane1/146_POT_A166_10483618_2337HWLT4_L1_R1.fastq.gz	data/Lane1/146_POT_A166_10483618_2337HWLT4_L1_R2.fastq.gz	1253773	1261852
CHOP_A59	1	BCSB2	2337HWLT4	ILLUMINA	1	CHOP_A59	AACGCGGA+CCATGTGT	data/Lane1/147_CHOP_A59_10483618_2337HWLT4_L1_R1.fastq.gz	data/Lane1/147_CHOP_A59_10483618_2337HWLT4_L1_R2.fastq.gz	1471847	1454223
ROA14_23	1	BCSB2	2337HWLT4	ILLUMINA	1	ROA14_23	TGCAACCT+GAGTCTCT	data/Lane1/148_ROA14_23_10483618_2337HWLT4_L1_R1.fastq.gz	data/Lane1/148_ROA14_23_10483618_2337HWLT4_L1_R2.fastq.gz	679042	682204
CF_SB120	1	BCSB2	2337HWLT4	ILLUMINA	1	CF_SB120	CATGGTTC+GCTATGCG	data/Lane1/149_CF_SB120_10483618_2337HWLT4_L1_R1.fastq.gz	data/Lane1/149_CF_SB120_10483618_2337HWLT4_L1_R2.fastq.gz	1935417	1954307
RAP14_32	1	BCSB2	2337HWLT4	ILLUMINA	1	RAP14_32	CTAGACCA+AGTACCTA	data/Lane1/150_RAP14_32_10483618_2337HWLT4_L1_R1.fastq.gz	data/Lane1/150_RAP14_32_10483618_2337HWLT4_L1_R2.fastq.gz	642074	641876
ROA_SB103	1	BCSB2	2337HWLT4	ILLUMINA	1	ROA_SB103	GGCGTGCC+GACCGGAG	data/Lane1/151_ROA_SB103_10483618_2337HWLT4_L1_R1.fastq.gz	data/Lane1/151_ROA_SB103_10483618_2337HWLT4_L1_R2.fastq.gz	85468	89548
CF_SB118	1	BCSB2	2337HWLT4	ILLUMINA	1	CF_SB118	GTCCAGCA+CACGTCCA	data/Lane1/152_CF_SB118_10483618_2337HWLT4_L1_R1.fastq.gz	data/Lane1/152_CF_SB118_10483618_2337HWLT4_L1_R2.fastq.gz	2101096	2035984
CHOP_A64	1	BCSB2	2337HWLT4	ILLUMINA	1	CHOP_A64	GTATTAAT+GCTACTAT	data/Lane1/153_CHOP_A64_10483618_2337HWLT4_L1_R1.fastq.gz	data/Lane1/153_CHOP_A64_10483618_2337HWLT4_L1_R2.fastq.gz	1352271	1367524
M435	1	BCSB2	2337HWLT4	ILLUMINA	1	M435	TGTGACTA+AGTCAACC	data/Lane1/154_M435_10483618_2337HWLT4_L1_R1.fastq.gz	data/Lane1/154_M435_10483618_2337HWLT4_L1_R2.fastq.gz	2294548	2052840
M437	1	BCSB2	2337HWLT4	ILLUMINA	1	M437	GCATCTTG+CGAGGCGG	data/Lane1/155_M437_10483618_2337HWLT4_L1_R1.fastq.gz	data/Lane1/155_M437_10483618_2337HWLT4_L1_R2.fastq.gz	146849	146152
POT_A172	1	BCSB2	2337HWLT4	ILLUMINA	1	POT_A172	AGTCTCGT+CAGGTGTT	data/Lane1/156_POT_A172_10483618_2337HWLT4_L1_R1.fastq.gz	data/Lane1/156_POT_A172_10483618_2337HWLT4_L1_R2.fastq.gz	873539	871470
CHPK12_37	1	BCSB2	2337HWLT4	ILLUMINA	1	CHPK12_37	CGCCATTG+TGTACTTG	data/Lane1/157_CHPK12_37_10483618_2337HWLT4_L1_R1.fastq.gz	data/Lane1/157_CHPK12_37_10483618_2337HWLT4_L1_R2.fastq.gz	847662	843547
POT_A170	1	BCSB2	2337HWLT4	ILLUMINA	1	POT_A170	CGAATTAG+CTCTAAGT	data/Lane1/158_POT_A170_10483618_2337HWLT4_L1_R1.fastq.gz	data/Lane1/158_POT_A170_10483618_2337HWLT4_L1_R2.fastq.gz	2359101	2334247
JR14_24	1	BCSB2	2337HWLT4	ILLUMINA	1	JR14_24	AGACCATG+GTCACCAC	data/Lane1/159_JR14_24_10483618_2337HWLT4_L1_R1.fastq.gz	data/Lane1/159_JR14_24_10483618_2337HWLT4_L1_R2.fastq.gz	2985665	2952209
NANT_A100	1	BCSB2	2337HWLT4	ILLUMINA	1	NANT_A100	CACAGTAT+TGGTGAGT	data/Lane1/160_NANT_A100_10483618_2337HWLT4_L1_R1.fastq.gz	data/Lane1/160_NANT_A100_10483618_2337HWLT4_L1_R2.fastq.gz	998473	958379
JR14_13	1	BCSB2	2337HWLT4	ILLUMINA	1	JR14_13	TTGTCGGC+CTTCGAAG	data/Lane1/161_JR14_13_10483618_2337HWLT4_L1_R1.fastq.gz	data/Lane1/161_JR14_13_10483618_2337HWLT4_L1_R2.fastq.gz	1560824	1566299
DEL12_38	1	BCSB2	2337HWLT4	ILLUMINA	1	DEL12_38	GTTATATC+GTAGAGTC	data/Lane1/162_DEL12_38_10483618_2337HWLT4_L1_R1.fastq.gz	data/Lane1/162_DEL12_38_10483618_2337HWLT4_L1_R2.fastq.gz	313517	263366
CHOP_A56	1	BCSB2	2337HWLT4	ILLUMINA	1	CHOP_A56	ACCGGCGA+GACATTGT	data/Lane1/163_CHOP_A56_10483618_2337HWLT4_L1_R1.fastq.gz	data/Lane1/163_CHOP_A56_10483618_2337HWLT4_L1_R2.fastq.gz	1676597	1642780
POT_A171	1	BCSB2	2337HWLT4	ILLUMINA	1	POT_A171	GAGAGTCT+CGCTTGAA	data/Lane1/164_POT_A171_10483618_2337HWLT4_L1_R1.fastq.gz	data/Lane1/164_POT_A171_10483618_2337HWLT4_L1_R2.fastq.gz	1982556	1999226
CF_SB152	1	BCSB2	2337HWLT4	ILLUMINA	1	CF_SB152	TATGTCTC+CAGCGGAC	data/Lane1/165_CF_SB152_10483618_2337HWLT4_L1_R1.fastq.gz	data/Lane1/165_CF_SB152_10483618_2337HWLT4_L1_R2.fastq.gz	2951756	2924343
NANT_A96	1	BCSB2	2337HWLT4	ILLUMINA	1	NANT_A96	AATGATAC+GACGTTCG	data/Lane1/166_NANT_A96_10483618_2337HWLT4_L1_R1.fastq.gz	data/Lane1/166_NANT_A96_10483618_2337HWLT4_L1_R2.fastq.gz	1166132	1181930
M426	1	BCSB2	2337HWLT4	ILLUMINA	1	M426	CTAAGCGG+CACGGATT	data/Lane1/167_M426_10483618_2337HWLT4_L1_R1.fastq.gz	data/Lane1/167_M426_10483618_2337HWLT4_L1_R2.fastq.gz	450727	447914
DEL05	1	BCSB2	2337HWLT4	ILLUMINA	1	DEL05	ATCTGTGA+TTGAGGAC	data/Lane1/168_DEL05_10483618_2337HWLT4_L1_R1.fastq.gz	data/Lane1/168_DEL05_10483618_2337HWLT4_L1_R2.fastq.gz	585309	579718
ROA_SB104	1	BCSB2	2337HWLT4	ILLUMINA	1	ROA_SB104	GGACAAGT+GCAACAGG	data/Lane1/169_ROA_SB104_10483618_2337HWLT4_L1_R1.fastq.gz	data/Lane1/169_ROA_SB104_10483618_2337HWLT4_L1_R2.fastq.gz	1072271	1085792
POT_A173	1	BCSB2	2337HWLT4	ILLUMINA	1	POT_A173	ATTAAGTG+ACCGCGCA	data/Lane1/170_POT_A173_10483618_2337HWLT4_L1_R1.fastq.gz	data/Lane1/170_POT_A173_10483618_2337HWLT4_L1_R2.fastq.gz	1906772	1897844
DEL12_41	1	BCSB2	2337HWLT4	ILLUMINA	1	DEL12_41	CTGGAATG+AGCCGGAA	data/Lane1/171_DEL12_41_10483618_2337HWLT4_L1_R1.fastq.gz	data/Lane1/171_DEL12_41_10483618_2337HWLT4_L1_R2.fastq.gz	496936	498598
NANTI_A105	1	BCSB2	2337HWLT4	ILLUMINA	1	NANTI_A105	ATAACGAG+CCTCGCAA	data/Lane1/172_NANTI_A105_10483618_2337HWLT4_L1_R1.fastq.gz	data/Lane1/172_NANTI_A105_10483618_2337HWLT4_L1_R2.fastq.gz	2193119	2191225
HUD12_39	1	BCSB2	2337HWLT4	ILLUMINA	1	HUD12_39	TGGCTTCT+TAGGAGCG	data/Lane1/173_HUD12_39_10483618_2337HWLT4_L1_R1.fastq.gz	data/Lane1/173_HUD12_39_10483618_2337HWLT4_L1_R2.fastq.gz	457097	461096
DEL14_E16	1	BCSB2	2337HWLT4	ILLUMINA	1	DEL14_E16	ACCGATTA+AGTTAAGA	data/Lane1/174_DEL14_E16_10483618_2337HWLT4_L1_R1.fastq.gz	data/Lane1/174_DEL14_E16_10483618_2337HWLT4_L1_R2.fastq.gz	1619530	1624913
DEL14_E39	1	BCSB2	2337HWLT4	ILLUMINA	1	DEL14_E39	TGGTCCGG+GAGTGTGC	data/Lane1/175_DEL14_E39_10483618_2337HWLT4_L1_R1.fastq.gz	data/Lane1/175_DEL14_E39_10483618_2337HWLT4_L1_R2.fastq.gz	1071295	1058671
HUD14_E4	1	BCSB2	2337HWLT4	ILLUMINA	1	HUD14_E4	TCTAAGTC+ATTAATAC	data/Lane1/176_HUD14_E4_10483618_2337HWLT4_L1_R1.fastq.gz	data/Lane1/176_HUD14_E4_10483618_2337HWLT4_L1_R2.fastq.gz	933978	906985
HUD14_E8	1	BCSB2	2337HWLT4	ILLUMINA	1	HUD14_E8	GTGCATTC+TAGGAAGA	data/Lane1/177_HUD14_E8_10483618_2337HWLT4_L1_R1.fastq.gz	data/Lane1/177_HUD14_E8_10483618_2337HWLT4_L1_R2.fastq.gz	268458	267784
HUD14_E10	1	BCSB2	2337HWLT4	ILLUMINA	1	HUD14_E10	GATACACG+CCGTGGCC	data/Lane1/178_HUD14_E10_10483618_2337HWLT4_L1_R1.fastq.gz	data/Lane1/178_HUD14_E10_10483618_2337HWLT4_L1_R2.fastq.gz	527080	526661
HUD14_E19	1	BCSB2	2337HWLT4	ILLUMINA	1	HUD14_E19	CAATGAAT+GGATATAT	data/Lane1/179_HUD14_E19_10483618_2337HWLT4_L1_R1.fastq.gz	data/Lane1/179_HUD14_E19_10483618_2337HWLT4_L1_R2.fastq.gz	319725	321503
DEL14_E33	1	BCSB2	2337HWLT4	ILLUMINA	1	DEL14_E33	GAGTCGAG+CACCTCTT	data/Lane1/180_DEL14_E33_10483618_2337HWLT4_L1_R1.fastq.gz	data/Lane1/180_DEL14_E33_10483618_2337HWLT4_L1_R2.fastq.gz	713603	689144
CB203	1	BCSB2	2337HWLT4	ILLUMINA	1	CB203	ACGAGAGC+AACGTTAC	data/Lane1/181_CB203_10483618_2337HWLT4_L1_R1.fastq.gz	data/Lane1/181_CB203_10483618_2337HWLT4_L1_R2.fastq.gz	99813	94384
CB219	1	BCSB2	2337HWLT4	ILLUMINA	1	CB219	TGAGGTCC+CGGCAAGC	data/Lane1/182_CB219_10483618_2337HWLT4_L1_R1.fastq.gz	data/Lane1/182_CB219_10483618_2337HWLT4_L1_R2.fastq.gz	1801171	1724480
DEL14_E5	1	BCSB2	2337HWLT4	ILLUMINA	1	DEL14_E5	AGAGACTC+TCTTGGCT	data/Lane1/183_DEL14_E5_10483618_2337HWLT4_L1_R1.fastq.gz	data/Lane1/183_DEL14_E5_10483618_2337HWLT4_L1_R2.fastq.gz	811532	816252
DEL14_E6	1	BCSB2	2337HWLT4	ILLUMINA	1	DEL14_E6	GCTCCGTT+ACGGAATG	data/Lane1/184_DEL14_E6_10483618_2337HWLT4_L1_R1.fastq.gz	data/Lane1/184_DEL14_E6_10483618_2337HWLT4_L1_R2.fastq.gz	775599	775367
DEL14_E35	1	BCSB2	2337HWLT4	ILLUMINA	1	DEL14_E35	ACATCACA+GTTCCGCA	data/Lane1/185_DEL14_E35_10483618_2337HWLT4_L1_R1.fastq.gz	data/Lane1/185_DEL14_E35_10483618_2337HWLT4_L1_R2.fastq.gz	327130	327130
HUD14_E7	1	BCSB2	2337HWLT4	ILLUMINA	1	HUD14_E7	AAGACAAG+ACCAAGTT	data/Lane1/186_HUD14_E7_10483618_2337HWLT4_L1_R1.fastq.gz	data/Lane1/186_HUD14_E7_10483618_2337HWLT4_L1_R2.fastq.gz	1340472	1341379
HUD14_E6	1	BCSB2	2337HWLT4	ILLUMINA	1	HUD14_E6	CTCGTGCA+AACTAACG	data/Lane1/187_HUD14_E6_10483618_2337HWLT4_L1_R1.fastq.gz	data/Lane1/187_HUD14_E6_10483618_2337HWLT4_L1_R2.fastq.gz	213275	212623
KEN57	1	BCSB2	2337HWLT4	ILLUMINA	1	KEN57	AATAGCAC+AGAGCACT	data/Lane1/188_KEN57_10483618_2337HWLT4_L1_R1.fastq.gz	data/Lane1/188_KEN57_10483618_2337HWLT4_L1_R2.fastq.gz	49372	49291
CB191	1	BCSB2	2337HWLT4	ILLUMINA	1	CB191	CACTAAGG+ACTCTACA	data/Lane1/189_CB191_10483618_2337HWLT4_L1_R1.fastq.gz	data/Lane1/189_CB191_10483618_2337HWLT4_L1_R2.fastq.gz	164	164
DEL14_E34	1	BCSB2	2337HWLT4	ILLUMINA	1	DEL14_E34	GTCGGCAT+GCGTTGGT	data/Lane1/190_DEL14_E34_10483618_2337HWLT4_L1_R1.fastq.gz	data/Lane1/190_DEL14_E34_10483618_2337HWLT4_L1_R2.fastq.gz	518558	525080
DEL14_E36	1	BCSB2	2337HWLT4	ILLUMINA	1	DEL14_E36	GACGCTAG+TGTGCTAA	data/Lane1/191_DEL14_E36_10483618_2337HWLT4_L1_R1.fastq.gz	data/Lane1/191_DEL14_E36_10483618_2337HWLT4_L1_R2.fastq.gz	888129	881200
DEL14_E37	1	BCSB2	2337HWLT4	ILLUMINA	1	DEL14_E37	CGTAGGCA+CTTATACC	data/Lane1/192_DEL14_E37_10483618_2337HWLT4_L1_R1.fastq.gz	data/Lane1/192_DEL14_E37_10483618_2337HWLT4_L1_R2.fastq.gz	997369	958414
ROA14_05	1	BCSB3	2337HWLT4	ILLUMINA	1	ROA14_05	GTTCTAGT+TATCATGA	data/Lane1/193_ROA14_05_10483618_2337HWLT4_L1_R1.fastq.gz	data/Lane1/193_ROA14_05_10483618_2337HWLT4_L1_R2.fastq.gz	2377759	2391930
RAP14_45	1	BCSB3	2337HWLT4	ILLUMINA	1	RAP14_45	AAGAGGTG+CTCACACA	data/Lane1/194_RAP14_45_10483618_2337HWLT4_L1_R1.fastq.gz	data/Lane1/194_RAP14_45_10483618_2337HWLT4_L1_R2.fastq.gz	758475	734330
JR14_01	1	BCSB3	2337HWLT4	ILLUMINA	1	JR14_01	GATCTGGC+GAATTGAG	data/Lane1/195_JR14_01_10483618_2337HWLT4_L1_R1.fastq.gz	data/Lane1/195_JR14_01_10483618_2337HWLT4_L1_R2.fastq.gz	1441133	1442539
RAP14_10	1	BCSB3	2337HWLT4	ILLUMINA	1	RAP14_10	GAATCCAA+CGGATTAT	data/Lane1/196_RAP14_10_10483618_2337HWLT4_L1_R1.fastq.gz	data/Lane1/196_RAP14_10_10483618_2337HWLT4_L1_R2.fastq.gz	1479972	1469126
JR14_35	1	BCSB3	2337HWLT4	ILLUMINA	1	JR14_35	CGGCTAGT+TTGAAGCA	data/Lane1/197_JR14_35_10483618_2337HWLT4_L1_R1.fastq.gz	data/Lane1/197_JR14_35_10483618_2337HWLT4_L1_R2.fastq.gz	1771085	1763180
DEL14_08	1	BCSB3	2337HWLT4	ILLUMINA	1	DEL14_08	GCTTGCCG+TACGGCGA	data/Lane1/198_DEL14_08_10483618_2337HWLT4_L1_R1.fastq.gz	data/Lane1/198_DEL14_08_10483618_2337HWLT4_L1_R2.fastq.gz	368468	317760
CHOP_A72	1	BCSB3	2337HWLT4	ILLUMINA	1	CHOP_A72	CCTGTTGC+TCTCCATT	data/Lane1/199_CHOP_A72_10483618_2337HWLT4_L1_R1.fastq.gz	data/Lane1/199_CHOP_A72_10483618_2337HWLT4_L1_R2.fastq.gz	1074364	1070760
M429	1	BCSB3	2337HWLT4	ILLUMINA	1	M429	TGACTGGT+CGAGACCA	data/Lane1/200_M429_10483618_2337HWLT4_L1_R1.fastq.gz	data/Lane1/200_M429_10483618_2337HWLT4_L1_R2.fastq.gz	3796265	3808901
JR14_36	1	BCSB3	2337HWLT4	ILLUMINA	1	JR14_36	GATTCCGG+TGCTGGAC	data/Lane1/201_JR14_36_10483618_2337HWLT4_L1_R1.fastq.gz	data/Lane1/201_JR14_36_10483618_2337HWLT4_L1_R2.fastq.gz	2064489	1999261
ROA14_06	1	BCSB3	2337HWLT4	ILLUMINA	1	ROA14_06	TAAGGTGG+GATGGTAT	data/Lane1/202_ROA14_06_10483618_2337HWLT4_L1_R1.fastq.gz	data/Lane1/202_ROA14_06_10483618_2337HWLT4_L1_R2.fastq.gz	1396644	1401503
CHPK12_12	1	BCSB3	2337HWLT4	ILLUMINA	1	CHPK12_12	ACTGCAAC+GGCTTAAT	data/Lane1/203_CHPK12_12_10483618_2337HWLT4_L1_R1.fastq.gz	data/Lane1/203_CHPK12_12_10483618_2337HWLT4_L1_R2.fastq.gz	357331	357529
SJR_34	1	BCSB3	2337HWLT4	ILLUMINA	1	SJR_34	AACGCACC+CTCGACTC	data/Lane1/204_SJR_34_10483618_2337HWLT4_L1_R1.fastq.gz	data/Lane1/204_SJR_34_10483618_2337HWLT4_L1_R2.fastq.gz	227108	218111
CHOP_A69	1	BCSB3	2337HWLT4	ILLUMINA	1	CHOP_A69	TTACGCCG+TCTCGGAC	data/Lane1/205_CHOP_A69_10483618_2337HWLT4_L1_R1.fastq.gz	data/Lane1/205_CHOP_A69_10483618_2337HWLT4_L1_R2.fastq.gz	768450	761637
CHPK12_13	1	BCSB3	2337HWLT4	ILLUMINA	1	CHPK12_13	CTGATGTC+AGTCCGAG	data/Lane1/206_CHPK12_13_10483618_2337HWLT4_L1_R1.fastq.gz	data/Lane1/206_CHPK12_13_10483618_2337HWLT4_L1_R2.fastq.gz	113404	113311
JR14_37	1	BCSB3	2337HWLT4	ILLUMINA	1	JR14_37	AGGAGGAA+TACTCTGT	data/Lane1/207_JR14_37_10483618_2337HWLT4_L1_R1.fastq.gz	data/Lane1/207_JR14_37_10483618_2337HWLT4_L1_R2.fastq.gz	3104984	2962288
SJR110	1	BCSB3	2337HWLT4	ILLUMINA	1	SJR110	CTTACACA+GCGACTCG	data/Lane1/208_SJR110_10483618_2337HWLT4_L1_R1.fastq.gz	data/Lane1/208_SJR110_10483618_2337HWLT4_L1_R2.fastq.gz	996195	1008262
ROA14_24	1	BCSB3	2337HWLT4	ILLUMINA	1	ROA14_24	TGGACGCA+CTAGGCAA	data/Lane1/209_ROA14_24_10483618_2337HWLT4_L1_R1.fastq.gz	data/Lane1/209_ROA14_24_10483618_2337HWLT4_L1_R2.fastq.gz	675636	669207
NANTI_A304	1	BCSB3	2337HWLT4	ILLUMINA	1	NANTI_A304	ACGCACCT+TCATCCTC	data/Lane1/210_NANTI_A304_10483618_2337HWLT4_L1_R1.fastq.gz	data/Lane1/210_NANTI_A304_10483618_2337HWLT4_L1_R2.fastq.gz	206486	192907
ROA14_04	1	BCSB3	2337HWLT4	ILLUMINA	1	ROA14_04	CTGGCCAA+GGTAAGAT	data/Lane1/211_ROA14_04_10483618_2337HWLT4_L1_R1.fastq.gz	data/Lane1/211_ROA14_04_10483618_2337HWLT4_L1_R2.fastq.gz	132167	130342
CF_SB117	1	BCSB3	2337HWLT4	ILLUMINA	1	CF_SB117	TCTGGCCT+TAGACAAT	data/Lane1/212_CF_SB117_10483618_2337HWLT4_L1_R1.fastq.gz	data/Lane1/212_CF_SB117_10483618_2337HWLT4_L1_R2.fastq.gz	1002821	1004646
POT_A176	1	BCSB3	2337HWLT4	ILLUMINA	1	POT_A176	TTAATGCT+CAATGCTG	data/Lane1/213_POT_A176_10483618_2337HWLT4_L1_R1.fastq.gz	data/Lane1/213_POT_A176_10483618_2337HWLT4_L1_R2.fastq.gz	1584237	1595292
POT_A180	1	BCSB3	2337HWLT4	ILLUMINA	1	POT_A180	TGAGTAAT+GTCACGGT	data/Lane1/214_POT_A180_10483618_2337HWLT4_L1_R1.fastq.gz	data/Lane1/214_POT_A180_10483618_2337HWLT4_L1_R2.fastq.gz	1387146	1413919
CF_SB156	1	BCSB3	2337HWLT4	ILLUMINA	1	CF_SB156	CTCTGCGC+GGTGTACA	data/Lane1/215_CF_SB156_10483618_2337HWLT4_L1_R1.fastq.gz	data/Lane1/215_CF_SB156_10483618_2337HWLT4_L1_R2.fastq.gz	1297262	1285358
M418	1	BCSB3	2337HWLT4	ILLUMINA	1	M418	GTATGGCG+TAATACGG	data/Lane1/216_M418_10483618_2337HWLT4_L1_R1.fastq.gz	data/Lane1/216_M418_10483618_2337HWLT4_L1_R2.fastq.gz	954973	941162
CF_SB158	1	BCSB3	2337HWLT4	ILLUMINA	1	CF_SB158	CATATAAC+CGAAGACG	data/Lane1/217_CF_SB158_10483618_2337HWLT4_L1_R1.fastq.gz	data/Lane1/217_CF_SB158_10483618_2337HWLT4_L1_R2.fastq.gz	99813	99697
DEL12_19	1	BCSB3	2337HWLT4	ILLUMINA	1	DEL12_19	TGCGAGTG+TCTCACGC	data/Lane1/218_DEL12_19_10483618_2337HWLT4_L1_R1.fastq.gz	data/Lane1/218_DEL12_19_10483618_2337HWLT4_L1_R2.fastq.gz	474918	394322
SJR98	1	BCSB3	2337HWLT4	ILLUMINA	1	SJR98	GAGCCGGT+TCGAATGG	data/Lane1/219_SJR98_10483618_2337HWLT4_L1_R1.fastq.gz	data/Lane1/219_SJR98_10483618_2337HWLT4_L1_R2.fastq.gz	619812	624381
JR14_38	1	BCSB3	2337HWLT4	ILLUMINA	1	JR14_38	CGGTCTAT+TGAACGCA	data/Lane1/220_JR14_38_10483618_2337HWLT4_L1_R1.fastq.gz	data/Lane1/220_JR14_38_10483618_2337HWLT4_L1_R2.fastq.gz	2889875	2874635
RAP14_46	1	BCSB3	2337HWLT4	ILLUMINA	1	RAP14_46	TCAACCAC+CCGCTTAG	data/Lane1/221_RAP14_46_10483618_2337HWLT4_L1_R1.fastq.gz	data/Lane1/221_RAP14_46_10483618_2337HWLT4_L1_R2.fastq.gz	2849781	2854338
CF_SB116	1	BCSB3	2337HWLT4	ILLUMINA	1	CF_SB116	TATTCAGT+CACCGAGG	data/Lane1/222_CF_SB116_10483618_2337HWLT4_L1_R1.fastq.gz	data/Lane1/222_CF_SB116_10483618_2337HWLT4_L1_R2.fastq.gz	1883173	1911202
2015T_SSD01_32	1	BCSB3	2337HWLT4	ILLUMINA	1	2015T_SSD01_32	ATTATGGA+ATTCATTG	data/Lane1/223_2015T_SSD01_32_10483618_2337HWLT4_L1_R1.fastq.gz	data/Lane1/223_2015T_SSD01_32_10483618_2337HWLT4_L1_R2.fastq.gz	1767924	1771329
DEL12_20	1	BCSB3	2337HWLT4	ILLUMINA	1	DEL12_20	TGGTTAAG+TCATGTCC	data/Lane1/224_DEL12_20_10483618_2337HWLT4_L1_R1.fastq.gz	data/Lane1/224_DEL12_20_10483618_2337HWLT4_L1_R2.fastq.gz	1504152	1470126
POT_A174	1	BCSB3	2337HWLT4	ILLUMINA	1	POT_A174	CAGTTCTG+AATTCGAT	data/Lane1/225_POT_A174_10483618_2337HWLT4_L1_R1.fastq.gz	data/Lane1/225_POT_A174_10483618_2337HWLT4_L1_R2.fastq.gz	180875	180748
RAP14_44	1	BCSB3	2337HWLT4	ILLUMINA	1	RAP14_44	TGAACCTG+AGCTCTCA	data/Lane1/226_RAP14_44_10483618_2337HWLT4_L1_R1.fastq.gz	data/Lane1/226_RAP14_44_10483618_2337HWLT4_L1_R2.fastq.gz	333709	332849
NANTI_A108	1	BCSB3	2337HWLT4	ILLUMINA	1	NANTI_A108	AACCTTGG+TCTGGAAT	data/Lane1/227_NANTI_A108_10483618_2337HWLT4_L1_R1.fastq.gz	data/Lane1/227_NANTI_A108_10483618_2337HWLT4_L1_R2.fastq.gz	1197531	1200565
ROA14_02	1	BCSB3	2337HWLT4	ILLUMINA	1	ROA14_02	TTCTCTCG+ATTAGTGG	data/Lane1/228_ROA14_02_10483618_2337HWLT4_L1_R1.fastq.gz	data/Lane1/228_ROA14_02_10483618_2337HWLT4_L1_R2.fastq.gz	741305	737341
CHPK12_10	1	BCSB3	2337HWLT4	ILLUMINA	1	CHPK12_10	ACATTGCG+CGTTCGGA	data/Lane1/229_CHPK12_10_10483618_2337HWLT4_L1_R1.fastq.gz	data/Lane1/229_CHPK12_10_10483618_2337HWLT4_L1_R2.fastq.gz	308995	309413
HUD12_21	1	BCSB3	2337HWLT4	ILLUMINA	1	HUD12_21	GGTCTTAG+TGGTATAC	data/Lane1/230_HUD12_21_10483618_2337HWLT4_L1_R1.fastq.gz	data/Lane1/230_HUD12_21_10483618_2337HWLT4_L1_R2.fastq.gz	1262154	1229093
POT_A179	1	BCSB3	2337HWLT4	ILLUMINA	1	POT_A179	GGATGTAG+GCTCTCGT	data/Lane1/231_POT_A179_10483618_2337HWLT4_L1_R1.fastq.gz	data/Lane1/231_POT_A179_10483618_2337HWLT4_L1_R2.fastq.gz	1297076	1369825
CHOP_A67	1	BCSB3	2337HWLT4	ILLUMINA	1	CHOP_A67	TGAGCTAG+CTGTGAGC	data/Lane1/232_CHOP_A67_10483618_2337HWLT4_L1_R1.fastq.gz	data/Lane1/232_CHOP_A67_10483618_2337HWLT4_L1_R2.fastq.gz	1413895	1396992
NANTI_A106	1	BCSB3	2337HWLT4	ILLUMINA	1	NANTI_A106	TTGGTGAG+TCACAGAT	data/Lane1/233_NANTI_A106_10483618_2337HWLT4_L1_R1.fastq.gz	data/Lane1/233_NANTI_A106_10483618_2337HWLT4_L1_R2.fastq.gz	1839127	1814540
POT_A175	1	BCSB3	2337HWLT4	ILLUMINA	1	POT_A175	TATGGCAG+AGAAGCCA	data/Lane1/234_POT_A175_10483618_2337HWLT4_L1_R1.fastq.gz	data/Lane1/234_POT_A175_10483618_2337HWLT4_L1_R2.fastq.gz	2417587	2387036
DEL12_16	1	BCSB3	2337HWLT4	ILLUMINA	1	DEL12_16	GCTGTAAG+AACATCTA	data/Lane1/235_DEL12_16_10483618_2337HWLT4_L1_R1.fastq.gz	data/Lane1/235_DEL12_16_10483618_2337HWLT4_L1_R2.fastq.gz	801011	786631
ROA14_07	1	BCSB3	2337HWLT4	ILLUMINA	1	ROA14_07	TAGAGCTC+CCTTACTA	data/Lane1/236_ROA14_07_10483618_2337HWLT4_L1_R1.fastq.gz	data/Lane1/236_ROA14_07_10483618_2337HWLT4_L1_R2.fastq.gz	308158	307228
M415	1	BCSB3	2337HWLT4	ILLUMINA	1	M415	GCAAGATC+GTGGCGAG	data/Lane1/237_M415_10483618_2337HWLT4_L1_R1.fastq.gz	data/Lane1/237_M415_10483618_2337HWLT4_L1_R2.fastq.gz	2774881	2793818
RAP14_50	1	BCSB3	2337HWLT4	ILLUMINA	1	RAP14_50	ACATAGGC+GCCAGATC	data/Lane1/238_RAP14_50_10483618_2337HWLT4_L1_R1.fastq.gz	data/Lane1/238_RAP14_50_10483618_2337HWLT4_L1_R2.fastq.gz	518710	466095
ROA_SB105	1	BCSB3	2337HWLT4	ILLUMINA	1	ROA_SB105	AAGAAGGC+ACACAATA	data/Lane1/239_ROA_SB105_10483618_2337HWLT4_L1_R1.fastq.gz	data/Lane1/239_ROA_SB105_10483618_2337HWLT4_L1_R2.fastq.gz	1561277	1559929
DEL14_07	1	BCSB3	2337HWLT4	ILLUMINA	1	DEL14_07	GACATTCC+CCTTCACG	data/Lane1/240_DEL14_07_10483618_2337HWLT4_L1_R1.fastq.gz	data/Lane1/240_DEL14_07_10483618_2337HWLT4_L1_R2.fastq.gz	723752	729076
CF_SB115	1	BCSB3	2337HWLT4	ILLUMINA	1	CF_SB115	GGAAGCTA+TTATGCGC	data/Lane1/241_CF_SB115_10483618_2337HWLT4_L1_R1.fastq.gz	data/Lane1/241_CF_SB115_10483618_2337HWLT4_L1_R2.fastq.gz	2915299	2676952
HUD12_17	1	BCSB3	2337HWLT4	ILLUMINA	1	HUD12_17	GTGCCATA+TCTCAGTA	data/Lane1/242_HUD12_17_10483618_2337HWLT4_L1_R1.fastq.gz	data/Lane1/242_HUD12_17_10483618_2337HWLT4_L1_R2.fastq.gz	959634	961180
JR14_02	1	BCSB3	2337HWLT4	ILLUMINA	1	JR14_02	CTAGGTGA+AGTATACG	data/Lane1/243_JR14_02_10483618_2337HWLT4_L1_R1.fastq.gz	data/Lane1/243_JR14_02_10483618_2337HWLT4_L1_R2.fastq.gz	1345436	1343238
NANTI_A107	1	BCSB3	2337HWLT4	ILLUMINA	1	NANTI_A107	CTCCTAGA+TACACGCT	data/Lane1/244_NANTI_A107_10483618_2337HWLT4_L1_R1.fastq.gz	data/Lane1/244_NANTI_A107_10483618_2337HWLT4_L1_R2.fastq.gz	1159668	1151728
M410	1	BCSB3	2337HWLT4	ILLUMINA	1	M410	CCGTAAGA+TCCGATAG	data/Lane1/245_M410_10483618_2337HWLT4_L1_R1.fastq.gz	data/Lane1/245_M410_10483618_2337HWLT4_L1_R2.fastq.gz	532392	531521
NANTI_A110	1	BCSB3	2337HWLT4	ILLUMINA	1	NANTI_A110	GCACGTAA+CTCAAGGC	data/Lane1/246_NANTI_A110_10483618_2337HWLT4_L1_R1.fastq.gz	data/Lane1/246_NANTI_A110_10483618_2337HWLT4_L1_R2.fastq.gz	1529204	1519556
M430	1	BCSB3	2337HWLT4	ILLUMINA	1	M430	ACCTGGAA+TTCCGCAA	data/Lane1/247_M430_10483618_2337HWLT4_L1_R1.fastq.gz	data/Lane1/247_M430_10483618_2337HWLT4_L1_R2.fastq.gz	1638560	1634143
CHOP_A73	1	BCSB3	2337HWLT4	ILLUMINA	1	CHOP_A73	CGTTGCAA+CCTGAACC	data/Lane1/248_CHOP_A73_10483618_2337HWLT4_L1_R1.fastq.gz	data/Lane1/248_CHOP_A73_10483618_2337HWLT4_L1_R2.fastq.gz	2200711	2098736
NANTI_A306	1	BCSB3	2337HWLT4	ILLUMINA	1	NANTI_A306	TGCACCAA+GAGATAAC	data/Lane1/249_NANTI_A306_10483618_2337HWLT4_L1_R1.fastq.gz	data/Lane1/249_NANTI_A306_10483618_2337HWLT4_L1_R2.fastq.gz	1307457	1278604
CHOP_A70	1	BCSB3	2337HWLT4	ILLUMINA	1	CHOP_A70	ATATACGG+ATGCACCT	data/Lane1/250_CHOP_A70_10483618_2337HWLT4_L1_R1.fastq.gz	data/Lane1/250_CHOP_A70_10483618_2337HWLT4_L1_R2.fastq.gz	256368	256670
JR14_03	1	BCSB3	2337HWLT4	ILLUMINA	1	JR14_03	CATTCGGC+TACTGCAG	data/Lane1/251_JR14_03_10483618_2337HWLT4_L1_R1.fastq.gz	data/Lane1/251_JR14_03_10483618_2337HWLT4_L1_R2.fastq.gz	759092	757406
CHOP_A71	1	BCSB3	2337HWLT4	ILLUMINA	1	CHOP_A71	AACCGGAG+GTTCACAA	data/Lane1/252_CHOP_A71_10483618_2337HWLT4_L1_R1.fastq.gz	data/Lane1/252_CHOP_A71_10483618_2337HWLT4_L1_R2.fastq.gz	435638	435835
CF_SB162	1	BCSB3	2337HWLT4	ILLUMINA	1	CF_SB162	GAAGTTCG+GGCTCTTG	data/Lane1/253_CF_SB162_10483618_2337HWLT4_L1_R1.fastq.gz	data/Lane1/253_CF_SB162_10483618_2337HWLT4_L1_R2.fastq.gz	1439831	1439390
CF_SB163	1	BCSB3	2337HWLT4	ILLUMINA	1	CF_SB163	GACAGCGT+AGACGCTG	data/Lane1/254_CF_SB163_10483618_2337HWLT4_L1_R1.fastq.gz	data/Lane1/254_CF_SB163_10483618_2337HWLT4_L1_R2.fastq.gz	28145	26645
NANTI_A307	1	BCSB3	2337HWLT4	ILLUMINA	1	NANTI_A307	ACTTACAG+CGTAATAG	data/Lane1/255_NANTI_A307_10483618_2337HWLT4_L1_R1.fastq.gz	data/Lane1/255_NANTI_A307_10483618_2337HWLT4_L1_R2.fastq.gz	1164598	1164668
RAP14_48	1	BCSB3	2337HWLT4	ILLUMINA	1	RAP14_48	GTACCTGA+ACGCTGTC	data/Lane1/256_RAP14_48_10483618_2337HWLT4_L1_R1.fastq.gz	data/Lane1/256_RAP14_48_10483618_2337HWLT4_L1_R2.fastq.gz	400484	319446
CHOP_A68	1	BCSB3	2337HWLT4	ILLUMINA	1	CHOP_A68	CGTCGGAT+CACTCTCC	data/Lane1/257_CHOP_A68_10483618_2337HWLT4_L1_R1.fastq.gz	data/Lane1/257_CHOP_A68_10483618_2337HWLT4_L1_R2.fastq.gz	777215	737225
2015T_SSD01_27	1	BCSB3	2337HWLT4	ILLUMINA	1	2015T_SSD01_27	GGCTACGT+CGCTTCTG	data/Lane1/258_2015T_SSD01_27_10483618_2337HWLT4_L1_R1.fastq.gz	data/Lane1/258_2015T_SSD01_27_10483618_2337HWLT4_L1_R2.fastq.gz	920807	929979
DEL12_17	1	BCSB3	2337HWLT4	ILLUMINA	1	DEL12_17	GTTCGTCT+GGTGTCTT	data/Lane1/259_DEL12_17_10483618_2337HWLT4_L1_R1.fastq.gz	data/Lane1/259_DEL12_17_10483618_2337HWLT4_L1_R2.fastq.gz	395229	395322
POT_A177	1	BCSB3	2337HWLT4	ILLUMINA	1	POT_A177	GGTGTGGA+GAATTCTC	data/Lane1/260_POT_A177_10483618_2337HWLT4_L1_R1.fastq.gz	data/Lane1/260_POT_A177_10483618_2337HWLT4_L1_R2.fastq.gz	1387937	1320384
POT_A178	1	BCSB3	2337HWLT4	ILLUMINA	1	POT_A178	GCTGATTC+GCACTAGA	data/Lane1/261_POT_A178_10483618_2337HWLT4_L1_R1.fastq.gz	data/Lane1/261_POT_A178_10483618_2337HWLT4_L1_R2.fastq.gz	1296657	1298448
2015R_DCA01_01	1	BCSB3	2337HWLT4	ILLUMINA	1	2015R_DCA01_01	AGCCGTTA+TCCACCTT	data/Lane1/262_2015R_DCA01_01_10483618_2337HWLT4_L1_R1.fastq.gz	data/Lane1/262_2015R_DCA01_01_10483618_2337HWLT4_L1_R2.fastq.gz	883467	889989
M408	1	BCSB3	2337HWLT4	ILLUMINA	1	M408	ATATCCTC+TTGAGTCT	data/Lane1/263_M408_10483618_2337HWLT4_L1_R1.fastq.gz	data/Lane1/263_M408_10483618_2337HWLT4_L1_R2.fastq.gz	28866	27831
RAP14_08	1	BCSB3	2337HWLT4	ILLUMINA	1	RAP14_08	ACAATCTC+TTCGTTGT	data/Lane1/264_RAP14_08_10483618_2337HWLT4_L1_R1.fastq.gz	data/Lane1/264_RAP14_08_10483618_2337HWLT4_L1_R2.fastq.gz	1559813	1555441
M412	1	BCSB3	2337HWLT4	ILLUMINA	1	M412	AGACTCAA+TTGGTCAC	data/Lane1/265_M412_10483618_2337HWLT4_L1_R1.fastq.gz	data/Lane1/265_M412_10483618_2337HWLT4_L1_R2.fastq.gz	764369	739085
JR14_39	1	BCSB3	2337HWLT4	ILLUMINA	1	JR14_39	CACACTGC+AGACTTAG	data/Lane1/266_JR14_39_10483618_2337HWLT4_L1_R1.fastq.gz	data/Lane1/266_JR14_39_10483618_2337HWLT4_L1_R2.fastq.gz	1079746	1084815
ROA14_03	1	BCSB3	2337HWLT4	ILLUMINA	1	ROA14_03	TCTCACGG+ATATGGGA	data/Lane1/267_ROA14_03_10483618_2337HWLT4_L1_R1.fastq.gz	data/Lane1/267_ROA14_03_10483618_2337HWLT4_L1_R2.fastq.gz	228480	228863
CF_SB157	1	BCSB3	2337HWLT4	ILLUMINA	1	CF_SB157	TACCCTTT+ATTGTCCA	data/Lane1/268_CF_SB157_10483618_2337HWLT4_L1_R1.fastq.gz	data/Lane1/268_CF_SB157_10483618_2337HWLT4_L1_R2.fastq.gz	2363623	2377039
DEL12_06	1	BCSB3	2337HWLT4	ILLUMINA	1	DEL12_06	ACGTTCTT+ACAAACTG	data/Lane1/269_DEL12_06_10483618_2337HWLT4_L1_R1.fastq.gz	data/Lane1/269_DEL12_06_10483618_2337HWLT4_L1_R2.fastq.gz	812648	818007
M417	1	BCSB3	2337HWLT4	ILLUMINA	1	M417	GAAATGTC+GAAGAGGG	data/Lane1/270_M417_10483618_2337HWLT4_L1_R1.fastq.gz	data/Lane1/270_M417_10483618_2337HWLT4_L1_R2.fastq.gz	416352	417107
DEL12_18	1	BCSB3	2337HWLT4	ILLUMINA	1	DEL12_18	CGTACTAG+GATCGGTC	data/Lane1/271_DEL12_18_10483618_2337HWLT4_L1_R1.fastq.gz	data/Lane1/271_DEL12_18_10483618_2337HWLT4_L1_R2.fastq.gz	110975	102872
CB202	1	BCSB3	2337HWLT4	ILLUMINA	1	CB202	AGGCAGAA+GGATGAAA	data/Lane1/272_CB202_10483618_2337HWLT4_L1_R1.fastq.gz	data/Lane1/272_CB202_10483618_2337HWLT4_L1_R2.fastq.gz	1398411	1397992
DEL14_E17	1	BCSB3	2337HWLT4	ILLUMINA	1	DEL14_E17	TCCTGAGC+TAGATCGC	data/Lane1/273_DEL14_E17_10483618_2337HWLT4_L1_R1.fastq.gz	data/Lane1/273_DEL14_E17_10483618_2337HWLT4_L1_R2.fastq.gz	756685	652548
DEL14_E27	1	BCSB3	2337HWLT4	ILLUMINA	1	DEL14_E27	GGACTCCT+TATCCTCT	data/Lane1/274_DEL14_E27_10483618_2337HWLT4_L1_R1.fastq.gz	data/Lane1/274_DEL14_E27_10483618_2337HWLT4_L1_R2.fastq.gz	758022	750570
HUD14_E14	1	BCSB3	2337HWLT4	ILLUMINA	1	HUD14_E14	TAGGCATG+AGAGTAGA	data/Lane1/275_HUD14_E14_10483618_2337HWLT4_L1_R1.fastq.gz	data/Lane1/275_HUD14_E14_10483618_2337HWLT4_L1_R2.fastq.gz	201452	202893
HUD14_E24	1	BCSB3	2337HWLT4	ILLUMINA	1	HUD14_E24	CAGAGAGG+GTAAGGAG	data/Lane1/276_HUD14_E24_10483618_2337HWLT4_L1_R1.fastq.gz	data/Lane1/276_HUD14_E24_10483618_2337HWLT4_L1_R2.fastq.gz	157614	157509
HUD14_E27	1	BCSB3	2337HWLT4	ILLUMINA	1	HUD14_E27	GCTACGCT+ACTGCATA	data/Lane1/277_HUD14_E27_10483618_2337HWLT4_L1_R1.fastq.gz	data/Lane1/277_HUD14_E27_10483618_2337HWLT4_L1_R2.fastq.gz	42060	41653
HUD14_E32	1	BCSB3	2337HWLT4	ILLUMINA	1	HUD14_E32	CGAGGCTG+AAGGAGTA	data/Lane1/278_HUD14_E32_10483618_2337HWLT4_L1_R1.fastq.gz	data/Lane1/278_HUD14_E32_10483618_2337HWLT4_L1_R2.fastq.gz	58300	58242
HUD14_E35	1	BCSB3	2337HWLT4	ILLUMINA	1	HUD14_E35	AAGAGGCA+CGTCTAAT	data/Lane1/279_HUD14_E35_10483618_2337HWLT4_L1_R1.fastq.gz	data/Lane1/279_HUD14_E35_10483618_2337HWLT4_L1_R2.fastq.gz	458283	456609
HUD14_E38	1	BCSB3	2337HWLT4	ILLUMINA	1	HUD14_E38	GTAGAGGA+TCTCTCCG	data/Lane1/280_HUD14_E38_10483618_2337HWLT4_L1_R1.fastq.gz	data/Lane1/280_HUD14_E38_10483618_2337HWLT4_L1_R2.fastq.gz	826179	775018
HUD14_E36	1	BCSB3	2337HWLT4	ILLUMINA	1	HUD14_E36	GCTCATGA+TCGACTAG	data/Lane1/281_HUD14_E36_10483618_2337HWLT4_L1_R1.fastq.gz	data/Lane1/281_HUD14_E36_10483618_2337HWLT4_L1_R2.fastq.gz	472094	472361
HUD14_E26	1	BCSB3	2337HWLT4	ILLUMINA	1	HUD14_E26	ATCTCAGG+TTCTAGCT	data/Lane1/282_HUD14_E26_10483618_2337HWLT4_L1_R1.fastq.gz	data/Lane1/282_HUD14_E26_10483618_2337HWLT4_L1_R2.fastq.gz	277793	275910
HUD14_E37	1	BCSB3	2337HWLT4	ILLUMINA	1	HUD14_E37	ACTCGCTA+CCTAGAGT	data/Lane1/283_HUD14_E37_10483618_2337HWLT4_L1_R1.fastq.gz	data/Lane1/283_HUD14_E37_10483618_2337HWLT4_L1_R2.fastq.gz	537077	537705
HUD14_E39	1	BCSB3	2337HWLT4	ILLUMINA	1	HUD14_E39	GGAGCTAC+GCGTAAGA	data/Lane1/284_HUD14_E39_10483618_2337HWLT4_L1_R1.fastq.gz	data/Lane1/284_HUD14_E39_10483618_2337HWLT4_L1_R2.fastq.gz	357285	358459
KEN45	1	BCSB3	2337HWLT4	ILLUMINA	1	KEN45	GCGTAGTA+CTATTAAG	data/Lane1/285_KEN45_10483618_2337HWLT4_L1_R1.fastq.gz	data/Lane1/285_KEN45_10483618_2337HWLT4_L1_R2.fastq.gz	765427	766648
KEN46a	1	BCSB3	2337HWLT4	ILLUMINA	1	KEN46a	CGGAGCCT+AAGGCTAT	data/Lane1/286_KEN46a_10483618_2337HWLT4_L1_R1.fastq.gz	data/Lane1/286_KEN46a_10483618_2337HWLT4_L1_R2.fastq.gz	450436	448867
KEN48	1	BCSB3	2337HWLT4	ILLUMINA	1	KEN48	TACGCTGC+GAGCCTTA	data/Lane1/287_KEN48_10483618_2337HWLT4_L1_R1.fastq.gz	data/Lane1/287_KEN48_10483618_2337HWLT4_L1_R2.fastq.gz	781818	782016
KEN49	1	BCSB3	2337HWLT4	ILLUMINA	1	KEN49	ATGCGCAG+TTATGCGA	data/Lane1/288_KEN49_10483618_2337HWLT4_L1_R1.fastq.gz	data/Lane1/288_KEN49_10483618_2337HWLT4_L1_R2.fastq.gz	761056	755453
HUD12_41	1	BCSB4	2337HWLT4	ILLUMINA	2	HUD12_41	GTCAGATA+AGCGGTGG	data/Lane2/001_HUD12_41_10483619_2337HWLT4_L2_R1.fastq.gz	data/Lane2/001_HUD12_41_10483619_2337HWLT4_L2_R2.fastq.gz	215936	222458
NANTI_A317	1	BCSB4	2337HWLT4	ILLUMINA	2	NANTI_A317	TCTCATAT+TATAGATT	data/Lane2/002_NANTI_A317_10483619_2337HWLT4_L2_R1.fastq.gz	data/Lane2/002_NANTI_A317_10483619_2337HWLT4_L2_R2.fastq.gz	1492294	1509395
CF_SB144	1	BCSB4	2337HWLT4	ILLUMINA	2	CF_SB144	TCCATAAG+ACAGAGGC	data/Lane2/003_CF_SB144_10483619_2337HWLT4_L2_R1.fastq.gz	data/Lane2/003_CF_SB144_10483619_2337HWLT4_L2_R2.fastq.gz	1071341	1155321
CHOP_A084	1	BCSB4	2337HWLT4	ILLUMINA	2	CHOP_A084	CGAGATTA+ATTCCTAT	data/Lane2/004_CHOP_A084_10483619_2337HWLT4_L2_R1.fastq.gz	data/Lane2/004_CHOP_A084_10483619_2337HWLT4_L2_R2.fastq.gz	1261922	1262119
M427	1	BCSB4	2337HWLT4	ILLUMINA	2	M427	CATCGCGC+CGCCTTCT	data/Lane2/005_M427_10483619_2337HWLT4_L2_R1.fastq.gz	data/Lane2/005_M427_10483619_2337HWLT4_L2_R2.fastq.gz	1126246	1117819
CHOP_A085	1	BCSB4	2337HWLT4	ILLUMINA	2	CHOP_A085	TCAAGGCA+GCGCAGAG	data/Lane2/006_CHOP_A085_10483619_2337HWLT4_L2_R1.fastq.gz	data/Lane2/006_CHOP_A085_10483619_2337HWLT4_L2_R2.fastq.gz	1179269	1186104
SJR113	1	BCSB4	2337HWLT4	ILLUMINA	2	SJR113	CTGAGTAG+AGATATGG	data/Lane2/007_SJR113_10483619_2337HWLT4_L2_R1.fastq.gz	data/Lane2/007_SJR113_10483619_2337HWLT4_L2_R2.fastq.gz	353576	355658
JR14_12	1	BCSB4	2337HWLT4	ILLUMINA	2	JR14_12	TCAGACGA+CCTGCTTG	data/Lane2/008_JR14_12_10483619_2337HWLT4_L2_R1.fastq.gz	data/Lane2/008_JR14_12_10483619_2337HWLT4_L2_R2.fastq.gz	156126	155917
ROA14_17	1	BCSB4	2337HWLT4	ILLUMINA	2	ROA14_17	GTATGTTC+GACGAACA	data/Lane2/009_ROA14_17_10483619_2337HWLT4_L2_R1.fastq.gz	data/Lane2/009_ROA14_17_10483619_2337HWLT4_L2_R2.fastq.gz	691736	687342
POT_A323	1	BCSB4	2337HWLT4	ILLUMINA	2	POT_A323	AGCGGCAC+TGGCGGTC	data/Lane2/010_POT_A323_10483619_2337HWLT4_L2_R1.fastq.gz	data/Lane2/010_POT_A323_10483619_2337HWLT4_L2_R2.fastq.gz	801011	715300
DEL14_13	1	BCSB4	2337HWLT4	ILLUMINA	2	DEL14_13	GTTACGGC+CTTCAGTT	data/Lane2/011_DEL14_13_10483619_2337HWLT4_L2_R1.fastq.gz	data/Lane2/011_DEL14_13_10483619_2337HWLT4_L2_R2.fastq.gz	1120631	1121120
DEL12_14	1	BCSB4	2337HWLT4	ILLUMINA	2	DEL12_14	GAATGGTT+CGCGCCTA	data/Lane2/012_DEL12_14_10483619_2337HWLT4_L2_R1.fastq.gz	data/Lane2/012_DEL12_14_10483619_2337HWLT4_L2_R2.fastq.gz	436916	444170
CF_SB142	1	BCSB4	2337HWLT4	ILLUMINA	2	CF_SB142	AGGCAACC+AGGCCAGA	data/Lane2/013_CF_SB142_10483619_2337HWLT4_L2_R1.fastq.gz	data/Lane2/013_CF_SB142_10483619_2337HWLT4_L2_R2.fastq.gz	1240369	1243566
NANTI_A393	1	BCSB4	2337HWLT4	ILLUMINA	2	NANTI_A393	ATCATTAG+CCTTGAAC	data/Lane2/014_NANTI_A393_10483619_2337HWLT4_L2_R1.fastq.gz	data/Lane2/014_NANTI_A393_10483619_2337HWLT4_L2_R2.fastq.gz	1585190	1540480
RAP14_18	1	BCSB4	2337HWLT4	ILLUMINA	2	RAP14_18	TAGGCCGA+TTCATCCA	data/Lane2/015_RAP14_18_10483619_2337HWLT4_L2_R1.fastq.gz	data/Lane2/015_RAP14_18_10483619_2337HWLT4_L2_R2.fastq.gz	1672215	1658079
RAP14_17	1	BCSB4	2337HWLT4	ILLUMINA	2	RAP14_17	GGTTGACT+CATAACAC	data/Lane2/016_RAP14_17_10483619_2337HWLT4_L2_R1.fastq.gz	data/Lane2/016_RAP14_17_10483619_2337HWLT4_L2_R2.fastq.gz	1306725	1271082
2013BRY03_05	1	BCSB4	2337HWLT4	ILLUMINA	2	2013BRY03_05	GCCTTGTT+TCCTATTA	data/Lane2/017_2013BRY03_05_10483619_2337HWLT4_L2_R1.fastq.gz	data/Lane2/017_2013BRY03_05_10483619_2337HWLT4_L2_R2.fastq.gz	2755037	2778112
POT_A320	1	BCSB4	2337HWLT4	ILLUMINA	2	POT_A320	CTACATAC+CGCGAGCC	data/Lane2/018_POT_A320_10483619_2337HWLT4_L2_R1.fastq.gz	data/Lane2/018_POT_A320_10483619_2337HWLT4_L2_R2.fastq.gz	232200	226109
JR14_07	1	BCSB4	2337HWLT4	ILLUMINA	2	JR14_07	CCATAGAA+ATTACTCA	data/Lane2/019_JR14_07_10483619_2337HWLT4_L2_R1.fastq.gz	data/Lane2/019_JR14_07_10483619_2337HWLT4_L2_R2.fastq.gz	1144730	1136348
ROA14_11	1	BCSB4	2337HWLT4	ILLUMINA	2	ROA14_11	AGCATCCA+AATTGGCG	data/Lane2/020_ROA14_11_10483619_2337HWLT4_L2_R1.fastq.gz	data/Lane2/020_ROA14_11_10483619_2337HWLT4_L2_R2.fastq.gz	318155	322270
M421	1	BCSB4	2337HWLT4	ILLUMINA	2	M421	CGCACTCT+TTGTCAAC	data/Lane2/021_M421_10483619_2337HWLT4_L2_R1.fastq.gz	data/Lane2/021_M421_10483619_2337HWLT4_L2_R2.fastq.gz	4465	4395
NANTI_A313	1	BCSB4	2337HWLT4	ILLUMINA	2	NANTI_A313	GACACGCA+GGCGAATT	data/Lane2/022_NANTI_A313_10483619_2337HWLT4_L2_R1.fastq.gz	data/Lane2/022_NANTI_A313_10483619_2337HWLT4_L2_R2.fastq.gz	1309422	1314176
RAP14_03b	1	BCSB4	2337HWLT4	ILLUMINA	2	RAP14_03b	AGTGTATG+CAACGTCA	data/Lane2/023_RAP14_03_10483619_2337HWLT4_L2_R1.fastq.gz	data/Lane2/023_RAP14_03_10483619_2337HWLT4_L2_R2.fastq.gz	1277558	1254342
HUD12_42	1	BCSB4	2337HWLT4	ILLUMINA	2	HUD12_42	ATTATACG+TCTTACAT	data/Lane2/024_HUD12_42_10483619_2337HWLT4_L2_R1.fastq.gz	data/Lane2/024_HUD12_42_10483619_2337HWLT4_L2_R2.fastq.gz	308402	308135
M431	1	BCSB4	2337HWLT4	ILLUMINA	2	M431	TAACTCGC+CGCCATAC	data/Lane2/025_M431_10483619_2337HWLT4_L2_R1.fastq.gz	data/Lane2/025_M431_10483619_2337HWLT4_L2_R2.fastq.gz	1239090	1220096
CHOP_A089	1	BCSB4	2337HWLT4	ILLUMINA	2	CHOP_A089	CGGCCGTA+CTAATGTC	data/Lane2/026_CHOP_A089_10483619_2337HWLT4_L2_R1.fastq.gz	data/Lane2/026_CHOP_A089_10483619_2337HWLT4_L2_R2.fastq.gz	1085966	881119
ROA14_12	1	BCSB4	2337HWLT4	ILLUMINA	2	ROA14_12	TAATCGAC+CAACCGGA	data/Lane2/027_ROA14_12_10483619_2337HWLT4_L2_R1.fastq.gz	data/Lane2/027_ROA14_12_10483619_2337HWLT4_L2_R2.fastq.gz	663778	669044
CHPK12_35	1	BCSB4	2337HWLT4	ILLUMINA	2	CHPK12_35	ATCGGCTG+GGCAGTAG	data/Lane2/028_CHPK12_35_10483619_2337HWLT4_L2_R1.fastq.gz	data/Lane2/028_CHPK12_35_10483619_2337HWLT4_L2_R2.fastq.gz	703210	705035
POT_A191	1	BCSB4	2337HWLT4	ILLUMINA	2	POT_A191	TCGGCAAT+TTAGGATA	data/Lane2/029_POT_A191_10483619_2337HWLT4_L2_R1.fastq.gz	data/Lane2/029_POT_A191_10483619_2337HWLT4_L2_R2.fastq.gz	2171043	2182622
POT_A193	1	BCSB4	2337HWLT4	ILLUMINA	2	POT_A193	ATCTCGCC+GAGTTGTA	data/Lane2/030_POT_A193_10483619_2337HWLT4_L2_R1.fastq.gz	data/Lane2/030_POT_A193_10483619_2337HWLT4_L2_R2.fastq.gz	1769725	1735060
CHPK12_34	1	BCSB4	2337HWLT4	ILLUMINA	2	CHPK12_34	GCGAGCCA+AACACGTG	data/Lane2/031_CHPK12_34_10483619_2337HWLT4_L2_R1.fastq.gz	data/Lane2/031_CHPK12_34_10483619_2337HWLT4_L2_R2.fastq.gz	1431310	1427694
CF_SB123	1	BCSB4	2337HWLT4	ILLUMINA	2	CF_SB123	TTATTCTA+GTGTTACC	data/Lane2/032_CF_SB123_10483619_2337HWLT4_L2_R1.fastq.gz	data/Lane2/032_CF_SB123_10483619_2337HWLT4_L2_R2.fastq.gz	2154571	2129961
ROA14_13	1	BCSB4	2337HWLT4	ILLUMINA	2	ROA14_13	CCTGGATA+TTGACCAA	data/Lane2/033_ROA14_13_10483619_2337HWLT4_L2_R1.fastq.gz	data/Lane2/033_ROA14_13_10483619_2337HWLT4_L2_R2.fastq.gz	399356	401146
DEL12_42	1	BCSB4	2337HWLT4	ILLUMINA	2	DEL12_42	CACCATGT+CTGACCGG	data/Lane2/034_DEL12_42_10483619_2337HWLT4_L2_R1.fastq.gz	data/Lane2/034_DEL12_42_10483619_2337HWLT4_L2_R2.fastq.gz	40665	41363
DEL14_11	1	BCSB4	2337HWLT4	ILLUMINA	2	DEL14_11	AATTGTAA+GGACCAAC	data/Lane2/035_DEL14_11_10483619_2337HWLT4_L2_R1.fastq.gz	data/Lane2/035_DEL14_11_10483619_2337HWLT4_L2_R2.fastq.gz	465165	454214
CF_SB122	1	BCSB4	2337HWLT4	ILLUMINA	2	CF_SB122	GAGGAATA+AATGTATT	data/Lane2/036_CF_SB122_10483619_2337HWLT4_L2_R1.fastq.gz	data/Lane2/036_CF_SB122_10483619_2337HWLT4_L2_R2.fastq.gz	2087588	2093737
CHOP_A088	1	BCSB4	2337HWLT4	ILLUMINA	2	CHOP_A088	CGCACGAG+GATCTCTG	data/Lane2/037_CHOP_A088_10483619_2337HWLT4_L2_R1.fastq.gz	data/Lane2/037_CHOP_A088_10483619_2337HWLT4_L2_R2.fastq.gz	1087128	1082258
CHOP_A277	1	BCSB4	2337HWLT4	ILLUMINA	2	CHOP_A277	TATCCTAA+CAGGCGCC	data/Lane2/038_CHOP_A277_10483619_2337HWLT4_L2_R1.fastq.gz	data/Lane2/038_CHOP_A277_10483619_2337HWLT4_L2_R2.fastq.gz	1438924	1368721
POT_A328	1	BCSB4	2337HWLT4	ILLUMINA	2	POT_A328	CGCTTCGG+TTAATAGA	data/Lane2/039_POT_A328_10483619_2337HWLT4_L2_R1.fastq.gz	data/Lane2/039_POT_A328_10483619_2337HWLT4_L2_R2.fastq.gz	176249	174319
NANTI_A315	1	BCSB4	2337HWLT4	ILLUMINA	2	NANTI_A315	GCTAATCA+GGAGTCGC	data/Lane2/040_NANTI_A315_10483619_2337HWLT4_L2_R1.fastq.gz	data/Lane2/040_NANTI_A315_10483619_2337HWLT4_L2_R2.fastq.gz	632181	558897
DEL14_10	1	BCSB4	2337HWLT4	ILLUMINA	2	DEL14_10	CACTGTTA+AACGCCAG	data/Lane2/041_DEL14_10_10483619_2337HWLT4_L2_R1.fastq.gz	data/Lane2/041_DEL14_10_10483619_2337HWLT4_L2_R2.fastq.gz	991964	1002728
POT_A194	1	BCSB4	2337HWLT4	ILLUMINA	2	POT_A194	TGCGCGGT+ACGAGACT	data/Lane2/042_POT_A194_10483619_2337HWLT4_L2_R1.fastq.gz	data/Lane2/042_POT_A194_10483619_2337HWLT4_L2_R2.fastq.gz	379907	375676
RAP14_13	1	BCSB4	2337HWLT4	ILLUMINA	2	RAP14_13	GCGCGAAC+GTATCGGC	data/Lane2/043_RAP14_13_10483619_2337HWLT4_L2_R1.fastq.gz	data/Lane2/043_RAP14_13_10483619_2337HWLT4_L2_R2.fastq.gz	1619855	1618809
RAP14_15	1	BCSB4	2337HWLT4	ILLUMINA	2	RAP14_15	ATGTGTCT+GTTATATG	data/Lane2/044_RAP14_15_10483619_2337HWLT4_L2_R1.fastq.gz	data/Lane2/044_RAP14_15_10483619_2337HWLT4_L2_R2.fastq.gz	1560975	1572751
CHPK12_29	1	BCSB4	2337HWLT4	ILLUMINA	2	CHPK12_29	CGGAACAA+GCCTGCCA	data/Lane2/045_CHPK12_29_10483619_2337HWLT4_L2_R1.fastq.gz	data/Lane2/045_CHPK12_29_10483619_2337HWLT4_L2_R2.fastq.gz	844198	841478
ROA14_16	1	BCSB4	2337HWLT4	ILLUMINA	2	ROA14_16	GAGTACTT+GCCGTCTG	data/Lane2/046_ROA14_16_10483619_2337HWLT4_L2_R1.fastq.gz	data/Lane2/046_ROA14_16_10483619_2337HWLT4_L2_R2.fastq.gz	421420	426744
JR14_10	1	BCSB4	2337HWLT4	ILLUMINA	2	JR14_10	TGTACACC+CAGAGTGA	data/Lane2/047_JR14_10_10483619_2337HWLT4_L2_R1.fastq.gz	data/Lane2/047_JR14_10_10483619_2337HWLT4_L2_R2.fastq.gz	2145515	2149688
NANTI_A391	1	BCSB4	2337HWLT4	ILLUMINA	2	NANTI_A391	CATAAGGT+TCAGTTAA	data/Lane2/048_NANTI_A391_10483619_2337HWLT4_L2_R1.fastq.gz	data/Lane2/048_NANTI_A391_10483619_2337HWLT4_L2_R2.fastq.gz	1089128	1095579
NANTI_A318	1	BCSB4	2337HWLT4	ILLUMINA	2	NANTI_A318	CTGCAGCG+GTGACCTT	data/Lane2/049_NANTI_A318_10483619_2337HWLT4_L2_R1.fastq.gz	data/Lane2/049_NANTI_A318_10483619_2337HWLT4_L2_R2.fastq.gz	458504	457097
NANTI_A316	1	BCSB4	2337HWLT4	ILLUMINA	2	NANTI_A316	TGGTATCC+ACATGCAT	data/Lane2/050_NANTI_A316_10483619_2337HWLT4_L2_R1.fastq.gz	data/Lane2/050_NANTI_A316_10483619_2337HWLT4_L2_R2.fastq.gz	395950	390811
SJR103	1	BCSB4	2337HWLT4	ILLUMINA	2	SJR103	CAAGCCAG+CCATGTGT	data/Lane2/051_SJR103_10483619_2337HWLT4_L2_R1.fastq.gz	data/Lane2/051_SJR103_10483619_2337HWLT4_L2_R2.fastq.gz	749849	743491
CF_SB143	1	BCSB4	2337HWLT4	ILLUMINA	2	CF_SB143	TGCCTTAC+GAGTCTCT	data/Lane2/052_CF_SB143_10483619_2337HWLT4_L2_R1.fastq.gz	data/Lane2/052_CF_SB143_10483619_2337HWLT4_L2_R2.fastq.gz	2784146	2782519
RAP14_14	1	BCSB4	2337HWLT4	ILLUMINA	2	RAP14_14	TCTACATG+GCTATGCG	data/Lane2/053_RAP14_14_10483619_2337HWLT4_L2_R1.fastq.gz	data/Lane2/053_RAP14_14_10483619_2337HWLT4_L2_R2.fastq.gz	1808135	1828140
POT_A192	1	BCSB4	2337HWLT4	ILLUMINA	2	POT_A192	AGCGTGTA+AGTACCTA	data/Lane2/054_POT_A192_10483619_2337HWLT4_L2_R1.fastq.gz	data/Lane2/054_POT_A192_10483619_2337HWLT4_L2_R2.fastq.gz	1218119	1224640
ROA14_15	1	BCSB4	2337HWLT4	ILLUMINA	2	ROA14_15	TTCAAGCG+GACCGGAG	data/Lane2/055_ROA14_15_10483619_2337HWLT4_L2_R1.fastq.gz	data/Lane2/055_ROA14_15_10483619_2337HWLT4_L2_R2.fastq.gz	542227	542076
M411	1	BCSB4	2337HWLT4	ILLUMINA	2	M411	ATAGATTG+CACGTCCA	data/Lane2/056_M411_10483619_2337HWLT4_L2_R1.fastq.gz	data/Lane2/056_M411_10483619_2337HWLT4_L2_R2.fastq.gz	1806495	1797706
JR14_08	1	BCSB4	2337HWLT4	ILLUMINA	2	JR14_08	ATTCCACC+GCTACTAT	data/Lane2/057_JR14_08_10483619_2337HWLT4_L2_R1.fastq.gz	data/Lane2/057_JR14_08_10483619_2337HWLT4_L2_R2.fastq.gz	2450880	2470597
M409	1	BCSB4	2337HWLT4	ILLUMINA	2	M409	TCCGTCCA+AGTCAACC	data/Lane2/058_M409_10483619_2337HWLT4_L2_R1.fastq.gz	data/Lane2/058_M409_10483619_2337HWLT4_L2_R2.fastq.gz	1273721	1232499
NANTI_A392	1	BCSB4	2337HWLT4	ILLUMINA	2	NANTI_A392	CCGGTCAG+CGAGGCGG	data/Lane2/059_NANTI_A392_10483619_2337HWLT4_L2_R1.fastq.gz	data/Lane2/059_NANTI_A392_10483619_2337HWLT4_L2_R2.fastq.gz	279525	275910
M406	1	BCSB4	2337HWLT4	ILLUMINA	2	M406	CTCAATTC+CAGGTGTT	data/Lane2/060_M406_10483619_2337HWLT4_L2_R1.fastq.gz	data/Lane2/060_M406_10483619_2337HWLT4_L2_R2.fastq.gz	54731	54685
RAP14_16	1	BCSB4	2337HWLT4	ILLUMINA	2	RAP14_16	AATGGAGA+TGTACTTG	data/Lane2/061_RAP14_16_10483619_2337HWLT4_L2_R1.fastq.gz	data/Lane2/061_RAP14_16_10483619_2337HWLT4_L2_R2.fastq.gz	1837034	1835313
RAP14_12	1	BCSB4	2337HWLT4	ILLUMINA	2	RAP14_12	ATGCATGT+CTCTAAGT	data/Lane2/062_RAP14_12_10483619_2337HWLT4_L2_R1.fastq.gz	data/Lane2/062_RAP14_12_10483619_2337HWLT4_L2_R2.fastq.gz	1678074	1681131
NANTI_A398	1	BCSB4	2337HWLT4	ILLUMINA	2	NANTI_A398	GGCGCCTG+GTCACCAC	data/Lane2/063_NANTI_A398_10483619_2337HWLT4_L2_R1.fastq.gz	data/Lane2/063_NANTI_A398_10483619_2337HWLT4_L2_R2.fastq.gz	1905110	1794370
CHOP_A087	1	BCSB4	2337HWLT4	ILLUMINA	2	CHOP_A087	CGTTATGT+TGGTGAGT	data/Lane2/064_CHOP_A087_10483619_2337HWLT4_L2_R1.fastq.gz	data/Lane2/064_CHOP_A087_10483619_2337HWLT4_L2_R2.fastq.gz	1495155	1504664
HUD12_37	1	BCSB4	2337HWLT4	ILLUMINA	2	HUD12_37	GCAATCGT+CTTCGAAG	data/Lane2/065_HUD12_37_10483619_2337HWLT4_L2_R1.fastq.gz	data/Lane2/065_HUD12_37_10483619_2337HWLT4_L2_R2.fastq.gz	948567	955728
JR14_11	1	BCSB4	2337HWLT4	ILLUMINA	2	JR14_11	ACGCAATA+GTAGAGTC	data/Lane2/066_JR14_11_10483619_2337HWLT4_L2_R1.fastq.gz	data/Lane2/066_JR14_11_10483619_2337HWLT4_L2_R2.fastq.gz	965017	778040
CHOP_A282	1	BCSB4	2337HWLT4	ILLUMINA	2	CHOP_A282	TACTCATG+GACATTGT	data/Lane2/067_CHOP_A282_10483619_2337HWLT4_L2_R1.fastq.gz	data/Lane2/067_CHOP_A282_10483619_2337HWLT4_L2_R2.fastq.gz	246510	246975
CHOP_A086	1	BCSB4	2337HWLT4	ILLUMINA	2	CHOP_A086	TAGAATTA+CGCTTGAA	data/Lane2/068_CHOP_A086_10483619_2337HWLT4_L2_R1.fastq.gz	data/Lane2/068_CHOP_A086_10483619_2337HWLT4_L2_R2.fastq.gz	1094882	1108321
CHOP_A090	1	BCSB4	2337HWLT4	ILLUMINA	2	CHOP_A090	ATTAGCGT+CAGCGGAC	data/Lane2/069_CHOP_A090_10483619_2337HWLT4_L2_R1.fastq.gz	data/Lane2/069_CHOP_A090_10483619_2337HWLT4_L2_R2.fastq.gz	1578970	1571135
CF_SB141	1	BCSB4	2337HWLT4	ILLUMINA	2	CF_SB141	TAACAAGG+GACGTTCG	data/Lane2/070_CF_SB141_10483619_2337HWLT4_L2_R1.fastq.gz	data/Lane2/070_CF_SB141_10483619_2337HWLT4_L2_R2.fastq.gz	1105124	1117935
JR14_06	1	BCSB4	2337HWLT4	ILLUMINA	2	JR14_06	ATGGCTAC+CACGGATT	data/Lane2/071_JR14_06_10483619_2337HWLT4_L2_R1.fastq.gz	data/Lane2/071_JR14_06_10483619_2337HWLT4_L2_R2.fastq.gz	1555767	1567520
DEL12_15	1	BCSB4	2337HWLT4	ILLUMINA	2	DEL12_15	GAATTGGA+TTGAGGAC	data/Lane2/072_DEL12_15_10483619_2337HWLT4_L2_R1.fastq.gz	data/Lane2/072_DEL12_15_10483619_2337HWLT4_L2_R2.fastq.gz	850266	835665
M405	1	BCSB4	2337HWLT4	ILLUMINA	2	M405	CGGCGAAG+GCAACAGG	data/Lane2/073_M405_10483619_2337HWLT4_L2_R1.fastq.gz	data/Lane2/073_M405_10483619_2337HWLT4_L2_R2.fastq.gz	792676	794559
JR14_04	1	BCSB4	2337HWLT4	ILLUMINA	2	JR14_04	GTGACCGA+ACCGCGCA	data/Lane2/074_JR14_04_10483619_2337HWLT4_L2_R1.fastq.gz	data/Lane2/074_JR14_04_10483619_2337HWLT4_L2_R2.fastq.gz	1541584	1517776
DEL14_09	1	BCSB4	2337HWLT4	ILLUMINA	2	DEL14_09	ACTTGTTC+AGCCGGAA	data/Lane2/075_DEL14_09_10483619_2337HWLT4_L2_R1.fastq.gz	data/Lane2/075_DEL14_09_10483619_2337HWLT4_L2_R2.fastq.gz	1156449	1169584
M425	1	BCSB4	2337HWLT4	ILLUMINA	2	M425	TACAGGAA+CCTCGCAA	data/Lane2/076_M425_10483619_2337HWLT4_L2_R1.fastq.gz	data/Lane2/076_M425_10483619_2337HWLT4_L2_R2.fastq.gz	1580853	1577099
POT_A321	1	BCSB4	2337HWLT4	ILLUMINA	2	POT_A321	TGACGTTG+TAGGAGCG	data/Lane2/077_POT_A321_10483619_2337HWLT4_L2_R1.fastq.gz	data/Lane2/077_POT_A321_10483619_2337HWLT4_L2_R2.fastq.gz	1445295	1447922
CF_SB145	1	BCSB4	2337HWLT4	ILLUMINA	2	CF_SB145	AATAACCG+AGTTAAGA	data/Lane2/078_CF_SB145_10483619_2337HWLT4_L2_R1.fastq.gz	data/Lane2/078_CF_SB145_10483619_2337HWLT4_L2_R2.fastq.gz	2677987	2667477
CF_SB124	1	BCSB4	2337HWLT4	ILLUMINA	2	CF_SB124	AGCCAAGA+GAGTGTGC	data/Lane2/079_CF_SB124_10483619_2337HWLT4_L2_R1.fastq.gz	data/Lane2/079_CF_SB124_10483619_2337HWLT4_L2_R2.fastq.gz	2500414	2455484
JR14_05	1	BCSB4	2337HWLT4	ILLUMINA	2	JR14_05	CGGTGTGA+ATTAATAC	data/Lane2/080_JR14_05_10483619_2337HWLT4_L2_R1.fastq.gz	data/Lane2/080_JR14_05_10483619_2337HWLT4_L2_R2.fastq.gz	2487465	2377364
DEL14_12	1	BCSB4	2337HWLT4	ILLUMINA	2	DEL14_12	GTAACGTT+TAGGAAGA	data/Lane2/081_DEL14_12_10483619_2337HWLT4_L2_R1.fastq.gz	data/Lane2/081_DEL14_12_10483619_2337HWLT4_L2_R2.fastq.gz	654245	656048
ROA14_14	1	BCSB4	2337HWLT4	ILLUMINA	2	ROA14_14	CGAGGCCG+CCGTGGCC	data/Lane2/082_ROA14_14_10483619_2337HWLT4_L2_R1.fastq.gz	data/Lane2/082_ROA14_14_10483619_2337HWLT4_L2_R2.fastq.gz	61613	60579
SJR106	1	BCSB4	2337HWLT4	ILLUMINA	2	SJR106	GCCTCTGT+GGATATAT	data/Lane2/083_SJR106_10483619_2337HWLT4_L2_R1.fastq.gz	data/Lane2/083_SJR106_10483619_2337HWLT4_L2_R2.fastq.gz	923981	928328
DEL14_T3	1	BCSB4	2337HWLT4	ILLUMINA	2	DEL14_T3	GGTTCCTA+CACCTCTT	data/Lane2/084_DEL14_T3_10483619_2337HWLT4_L2_R1.fastq.gz	data/Lane2/084_DEL14_T3_10483619_2337HWLT4_L2_R2.fastq.gz	1361885	1347134
DEL14_E38	1	BCSB4	2337HWLT4	ILLUMINA	2	DEL14_E38	ATACCTAT+AACGTTAC	data/Lane2/085_DEL14_E38_10483619_2337HWLT4_L2_R1.fastq.gz	data/Lane2/085_DEL14_E38_10483619_2337HWLT4_L2_R2.fastq.gz	494390	485509
DEL14_E40	1	BCSB4	2337HWLT4	ILLUMINA	2	DEL14_E40	CGTGAAGG+CGGCAAGC	data/Lane2/086_DEL14_E40_10483619_2337HWLT4_L2_R1.fastq.gz	data/Lane2/086_DEL14_E40_10483619_2337HWLT4_L2_R2.fastq.gz	209450	205730
HUD14_E2	1	BCSB4	2337HWLT4	ILLUMINA	2	HUD14_E2	TATTGGCC+TCTTGGCT	data/Lane2/087_HUD14_E2_10483619_2337HWLT4_L2_R1.fastq.gz	data/Lane2/087_HUD14_E2_10483619_2337HWLT4_L2_R2.fastq.gz	704535	703757
HUD14_E1	1	BCSB4	2337HWLT4	ILLUMINA	2	HUD14_E1	TCCAATTG+ACGGAATG	data/Lane2/088_HUD14_E1_10483619_2337HWLT4_L2_R1.fastq.gz	data/Lane2/088_HUD14_E1_10483619_2337HWLT4_L2_R2.fastq.gz	862275	864856
HUD14_E3	1	BCSB4	2337HWLT4	ILLUMINA	2	HUD14_E3	CAGCAATT+GTTCCGCA	data/Lane2/089_HUD14_E3_10483619_2337HWLT4_L2_R1.fastq.gz	data/Lane2/089_HUD14_E3_10483619_2337HWLT4_L2_R2.fastq.gz	903474	911507
KEN50	1	BCSB4	2337HWLT4	ILLUMINA	2	KEN50	GCGTATAG+ACCAAGTT	data/Lane2/090_KEN50_10483619_2337HWLT4_L2_R1.fastq.gz	data/Lane2/090_KEN50_10483619_2337HWLT4_L2_R2.fastq.gz	1491527	1504315
CB20	1	BCSB4	2337HWLT4	ILLUMINA	2	CB20	GAGAATAC+AACTAACG	data/Lane2/091_CB20_10483619_2337HWLT4_L2_R1.fastq.gz	data/Lane2/091_CB20_10483619_2337HWLT4_L2_R2.fastq.gz	1115889	1122992
CB206	1	BCSB4	2337HWLT4	ILLUMINA	2	CB206	CAGCGGTC+AGAGCACT	data/Lane2/092_CB206_10483619_2337HWLT4_L2_R1.fastq.gz	data/Lane2/092_CB206_10483619_2337HWLT4_L2_R2.fastq.gz	1267421	1270373
CB12	1	BCSB4	2337HWLT4	ILLUMINA	2	CB12	TCGGAGTT+ACTCTACA	data/Lane2/093_CB12_10483619_2337HWLT4_L2_R1.fastq.gz	data/Lane2/093_CB12_10483619_2337HWLT4_L2_R2.fastq.gz	2318751	2321622
ROA_SB128	1	BCSB4	2337HWLT4	ILLUMINA	2	ROA_SB128	AATATTCA+GCGTTGGT	data/Lane2/094_ROA_SB128_10483619_2337HWLT4_L2_R1.fastq.gz	data/Lane2/094_ROA_SB128_10483619_2337HWLT4_L2_R2.fastq.gz	3009310	3043058
ROA_SB160	1	BCSB4	2337HWLT4	ILLUMINA	2	ROA_SB160	ATGCGGTT+TGTGCTAA	data/Lane2/095_ROA_SB160_10483619_2337HWLT4_L2_R1.fastq.gz	data/Lane2/095_ROA_SB160_10483619_2337HWLT4_L2_R2.fastq.gz	3368814	3383740
ROA_SB138	1	BCSB4	2337HWLT4	ILLUMINA	2	ROA_SB138	GACGGAGC+CTTATACC	data/Lane2/096_ROA_SB138_10483619_2337HWLT4_L2_R1.fastq.gz	data/Lane2/096_ROA_SB138_10483619_2337HWLT4_L2_R2.fastq.gz	463817	447832
CF_SB151	1	BCSB5	2337HWLT4	ILLUMINA	2	CF_SB151	TTCCATCT+TATCATGA	data/Lane2/097_CF_SB151_10483619_2337HWLT4_L2_R1.fastq.gz	data/Lane2/097_CF_SB151_10483619_2337HWLT4_L2_R2.fastq.gz	2680347	2706270
DEL12_34	1	BCSB5	2337HWLT4	ILLUMINA	2	DEL12_34	AACGGTGT+CTCACACA	data/Lane2/098_DEL12_34_10483619_2337HWLT4_L2_R1.fastq.gz	data/Lane2/098_DEL12_34_10483619_2337HWLT4_L2_R2.fastq.gz	770019	751779
POT_A325	1	BCSB5	2337HWLT4	ILLUMINA	2	POT_A325	TTGTTATC+GAATTGAG	data/Lane2/099_POT_A325_10483619_2337HWLT4_L2_R1.fastq.gz	data/Lane2/099_POT_A325_10483619_2337HWLT4_L2_R2.fastq.gz	1226524	1236719
NANT_A95	1	BCSB5	2337HWLT4	ILLUMINA	2	NANT_A95	TATGCGAT+CGGATTAT	data/Lane2/100_NANT_A95_10483619_2337HWLT4_L2_R1.fastq.gz	data/Lane2/100_NANT_A95_10483619_2337HWLT4_L2_R2.fastq.gz	2052980	2064454
CHOP_A55	1	BCSB5	2337HWLT4	ILLUMINA	2	CHOP_A55	TGACAATC+TTGAAGCA	data/Lane2/101_CHOP_A55_10483619_2337HWLT4_L2_R1.fastq.gz	data/Lane2/101_CHOP_A55_10483619_2337HWLT4_L2_R2.fastq.gz	1750660	1725887
CHOP_A281	1	BCSB5	2337HWLT4	ILLUMINA	2	CHOP_A281	GTTGTTGG+TACGGCGA	data/Lane2/102_CHOP_A281_10483619_2337HWLT4_L2_R1.fastq.gz	data/Lane2/102_CHOP_A281_10483619_2337HWLT4_L2_R2.fastq.gz	706174	726065
DEL12_37	1	BCSB5	2337HWLT4	ILLUMINA	2	DEL12_37	GCGTTCGC+TCTCCATT	data/Lane2/103_DEL12_37_10483619_2337HWLT4_L2_R1.fastq.gz	data/Lane2/103_DEL12_37_10483619_2337HWLT4_L2_R2.fastq.gz	34620	34492
CF_SB147	1	BCSB5	2337HWLT4	ILLUMINA	2	CF_SB147	CCACCGCT+CGAGACCA	data/Lane2/104_CF_SB147_10483619_2337HWLT4_L2_R1.fastq.gz	data/Lane2/104_CF_SB147_10483619_2337HWLT4_L2_R2.fastq.gz	2240596	2237934
CHPK12_14	1	BCSB5	2337HWLT4	ILLUMINA	2	CHPK12_14	TGTTCGTC+TGCTGGAC	data/Lane2/105_CHPK12_14_10483619_2337HWLT4_L2_R1.fastq.gz	data/Lane2/105_CHPK12_14_10483619_2337HWLT4_L2_R2.fastq.gz	834410	825517
DEL12_36	1	BCSB5	2337HWLT4	ILLUMINA	2	DEL12_36	CGAATATA+GATGGTAT	data/Lane2/106_DEL12_36_10483619_2337HWLT4_L2_R1.fastq.gz	data/Lane2/106_DEL12_36_10483619_2337HWLT4_L2_R2.fastq.gz	667208	670602
CHOP_A58	1	BCSB5	2337HWLT4	ILLUMINA	2	CHOP_A58	TCGTCGCG+GGCTTAAT	data/Lane2/107_CHOP_A58_10483619_2337HWLT4_L2_R1.fastq.gz	data/Lane2/107_CHOP_A58_10483619_2337HWLT4_L2_R2.fastq.gz	774483	768461
CF_SB153	1	BCSB5	2337HWLT4	ILLUMINA	2	CF_SB153	TCCGAGGC+CTCGACTC	data/Lane2/108_CF_SB153_10483619_2337HWLT4_L2_R1.fastq.gz	data/Lane2/108_CF_SB153_10483619_2337HWLT4_L2_R2.fastq.gz	685145	570162
NANT_A93	1	BCSB5	2337HWLT4	ILLUMINA	2	NANT_A93	CTGTCTCA+TCTCGGAC	data/Lane2/109_NANT_A93_10483619_2337HWLT4_L2_R1.fastq.gz	data/Lane2/109_NANT_A93_10483619_2337HWLT4_L2_R2.fastq.gz	1972651	1869026
CF_SB114	1	BCSB5	2337HWLT4	ILLUMINA	2	CF_SB114	TGCGAACA+AGTCCGAG	data/Lane2/110_CF_SB114_10483619_2337HWLT4_L2_R1.fastq.gz	data/Lane2/110_CF_SB114_10483619_2337HWLT4_L2_R2.fastq.gz	894546	884014
NANT_A98	1	BCSB5	2337HWLT4	ILLUMINA	2	NANT_A98	TTCTTGGA+TACTCTGT	data/Lane2/111_NANT_A98_10483619_2337HWLT4_L2_R1.fastq.gz	data/Lane2/111_NANT_A98_10483619_2337HWLT4_L2_R2.fastq.gz	482172	480882
JR14_40	1	BCSB5	2337HWLT4	ILLUMINA	2	JR14_40	CCTACAGC+GCGACTCG	data/Lane2/112_JR14_40_10483619_2337HWLT4_L2_R1.fastq.gz	data/Lane2/112_JR14_40_10483619_2337HWLT4_L2_R2.fastq.gz	1076655	1085269
CHOP_A278	1	BCSB5	2337HWLT4	ILLUMINA	2	CHOP_A278	CCAGGTAT+CTAGGCAA	data/Lane2/113_CHOP_A278_10483619_2337HWLT4_L2_R1.fastq.gz	data/Lane2/113_CHOP_A278_10483619_2337HWLT4_L2_R2.fastq.gz	962110	931979
HUD12_46	1	BCSB5	2337HWLT4	ILLUMINA	2	HUD12_46	GGTCCAAC+TCATCCTC	data/Lane2/114_HUD12_46_10483619_2337HWLT4_L2_R1.fastq.gz	data/Lane2/114_HUD12_46_10483619_2337HWLT4_L2_R2.fastq.gz	92547	87386
CHOP_A57	1	BCSB5	2337HWLT4	ILLUMINA	2	CHOP_A57	AACTTGGT+GGTAAGAT	data/Lane2/115_CHOP_A57_10483619_2337HWLT4_L2_R1.fastq.gz	data/Lane2/115_CHOP_A57_10483619_2337HWLT4_L2_R2.fastq.gz	711371	711685
HUD12_43	1	BCSB5	2337HWLT4	ILLUMINA	2	HUD12_43	CGCCACAC+TAGACAAT	data/Lane2/116_HUD12_43_10483619_2337HWLT4_L2_R1.fastq.gz	data/Lane2/116_HUD12_43_10483619_2337HWLT4_L2_R2.fastq.gz	691550	690597
CHOP_A280	1	BCSB5	2337HWLT4	ILLUMINA	2	CHOP_A280	CTACTGCC+CAATGCTG	data/Lane2/117_CHOP_A280_10483619_2337HWLT4_L2_R1.fastq.gz	data/Lane2/117_CHOP_A280_10483619_2337HWLT4_L2_R2.fastq.gz	1336659	1338333
RAP14_19	1	BCSB5	2337HWLT4	ILLUMINA	2	RAP14_19	CCTTAATC+GTCACGGT	data/Lane2/118_RAP14_19_10483619_2337HWLT4_L2_R1.fastq.gz	data/Lane2/118_RAP14_19_10483619_2337HWLT4_L2_R2.fastq.gz	750175	740492
JR14_25	1	BCSB5	2337HWLT4	ILLUMINA	2	JR14_25	CACGAGAC+GGTGTACA	data/Lane2/119_JR14_25_10483619_2337HWLT4_L2_R1.fastq.gz	data/Lane2/119_JR14_25_10483619_2337HWLT4_L2_R2.fastq.gz	1376394	1357154
CHPK12_15	1	BCSB5	2337HWLT4	ILLUMINA	2	CHPK12_15	CTGGTTGT+TAATACGG	data/Lane2/120_CHPK12_15_10483619_2337HWLT4_L2_R1.fastq.gz	data/Lane2/120_CHPK12_15_10483619_2337HWLT4_L2_R2.fastq.gz	562943	563071
ROA14_21	1	BCSB5	2337HWLT4	ILLUMINA	2	ROA14_21	ATTCTGCT+CGAAGACG	data/Lane2/121_ROA14_21_10483619_2337HWLT4_L2_R1.fastq.gz	data/Lane2/121_ROA14_21_10483619_2337HWLT4_L2_R2.fastq.gz	653281	658047
JR14_29	1	BCSB5	2337HWLT4	ILLUMINA	2	JR14_29	CACGACTG+TCTCACGC	data/Lane2/122_JR14_29_10483619_2337HWLT4_L2_R1.fastq.gz	data/Lane2/122_JR14_29_10483619_2337HWLT4_L2_R2.fastq.gz	475848	451587
JR14_41	1	BCSB5	2337HWLT4	ILLUMINA	2	JR14_41	GGTTAGAC+TCGAATGG	data/Lane2/123_JR14_41_10483619_2337HWLT4_L2_R1.fastq.gz	data/Lane2/123_JR14_41_10483619_2337HWLT4_L2_R2.fastq.gz	351124	348962
CF_SB148	1	BCSB5	2337HWLT4	ILLUMINA	2	CF_SB148	CCGAGTTC+TGAACGCA	data/Lane2/124_CF_SB148_10483619_2337HWLT4_L2_R1.fastq.gz	data/Lane2/124_CF_SB148_10483619_2337HWLT4_L2_R2.fastq.gz	733028	723031
DEL12_43	1	BCSB5	2337HWLT4	ILLUMINA	2	DEL12_43	TGATAACT+CCGCTTAG	data/Lane2/125_DEL12_43_10483619_2337HWLT4_L2_R1.fastq.gz	data/Lane2/125_DEL12_43_10483619_2337HWLT4_L2_R2.fastq.gz	303671	307367
CF_SB149	1	BCSB5	2337HWLT4	ILLUMINA	2	CF_SB149	CTCGGACT+CACCGAGG	data/Lane2/126_CF_SB149_10483619_2337HWLT4_L2_R1.fastq.gz	data/Lane2/126_CF_SB149_10483619_2337HWLT4_L2_R2.fastq.gz	240802	231107
POT_A168	1	BCSB5	2337HWLT4	ILLUMINA	2	POT_A168	GGAACTGT+ATTCATTG	data/Lane2/127_POT_A168_10483619_2337HWLT4_L2_R1.fastq.gz	data/Lane2/127_POT_A168_10483619_2337HWLT4_L2_R2.fastq.gz	1366326	1378253
JR14_42	1	BCSB5	2337HWLT4	ILLUMINA	2	JR14_42	TCGGATAA+TCATGTCC	data/Lane2/128_JR14_42_10483619_2337HWLT4_L2_R1.fastq.gz	data/Lane2/128_JR14_42_10483619_2337HWLT4_L2_R2.fastq.gz	1026051	983966
JR14_23	1	BCSB5	2337HWLT4	ILLUMINA	2	JR14_23	TAGACTAT+AATTCGAT	data/Lane2/129_JR14_23_10483619_2337HWLT4_L2_R1.fastq.gz	data/Lane2/129_JR14_23_10483619_2337HWLT4_L2_R2.fastq.gz	1717447	1738059
ROA14_08	1	BCSB5	2337HWLT4	ILLUMINA	2	ROA14_08	TACCGCAC+AGCTCTCA	data/Lane2/130_ROA14_08_10483619_2337HWLT4_L2_R1.fastq.gz	data/Lane2/130_ROA14_08_10483619_2337HWLT4_L2_R2.fastq.gz	107208	106383
CHOP_A283	1	BCSB5	2337HWLT4	ILLUMINA	2	CHOP_A283	AGGATATC+TCTGGAAT	data/Lane2/131_CHOP_A283_10483619_2337HWLT4_L2_R1.fastq.gz	data/Lane2/131_CHOP_A283_10483619_2337HWLT4_L2_R2.fastq.gz	995381	1003286
CHPK12_24	1	BCSB5	2337HWLT4	ILLUMINA	2	CHPK12_24	ATACGCGA+ATTAGTGG	data/Lane2/132_CHPK12_24_10483619_2337HWLT4_L2_R1.fastq.gz	data/Lane2/132_CHPK12_24_10483619_2337HWLT4_L2_R2.fastq.gz	594470	590273
M432	1	BCSB5	2337HWLT4	ILLUMINA	2	M432	CTTAGAAT+CGTTCGGA	data/Lane2/133_M432_10483619_2337HWLT4_L2_R1.fastq.gz	data/Lane2/133_M432_10483619_2337HWLT4_L2_R2.fastq.gz	1729166	1753125
DEL12_44	1	BCSB5	2337HWLT4	ILLUMINA	2	DEL12_44	GAAGCGCT+TGGTATAC	data/Lane2/134_DEL12_44_10483619_2337HWLT4_L2_R1.fastq.gz	data/Lane2/134_DEL12_44_10483619_2337HWLT4_L2_R2.fastq.gz	758161	733819
HUD12_44	1	BCSB5	2337HWLT4	ILLUMINA	2	HUD12_44	CTATCAAC+GCTCTCGT	data/Lane2/135_HUD12_44_10483619_2337HWLT4_L2_R1.fastq.gz	data/Lane2/135_HUD12_44_10483619_2337HWLT4_L2_R2.fastq.gz	719381	736260
JR14_27	1	BCSB5	2337HWLT4	ILLUMINA	2	JR14_27	GTTCGGTA+CTGTGAGC	data/Lane2/136_JR14_27_10483619_2337HWLT4_L2_R1.fastq.gz	data/Lane2/136_JR14_27_10483619_2337HWLT4_L2_R2.fastq.gz	1490423	1476124
NANT_A99	1	BCSB5	2337HWLT4	ILLUMINA	2	NANT_A99	GCATAACC+TCACAGAT	data/Lane2/137_NANT_A99_10483619_2337HWLT4_L2_R1.fastq.gz	data/Lane2/137_NANT_A99_10483619_2337HWLT4_L2_R2.fastq.gz	645806	645050
CF_SB154	1	BCSB5	2337HWLT4	ILLUMINA	2	CF_SB154	GTGGAAGC+AGAAGCCA	data/Lane2/138_CF_SB154_10483619_2337HWLT4_L2_R1.fastq.gz	data/Lane2/138_CF_SB154_10483619_2337HWLT4_L2_R2.fastq.gz	1244287	1233289
ROA14_19	1	BCSB5	2337HWLT4	ILLUMINA	2	ROA14_19	CCATATCT+AACATCTA	data/Lane2/139_ROA14_19_10483619_2337HWLT4_L2_R1.fastq.gz	data/Lane2/139_ROA14_19_10483619_2337HWLT4_L2_R2.fastq.gz	227864	229108
DEL12_35	1	BCSB5	2337HWLT4	ILLUMINA	2	DEL12_35	TTCATATT+CCTTACTA	data/Lane2/140_DEL12_35_10483619_2337HWLT4_L2_R1.fastq.gz	data/Lane2/140_DEL12_35_10483619_2337HWLT4_L2_R2.fastq.gz	1347366	1366175
DEL12_33	1	BCSB5	2337HWLT4	ILLUMINA	2	DEL12_33	GGTATCTG+GTGGCGAG	data/Lane2/141_DEL12_33_10483619_2337HWLT4_L2_R1.fastq.gz	data/Lane2/141_DEL12_33_10483619_2337HWLT4_L2_R2.fastq.gz	1486215	1503641
NANTI_A397	1	BCSB5	2337HWLT4	ILLUMINA	2	NANTI_A397	ACGGCCGT+GCCAGATC	data/Lane2/142_NANTI_A397_10483619_2337HWLT4_L2_R1.fastq.gz	data/Lane2/142_NANTI_A397_10483619_2337HWLT4_L2_R2.fastq.gz	173633	160125
CF_SB146	1	BCSB5	2337HWLT4	ILLUMINA	2	CF_SB146	GTAATTAC+ACACAATA	data/Lane2/143_CF_SB146_10483619_2337HWLT4_L2_R1.fastq.gz	data/Lane2/143_CF_SB146_10483619_2337HWLT4_L2_R2.fastq.gz	436161	434405
RAP14_21	1	BCSB5	2337HWLT4	ILLUMINA	2	RAP14_21	CCACTAAT+CCTTCACG	data/Lane2/144_RAP14_21_10483619_2337HWLT4_L2_R1.fastq.gz	data/Lane2/144_RAP14_21_10483619_2337HWLT4_L2_R2.fastq.gz	2742110	2784286
NANTI_A396	1	BCSB5	2337HWLT4	ILLUMINA	2	NANTI_A396	AGTTAGCA+TTATGCGC	data/Lane2/145_NANTI_A396_10483619_2337HWLT4_L2_R1.fastq.gz	data/Lane2/145_NANTI_A396_10483619_2337HWLT4_L2_R2.fastq.gz	1334090	1290752
NANTI_A399	1	BCSB5	2337HWLT4	ILLUMINA	2	NANTI_A399	AGGTCTTA+TCTCAGTA	data/Lane2/146_NANTI_A399_10483619_2337HWLT4_L2_R1.fastq.gz	data/Lane2/146_NANTI_A399_10483619_2337HWLT4_L2_R2.fastq.gz	1152216	1170108
POT_A2	1	BCSB5	2337HWLT4	ILLUMINA	2	POT_A2	AACGCGGA+AGTATACG	data/Lane2/147_POT_A2_10483619_2337HWLT4_L2_R1.fastq.gz	data/Lane2/147_POT_A2_10483619_2337HWLT4_L2_R2.fastq.gz	1009540	1006960
POT_A167	1	BCSB5	2337HWLT4	ILLUMINA	2	POT_A167	TGCAACCT+TACACGCT	data/Lane2/148_POT_A167_10483619_2337HWLT4_L2_R1.fastq.gz	data/Lane2/148_POT_A167_10483619_2337HWLT4_L2_R2.fastq.gz	3088814	3093185
POT_A324	1	BCSB5	2337HWLT4	ILLUMINA	2	POT_A324	CATGGTTC+TCCGATAG	data/Lane2/149_POT_A324_10483619_2337HWLT4_L2_R1.fastq.gz	data/Lane2/149_POT_A324_10483619_2337HWLT4_L2_R2.fastq.gz	1570449	1575472
ROA14_20	1	BCSB5	2337HWLT4	ILLUMINA	2	ROA14_20	CTAGACCA+CTCAAGGC	data/Lane2/150_ROA14_20_10483619_2337HWLT4_L2_R1.fastq.gz	data/Lane2/150_ROA14_20_10483619_2337HWLT4_L2_R2.fastq.gz	858380	762218
SJR120	1	BCSB5	2337HWLT4	ILLUMINA	2	SJR120	GGCGTGCC+TTCCGCAA	data/Lane2/151_SJR120_10483619_2337HWLT4_L2_R1.fastq.gz	data/Lane2/151_SJR120_10483619_2337HWLT4_L2_R2.fastq.gz	53522	52197
RAP14_31	1	BCSB5	2337HWLT4	ILLUMINA	2	RAP14_31	GTCCAGCA+CCTGAACC	data/Lane2/152_RAP14_31_10483619_2337HWLT4_L2_R1.fastq.gz	data/Lane2/152_RAP14_31_10483619_2337HWLT4_L2_R2.fastq.gz	2466539	2373435
M407	1	BCSB5	2337HWLT4	ILLUMINA	2	M407	GTATTAAT+GAGATAAC	data/Lane2/153_M407_10483619_2337HWLT4_L2_R1.fastq.gz	data/Lane2/153_M407_10483619_2337HWLT4_L2_R2.fastq.gz	1517869	1485819
RAP14_28	1	BCSB5	2337HWLT4	ILLUMINA	2	RAP14_28	TGTGACTA+ATGCACCT	data/Lane2/154_RAP14_28_10483619_2337HWLT4_L2_R1.fastq.gz	data/Lane2/154_RAP14_28_10483619_2337HWLT4_L2_R2.fastq.gz	782388	778854
DEL12_40	1	BCSB5	2337HWLT4	ILLUMINA	2	DEL12_40	GCATCTTG+TACTGCAG	data/Lane2/155_DEL12_40_10483619_2337HWLT4_L2_R1.fastq.gz	data/Lane2/155_DEL12_40_10483619_2337HWLT4_L2_R2.fastq.gz	449285	445553
POT_A329	1	BCSB5	2337HWLT4	ILLUMINA	2	POT_A329	AGTCTCGT+GTTCACAA	data/Lane2/156_POT_A329_10483619_2337HWLT4_L2_R1.fastq.gz	data/Lane2/156_POT_A329_10483619_2337HWLT4_L2_R2.fastq.gz	1355062	1357689
CHOP_A60	1	BCSB5	2337HWLT4	ILLUMINA	2	CHOP_A60	CGCCATTG+GGCTCTTG	data/Lane2/157_CHOP_A60_10483619_2337HWLT4_L2_R1.fastq.gz	data/Lane2/157_CHOP_A60_10483619_2337HWLT4_L2_R2.fastq.gz	978990	976154
RAP14_30	1	BCSB5	2337HWLT4	ILLUMINA	2	RAP14_30	CGAATTAG+AGACGCTG	data/Lane2/158_RAP14_30_10483619_2337HWLT4_L2_R1.fastq.gz	data/Lane2/158_RAP14_30_10483619_2337HWLT4_L2_R2.fastq.gz	35492	35480
ROA14_09	1	BCSB5	2337HWLT4	ILLUMINA	2	ROA14_09	AGACCATG+CGTAATAG	data/Lane2/159_ROA14_09_10483619_2337HWLT4_L2_R1.fastq.gz	data/Lane2/159_ROA14_09_10483619_2337HWLT4_L2_R2.fastq.gz	897231	904671
DEL12_39	1	BCSB5	2337HWLT4	ILLUMINA	2	DEL12_39	CACAGTAT+ACGCTGTC	data/Lane2/160_DEL12_39_10483619_2337HWLT4_L2_R1.fastq.gz	data/Lane2/160_DEL12_39_10483619_2337HWLT4_L2_R2.fastq.gz	577090	457888
NANTI_A395	1	BCSB5	2337HWLT4	ILLUMINA	2	NANTI_A395	TTGTCGGC+CACTCTCC	data/Lane2/161_NANTI_A395_10483619_2337HWLT4_L2_R1.fastq.gz	data/Lane2/161_NANTI_A395_10483619_2337HWLT4_L2_R2.fastq.gz	997090	958321
POT_A164	1	BCSB5	2337HWLT4	ILLUMINA	2	POT_A164	GTTATATC+CGCTTCTG	data/Lane2/162_POT_A164_10483619_2337HWLT4_L2_R1.fastq.gz	data/Lane2/162_POT_A164_10483619_2337HWLT4_L2_R2.fastq.gz	602444	608931
POT_A327	1	BCSB5	2337HWLT4	ILLUMINA	2	POT_A327	ACCGGCGA+GGTGTCTT	data/Lane2/163_POT_A327_10483619_2337HWLT4_L2_R1.fastq.gz	data/Lane2/163_POT_A327_10483619_2337HWLT4_L2_R2.fastq.gz	1089988	987837
ROA14_18	1	BCSB5	2337HWLT4	ILLUMINA	2	ROA14_18	GAGAGTCT+GAATTCTC	data/Lane2/164_ROA14_18_10483619_2337HWLT4_L2_R1.fastq.gz	data/Lane2/164_ROA14_18_10483619_2337HWLT4_L2_R2.fastq.gz	459504	434103
ROA14_22	1	BCSB5	2337HWLT4	ILLUMINA	2	ROA14_22	TATGTCTC+GCACTAGA	data/Lane2/165_ROA14_22_10483619_2337HWLT4_L2_R1.fastq.gz	data/Lane2/165_ROA14_22_10483619_2337HWLT4_L2_R2.fastq.gz	775018	777296
RAP14_24	1	BCSB5	2337HWLT4	ILLUMINA	2	RAP14_24	AATGATAC+TCCACCTT	data/Lane2/166_RAP14_24_10483619_2337HWLT4_L2_R1.fastq.gz	data/Lane2/166_RAP14_24_10483619_2337HWLT4_L2_R2.fastq.gz	2073731	2090970
CHOP_A279	1	BCSB5	2337HWLT4	ILLUMINA	2	CHOP_A279	CTAAGCGG+TTGAGTCT	data/Lane2/167_CHOP_A279_10483619_2337HWLT4_L2_R1.fastq.gz	data/Lane2/167_CHOP_A279_10483619_2337HWLT4_L2_R2.fastq.gz	137201	133690
RAP14_27	1	BCSB5	2337HWLT4	ILLUMINA	2	RAP14_27	ATCTGTGA+TTCGTTGT	data/Lane2/168_RAP14_27_10483619_2337HWLT4_L2_R1.fastq.gz	data/Lane2/168_RAP14_27_10483619_2337HWLT4_L2_R2.fastq.gz	656048	651874
POT_A326	1	BCSB5	2337HWLT4	ILLUMINA	2	POT_A326	GGACAAGT+TTGGTCAC	data/Lane2/169_POT_A326_10483619_2337HWLT4_L2_R1.fastq.gz	data/Lane2/169_POT_A326_10483619_2337HWLT4_L2_R2.fastq.gz	704442	685703
CF_SB113	1	BCSB5	2337HWLT4	ILLUMINA	2	CF_SB113	ATTAAGTG+AGACTTAG	data/Lane2/170_CF_SB113_10483619_2337HWLT4_L2_R1.fastq.gz	data/Lane2/170_CF_SB113_10483619_2337HWLT4_L2_R2.fastq.gz	2004096	2004503
NANT_A94	1	BCSB5	2337HWLT4	ILLUMINA	2	NANT_A94	CTGGAATG+ATATGGGA	data/Lane2/171_NANT_A94_10483619_2337HWLT4_L2_R1.fastq.gz	data/Lane2/171_NANT_A94_10483619_2337HWLT4_L2_R2.fastq.gz	482405	499191
RAP14_23	1	BCSB5	2337HWLT4	ILLUMINA	2	RAP14_23	ATAACGAG+ATTGTCCA	data/Lane2/172_RAP14_23_10483619_2337HWLT4_L2_R1.fastq.gz	data/Lane2/172_RAP14_23_10483619_2337HWLT4_L2_R2.fastq.gz	1170236	1154798
JR14_30	1	BCSB5	2337HWLT4	ILLUMINA	2	JR14_30	TGGCTTCT+ACAAACTG	data/Lane2/173_JR14_30_10483619_2337HWLT4_L2_R1.fastq.gz	data/Lane2/173_JR14_30_10483619_2337HWLT4_L2_R2.fastq.gz	1449410	1462198
JR14_22	1	BCSB5	2337HWLT4	ILLUMINA	2	JR14_22	ACCGATTA+GAAGAGGG	data/Lane2/174_JR14_22_10483619_2337HWLT4_L2_R1.fastq.gz	data/Lane2/174_JR14_22_10483619_2337HWLT4_L2_R2.fastq.gz	743026	750826
2013R_BRY01_01	1	BCSB5	2337HWLT4	ILLUMINA	2	2013R_BRY01_01	TGGTCCGG+GATCGGTC	data/Lane2/175_2013R_BRY01_01_10483619_2337HWLT4_L2_R1.fastq.gz	data/Lane2/175_2013R_BRY01_01_10483619_2337HWLT4_L2_R2.fastq.gz	878096	785713
ROA_SB128b	1	BCSB5	2337HWLT4	ILLUMINA	2	ROA_SB128b	TCTAAGTC+GGATGAAA	data/Lane2/176_ROA_SB128b_10483619_2337HWLT4_L2_R1.fastq.gz	data/Lane2/176_ROA_SB128b_10483619_2337HWLT4_L2_R2.fastq.gz	2695820	2693087
ROA_SB160b	1	BCSB5	2337HWLT4	ILLUMINA	2	ROA_SB160b	GTGCATTC+TAGATCGC	data/Lane2/177_ROA_SB160b_10483619_2337HWLT4_L2_R1.fastq.gz	data/Lane2/177_ROA_SB160b_10483619_2337HWLT4_L2_R2.fastq.gz	1366315	1286311
ROA_SB138b	1	BCSB5	2337HWLT4	ILLUMINA	2	ROA_SB138b	GATACACG+TATCCTCT	data/Lane2/178_ROA_SB138b_10483619_2337HWLT4_L2_R1.fastq.gz	data/Lane2/178_ROA_SB138b_10483619_2337HWLT4_L2_R2.fastq.gz	821006	789374
ROA_SB161	1	BCSB5	2337HWLT4	ILLUMINA	2	ROA_SB161	CAATGAAT+AGAGTAGA	data/Lane2/179_ROA_SB161_10483619_2337HWLT4_L2_R1.fastq.gz	data/Lane2/179_ROA_SB161_10483619_2337HWLT4_L2_R2.fastq.gz	403936	411109
ROA_SB135	1	BCSB5	2337HWLT4	ILLUMINA	2	ROA_SB135	GAGTCGAG+GTAAGGAG	data/Lane2/180_ROA_SB135_10483619_2337HWLT4_L2_R1.fastq.gz	data/Lane2/180_ROA_SB135_10483619_2337HWLT4_L2_R2.fastq.gz	926352	931676
ROA_SB159	1	BCSB5	2337HWLT4	ILLUMINA	2	ROA_SB159	ACGAGAGC+ACTGCATA	data/Lane2/181_ROA_SB159_10483619_2337HWLT4_L2_R1.fastq.gz	data/Lane2/181_ROA_SB159_10483619_2337HWLT4_L2_R2.fastq.gz	1115738	1106159
ROA_SB134	1	BCSB5	2337HWLT4	ILLUMINA	2	ROA_SB134	TGAGGTCC+AAGGAGTA	data/Lane2/182_ROA_SB134_10483619_2337HWLT4_L2_R1.fastq.gz	data/Lane2/182_ROA_SB134_10483619_2337HWLT4_L2_R2.fastq.gz	1084583	1075887
ROA_SB137	1	BCSB5	2337HWLT4	ILLUMINA	2	ROA_SB137	AGAGACTC+CGTCTAAT	data/Lane2/183_ROA_SB137_10483619_2337HWLT4_L2_R1.fastq.gz	data/Lane2/183_ROA_SB137_10483619_2337HWLT4_L2_R2.fastq.gz	1204262	1208295
ROA_SB136	1	BCSB5	2337HWLT4	ILLUMINA	2	ROA_SB136	GCTCCGTT+TCTCTCCG	data/Lane2/184_ROA_SB136_10483619_2337HWLT4_L2_R1.fastq.gz	data/Lane2/184_ROA_SB136_10483619_2337HWLT4_L2_R2.fastq.gz	1573100	1580365
HUD14_E36b	1	BCSB5	2337HWLT4	ILLUMINA	2	HUD14_E36b	ACATCACA+TCGACTAG	data/Lane2/185_HUD14_E36b_10483619_2337HWLT4_L2_R1.fastq.gz	data/Lane2/185_HUD14_E36b_10483619_2337HWLT4_L2_R2.fastq.gz	1050138	1059217
MIR8	1	BCSB6	2337HWLT4	ILLUMINA	2	MIR8	GTTCTAGT+CTACAAGA	data/Lane2/193_MIR8_10483619_2337HWLT4_L2_R1.fastq.gz	data/Lane2/193_MIR8_10483619_2337HWLT4_L2_R2.fastq.gz	322363	325490
MIR9	1	BCSB6	2337HWLT4	ILLUMINA	2	MIR9	AAGAGGTG+TATAGTAG	data/Lane2/194_MIR9_10483619_2337HWLT4_L2_R1.fastq.gz	data/Lane2/194_MIR9_10483619_2337HWLT4_L2_R2.fastq.gz	702908	701036
MIR10	1	BCSB6	2337HWLT4	ILLUMINA	2	MIR10	GATCTGGC+TGCCTGGT	data/Lane2/195_MIR10_10483619_2337HWLT4_L2_R1.fastq.gz	data/Lane2/195_MIR10_10483619_2337HWLT4_L2_R2.fastq.gz	1141115	1146114
MIR11	1	BCSB6	2337HWLT4	ILLUMINA	2	MIR11	GAATCCAA+ACATTATC	data/Lane2/196_MIR11_10483619_2337HWLT4_L2_R1.fastq.gz	data/Lane2/196_MIR11_10483619_2337HWLT4_L2_R2.fastq.gz	628671	569371
MIR12	1	BCSB6	2337HWLT4	ILLUMINA	2	MIR12	CGGCTAGT+GTCCACTT	data/Lane2/197_MIR12_10483619_2337HWLT4_L2_R1.fastq.gz	data/Lane2/197_MIR12_10483619_2337HWLT4_L2_R2.fastq.gz	599097	605548
MIR13	1	BCSB6	2337HWLT4	ILLUMINA	2	MIR13	GCTTGCCG+GTTGATAG	data/Lane2/198_MIR13_10483619_2337HWLT4_L2_R1.fastq.gz	data/Lane2/198_MIR13_10483619_2337HWLT4_L2_R2.fastq.gz	426233	402890
MIR14	1	BCSB6	2337HWLT4	ILLUMINA	2	MIR14	CCTGTTGC+ACCAGCGA	data/Lane2/199_MIR14_10483619_2337HWLT4_L2_R1.fastq.gz	data/Lane2/199_MIR14_10483619_2337HWLT4_L2_R2.fastq.gz	849801	839676
MIR15	1	BCSB6	2337HWLT4	ILLUMINA	2	MIR15	TGACTGGT+CATACACT	data/Lane2/200_MIR15_10483619_2337HWLT4_L2_R1.fastq.gz	data/Lane2/200_MIR15_10483619_2337HWLT4_L2_R2.fastq.gz	624614	623614
MIR16	1	BCSB6	2337HWLT4	ILLUMINA	2	MIR16	GATTCCGG+GTGTGGCG	data/Lane2/201_MIR16_10483619_2337HWLT4_L2_R1.fastq.gz	data/Lane2/201_MIR16_10483619_2337HWLT4_L2_R2.fastq.gz	1007355	1017782
MIR17	1	BCSB6	2337HWLT4	ILLUMINA	2	MIR17	TAAGGTGG+ATCACGAA	data/Lane2/202_MIR17_10483619_2337HWLT4_L2_R1.fastq.gz	data/Lane2/202_MIR17_10483619_2337HWLT4_L2_R2.fastq.gz	527568	528324
MIR18	1	BCSB6	2337HWLT4	ILLUMINA	2	MIR18	ACTGCAAC+CGGCTCTA	data/Lane2/203_MIR18_10483619_2337HWLT4_L2_R1.fastq.gz	data/Lane2/203_MIR18_10483619_2337HWLT4_L2_R2.fastq.gz	198116	198953
MIR19	1	BCSB6	2337HWLT4	ILLUMINA	2	MIR19	AACGCACC+TCGGCAGC	data/Lane2/204_MIR19_10483619_2337HWLT4_L2_R1.fastq.gz	data/Lane2/204_MIR19_10483619_2337HWLT4_L2_R2.fastq.gz	386382	378814
MIR20	1	BCSB6	2337HWLT4	ILLUMINA	2	MIR20	TTACGCCG+GGCCTGTC	data/Lane2/205_MIR20_10483619_2337HWLT4_L2_R1.fastq.gz	data/Lane2/205_MIR20_10483619_2337HWLT4_L2_R2.fastq.gz	377489	317899
MIR21	1	BCSB6	2337HWLT4	ILLUMINA	2	MIR21	CTGATGTC+CTGTGTTA	data/Lane2/206_MIR21_10483619_2337HWLT4_L2_R1.fastq.gz	data/Lane2/206_MIR21_10483619_2337HWLT4_L2_R2.fastq.gz	50581	50546
MIR22	1	BCSB6	2337HWLT4	ILLUMINA	2	MIR22	AGGAGGAA+TAAGGAAC	data/Lane2/207_MIR22_10483619_2337HWLT4_L2_R1.fastq.gz	data/Lane2/207_MIR22_10483619_2337HWLT4_L2_R2.fastq.gz	607409	597469
MIR23	1	BCSB6	2337HWLT4	ILLUMINA	2	MIR23	CTTACACA+AATAGAGC	data/Lane2/208_MIR23_10483619_2337HWLT4_L2_R1.fastq.gz	data/Lane2/208_MIR23_10483619_2337HWLT4_L2_R2.fastq.gz	1087860	1022258
MIR24	1	BCSB6	2337HWLT4	ILLUMINA	2	MIR24	TGGACGCA+TCCGACCT	data/Lane2/209_MIR24_10483619_2337HWLT4_L2_R1.fastq.gz	data/Lane2/209_MIR24_10483619_2337HWLT4_L2_R2.fastq.gz	124297	124250
MIR25	1	BCSB6	2337HWLT4	ILLUMINA	2	MIR25	ACGCACCT+CTTATGGA	data/Lane2/210_MIR25_10483619_2337HWLT4_L2_R1.fastq.gz	data/Lane2/210_MIR25_10483619_2337HWLT4_L2_R2.fastq.gz	49907	50279
MIR26	1	BCSB6	2337HWLT4	ILLUMINA	2	MIR26	CTGGCCAA+GCTTACGG	data/Lane2/211_MIR26_10483619_2337HWLT4_L2_R1.fastq.gz	data/Lane2/211_MIR26_10483619_2337HWLT4_L2_R2.fastq.gz	178923	177388
MIR27	1	BCSB6	2337HWLT4	ILLUMINA	2	MIR27	TCTGGCCT+GAACATAC	data/Lane2/212_MIR27_10483619_2337HWLT4_L2_R1.fastq.gz	data/Lane2/212_MIR27_10483619_2337HWLT4_L2_R2.fastq.gz	210519	204114
MIR28	1	BCSB6	2337HWLT4	ILLUMINA	2	MIR28	TTAATGCT+GTCGATTA	data/Lane2/213_MIR28_10483619_2337HWLT4_L2_R1.fastq.gz	data/Lane2/213_MIR28_10483619_2337HWLT4_L2_R2.fastq.gz	451575	454888
MIR29	1	BCSB6	2337HWLT4	ILLUMINA	2	MIR29	TGAGTAAT+ACTAGCCG	data/Lane2/214_MIR29_10483619_2337HWLT4_L2_R1.fastq.gz	data/Lane2/214_MIR29_10483619_2337HWLT4_L2_R2.fastq.gz	236513	238350
MIR30	1	BCSB6	2337HWLT4	ILLUMINA	2	MIR30	CTCTGCGC+TGGCAATA	data/Lane2/215_MIR30_10483619_2337HWLT4_L2_R1.fastq.gz	data/Lane2/215_MIR30_10483619_2337HWLT4_L2_R2.fastq.gz	926491	920400
MIR31	1	BCSB6	2337HWLT4	ILLUMINA	2	MIR31	GTATGGCG+TACCATCC	data/Lane2/216_MIR31_10483619_2337HWLT4_L2_R1.fastq.gz	data/Lane2/216_MIR31_10483619_2337HWLT4_L2_R2.fastq.gz	1126932	1063913
MIR32	1	BCSB6	2337HWLT4	ILLUMINA	2	MIR32	CATATAAC+GCTGTAGG	data/Lane2/217_MIR32_10483619_2337HWLT4_L2_R1.fastq.gz	data/Lane2/217_MIR32_10483619_2337HWLT4_L2_R2.fastq.gz	44036	44176
MIR33	1	BCSB6	2337HWLT4	ILLUMINA	2	MIR33	TGCGAGTG+CGCACTAA	data/Lane2/218_MIR33_10483619_2337HWLT4_L2_R1.fastq.gz	data/Lane2/218_MIR33_10483619_2337HWLT4_L2_R2.fastq.gz	390114	381139
MIR34	1	BCSB6	2337HWLT4	ILLUMINA	2	MIR34	GAGCCGGT+AGTGGTCA	data/Lane2/219_MIR34_10483619_2337HWLT4_L2_R1.fastq.gz	data/Lane2/219_MIR34_10483619_2337HWLT4_L2_R2.fastq.gz	185502	183352
MIR35	1	BCSB6	2337HWLT4	ILLUMINA	2	MIR35	CGGTCTAT+TTCTATGG	data/Lane2/220_MIR35_10483619_2337HWLT4_L2_R1.fastq.gz	data/Lane2/220_MIR35_10483619_2337HWLT4_L2_R2.fastq.gz	106139	106313
MIR36	1	BCSB6	2337HWLT4	ILLUMINA	2	MIR36	TCAACCAC+AATCCGGC	data/Lane2/221_MIR36_10483619_2337HWLT4_L2_R1.fastq.gz	data/Lane2/221_MIR36_10483619_2337HWLT4_L2_R2.fastq.gz	12602	12207
MIR37	1	BCSB6	2337HWLT4	ILLUMINA	2	MIR37	TATTCAGT+CCATAAGG	data/Lane2/222_MIR37_10483619_2337HWLT4_L2_R1.fastq.gz	data/Lane2/222_MIR37_10483619_2337HWLT4_L2_R2.fastq.gz	240128	242942
MIR38	1	BCSB6	2337HWLT4	ILLUMINA	2	MIR38	ATTATGGA+CTGGTACA	data/Lane2/223_MIR38_10483619_2337HWLT4_L2_R1.fastq.gz	data/Lane2/223_MIR38_10483619_2337HWLT4_L2_R2.fastq.gz	699874	699723
MIR39	1	BCSB6	2337HWLT4	ILLUMINA	2	MIR39	TGGTTAAG+TCAACGTG	data/Lane2/224_MIR39_10483619_2337HWLT4_L2_R1.fastq.gz	data/Lane2/224_MIR39_10483619_2337HWLT4_L2_R2.fastq.gz	1854658	1870549
SAC_ENV5	1	BCSB6	2337HWLT4	ILLUMINA	2	SAC_ENV5	CAGTTCTG+ACTGTTGT	data/Lane2/225_SAC_ENV5_10483619_2337HWLT4_L2_R1.fastq.gz	data/Lane2/225_SAC_ENV5_10483619_2337HWLT4_L2_R2.fastq.gz	861	791
SAC_ENV21	1	BCSB6	2337HWLT4	ILLUMINA	2	SAC_ENV21	TGAACCTG+AGCACATC	data/Lane2/226_SAC_ENV21_10483619_2337HWLT4_L2_R1.fastq.gz	data/Lane2/226_SAC_ENV21_10483619_2337HWLT4_L2_R2.fastq.gz	94	94
SAC_ENV54	1	BCSB6	2337HWLT4	ILLUMINA	2	SAC_ENV54	AACCTTGG+TTCCGTCG	data/Lane2/227_SAC_ENV54_10483619_2337HWLT4_L2_R1.fastq.gz	data/Lane2/227_SAC_ENV54_10483619_2337HWLT4_L2_R2.fastq.gz	152	152
P173	1	BCSB6	2337HWLT4	ILLUMINA	2	P173	TTCTCTCG+CTTAACCA	data/Lane2/228_P173_10483619_2337HWLT4_L2_R1.fastq.gz	data/Lane2/228_P173_10483619_2337HWLT4_L2_R2.fastq.gz	152	152
KEN10	1	BCSB6	2337HWLT4	ILLUMINA	2	KEN10	ACATTGCG+GCCTCGGA	data/Lane2/229_KEN10_10483619_2337HWLT4_L2_R1.fastq.gz	data/Lane2/229_KEN10_10483619_2337HWLT4_L2_R2.fastq.gz	280	280
KEN24	1	BCSB6	2337HWLT4	ILLUMINA	2	KEN24	GGTCTTAG+ATAGACCG	data/Lane2/230_KEN24_10483619_2337HWLT4_L2_R1.fastq.gz	data/Lane2/230_KEN24_10483619_2337HWLT4_L2_R2.fastq.gz	58033	55034
KEN34	1	BCSB6	2337HWLT4	ILLUMINA	2	KEN34	GGATGTAG+ACAGTTCC	data/Lane2/231_KEN34_10483619_2337HWLT4_L2_R1.fastq.gz	data/Lane2/231_KEN34_10483619_2337HWLT4_L2_R2.fastq.gz	49698	49663
KEN46b	1	BCSB6	2337HWLT4	ILLUMINA	2	KEN46b	TGAGCTAG+AGGCATGT	data/Lane2/232_KEN46b_10483619_2337HWLT4_L2_R1.fastq.gz	data/Lane2/232_KEN46b_10483619_2337HWLT4_L2_R2.fastq.gz	72029	71518
KEN46c	1	BCSB6	2337HWLT4	ILLUMINA	2	KEN46c	TTGGTGAG+TTGGCTCC	data/Lane2/233_KEN46c_10483619_2337HWLT4_L2_R1.fastq.gz	data/Lane2/233_KEN46c_10483619_2337HWLT4_L2_R2.fastq.gz	9696	9429
A113	1	BCSB6	2337HWLT4	ILLUMINA	2	A113	TATGGCAG+TTACAATT	data/Lane2/234_A113_10483619_2337HWLT4_L2_R1.fastq.gz	data/Lane2/234_A113_10483619_2337HWLT4_L2_R2.fastq.gz	1088128	1085257
A114	1	BCSB6	2337HWLT4	ILLUMINA	2	A114	GCTGTAAG+AACCTAGC	data/Lane2/235_A114_10483619_2337HWLT4_L2_R1.fastq.gz	data/Lane2/235_A114_10483619_2337HWLT4_L2_R2.fastq.gz	1949564	1850228
A115	1	BCSB6	2337HWLT4	ILLUMINA	2	A115	TAGAGCTC+GGAATTCC	data/Lane2/236_A115_10483619_2337HWLT4_L2_R1.fastq.gz	data/Lane2/236_A115_10483619_2337HWLT4_L2_R2.fastq.gz	1088128	1061867
A116	1	BCSB6	2337HWLT4	ILLUMINA	2	A116	GCAAGATC+AAGCGCGC	data/Lane2/237_A116_10483619_2337HWLT4_L2_R1.fastq.gz	data/Lane2/237_A116_10483619_2337HWLT4_L2_R2.fastq.gz	1796044	1630086
A117	1	BCSB6	2337HWLT4	ILLUMINA	2	A117	ACATAGGC+TGAGCGTT	data/Lane2/238_A117_10483619_2337HWLT4_L2_R1.fastq.gz	data/Lane2/238_A117_10483619_2337HWLT4_L2_R2.fastq.gz	1180943	1177722
A118	1	BCSB6	2337HWLT4	ILLUMINA	2	A118	AAGAAGGC+ATCATAGG	data/Lane2/239_A118_10483619_2337HWLT4_L2_R1.fastq.gz	data/Lane2/239_A118_10483619_2337HWLT4_L2_R2.fastq.gz	1890218	1887185
A119	1	BCSB6	2337HWLT4	ILLUMINA	2	A119	GACATTCC+TGTTAGAA	data/Lane2/240_A119_10483619_2337HWLT4_L2_R1.fastq.gz	data/Lane2/240_A119_10483619_2337HWLT4_L2_R2.fastq.gz	1191160	1189452
A120	1	BCSB6	2337HWLT4	ILLUMINA	2	A120	GGAAGCTA+GATGGATG	data/Lane2/241_A120_10483619_2337HWLT4_L2_R1.fastq.gz	data/Lane2/241_A120_10483619_2337HWLT4_L2_R2.fastq.gz	2713164	2725370
A121	1	BCSB6	2337HWLT4	ILLUMINA	2	A121	GTGCCATA+ACGGCCGT	data/Lane2/242_A121_10483619_2337HWLT4_L2_R1.fastq.gz	data/Lane2/242_A121_10483619_2337HWLT4_L2_R2.fastq.gz	2145655	2014722
A122	1	BCSB6	2337HWLT4	ILLUMINA	2	A122	CTAGGTGA+CGTTGCTT	data/Lane2/243_A122_10483619_2337HWLT4_L2_R1.fastq.gz	data/Lane2/243_A122_10483619_2337HWLT4_L2_R2.fastq.gz	2063420	2033810
A123	1	BCSB6	2337HWLT4	ILLUMINA	2	A123	CTCCTAGA+TGACTACA	data/Lane2/244_A123_10483619_2337HWLT4_L2_R1.fastq.gz	data/Lane2/244_A123_10483619_2337HWLT4_L2_R2.fastq.gz	1789522	1790243
A124	1	BCSB6	2337HWLT4	ILLUMINA	2	A124	CCGTAAGA+CGGCCTCG	data/Lane2/245_A124_10483619_2337HWLT4_L2_R1.fastq.gz	data/Lane2/245_A124_10483619_2337HWLT4_L2_R2.fastq.gz	2556854	2552262
A125	1	BCSB6	2337HWLT4	ILLUMINA	2	A125	GCACGTAA+CAAGCATC	data/Lane2/246_A125_10483619_2337HWLT4_L2_R1.fastq.gz	data/Lane2/246_A125_10483619_2337HWLT4_L2_R2.fastq.gz	4025289	3292275
A126	1	BCSB6	2337HWLT4	ILLUMINA	2	A126	ACCTGGAA+TCGTCTGA	data/Lane2/247_A126_10483619_2337HWLT4_L2_R1.fastq.gz	data/Lane2/247_A126_10483619_2337HWLT4_L2_R2.fastq.gz	3394156	3390180
A127	1	BCSB6	2337HWLT4	ILLUMINA	2	A127	CGTTGCAA+AGACACAT	data/Lane2/248_A127_10483619_2337HWLT4_L2_R1.fastq.gz	data/Lane2/248_A127_10483619_2337HWLT4_L2_R2.fastq.gz	4476513	4444789
A128	1	BCSB6	2337HWLT4	ILLUMINA	2	A128	TGCACCAA+GCGCGATG	data/Lane2/249_A128_10483619_2337HWLT4_L2_R1.fastq.gz	data/Lane2/249_A128_10483619_2337HWLT4_L2_R2.fastq.gz	1973662	1997842
A129	1	BCSB6	2337HWLT4	ILLUMINA	2	A129	ATATACGG+GATACCTC	data/Lane2/250_A129_10483619_2337HWLT4_L2_R1.fastq.gz	data/Lane2/250_A129_10483619_2337HWLT4_L2_R2.fastq.gz	2101968	1922106
A130	1	BCSB6	2337HWLT4	ILLUMINA	2	A130	CATTCGGC+GAACCATG	data/Lane2/251_A130_10483619_2337HWLT4_L2_R1.fastq.gz	data/Lane2/251_A130_10483619_2337HWLT4_L2_R2.fastq.gz	577114	578404
A131	1	BCSB6	2337HWLT4	ILLUMINA	2	A131	AACCGGAG+GGCCATCA	data/Lane2/252_A131_10483619_2337HWLT4_L2_R1.fastq.gz	data/Lane2/252_A131_10483619_2337HWLT4_L2_R2.fastq.gz	2145155	2094563
A132	1	BCSB6	2337HWLT4	ILLUMINA	2	A132	GAAGTTCG+TATGTGCA	data/Lane2/253_A132_10483619_2337HWLT4_L2_R1.fastq.gz	data/Lane2/253_A132_10483619_2337HWLT4_L2_R2.fastq.gz	1647768	1601756
A133	1	BCSB6	2337HWLT4	ILLUMINA	2	A133	GACAGCGT+ATGTAGAC	data/Lane2/254_A133_10483619_2337HWLT4_L2_R1.fastq.gz	data/Lane2/254_A133_10483619_2337HWLT4_L2_R2.fastq.gz	1796509	1749253
A134	1	BCSB6	2337HWLT4	ILLUMINA	2	A134	ACTTACAG+CACATCGG	data/Lane2/255_A134_10483619_2337HWLT4_L2_R1.fastq.gz	data/Lane2/255_A134_10483619_2337HWLT4_L2_R2.fastq.gz	640714	647213
A135	1	BCSB6	2337HWLT4	ILLUMINA	2	A135	GTACCTGA+TTAAGTTG	data/Lane2/256_A135_10483619_2337HWLT4_L2_R1.fastq.gz	data/Lane2/256_A135_10483619_2337HWLT4_L2_R2.fastq.gz	3668297	3677213
A136	1	BCSB6	2337HWLT4	ILLUMINA	2	A136	CGTCGGAT+CGGACAGT	data/Lane2/257_A136_10483619_2337HWLT4_L2_R1.fastq.gz	data/Lane2/257_A136_10483619_2337HWLT4_L2_R2.fastq.gz	1483889	1371476
A137	1	BCSB6	2337HWLT4	ILLUMINA	2	A137	GGCTACGT+TCCACGGC	data/Lane2/258_A137_10483619_2337HWLT4_L2_R1.fastq.gz	data/Lane2/258_A137_10483619_2337HWLT4_L2_R2.fastq.gz	1017155	1073446
A138	1	BCSB6	2337HWLT4	ILLUMINA	2	A138	GTTCGTCT+TGTGATGT	data/Lane2/259_A138_10483619_2337HWLT4_L2_R1.fastq.gz	data/Lane2/259_A138_10483619_2337HWLT4_L2_R2.fastq.gz	1688211	1697511
A139	1	BCSB6	2337HWLT4	ILLUMINA	2	A139	GGTGTGGA+GAGCGCAA	data/Lane2/260_A139_10483619_2337HWLT4_L2_R1.fastq.gz	data/Lane2/260_A139_10483619_2337HWLT4_L2_R2.fastq.gz	1581679	1585190
A140	1	BCSB6	2337HWLT4	ILLUMINA	2	A140	GCTGATTC+ATCTTACT	data/Lane2/261_A140_10483619_2337HWLT4_L2_R1.fastq.gz	data/Lane2/261_A140_10483619_2337HWLT4_L2_R2.fastq.gz	495088	491298
A141	1	BCSB6	2337HWLT4	ILLUMINA	2	A141	AGCCGTTA+ATGTCGTG	data/Lane2/262_A141_10483619_2337HWLT4_L2_R1.fastq.gz	data/Lane2/262_A141_10483619_2337HWLT4_L2_R2.fastq.gz	1836871	1866759
A142	1	BCSB6	2337HWLT4	ILLUMINA	2	A142	ATATCCTC+GTAGCCAT	data/Lane2/263_A142_10483619_2337HWLT4_L2_R1.fastq.gz	data/Lane2/263_A142_10483619_2337HWLT4_L2_R2.fastq.gz	1523763	1535482
A143	1	BCSB6	2337HWLT4	ILLUMINA	2	A143	ACAATCTC+TGGTTAAG	data/Lane2/264_A143_10483619_2337HWLT4_L2_R1.fastq.gz	data/Lane2/264_A143_10483619_2337HWLT4_L2_R2.fastq.gz	1815447	1821038
A144	1	BCSB6	2337HWLT4	ILLUMINA	2	A144	AGACTCAA+TGTTGTTC	data/Lane2/265_A144_10483619_2337HWLT4_L2_R1.fastq.gz	data/Lane2/265_A144_10483619_2337HWLT4_L2_R2.fastq.gz	1152949	1072887
A145	1	BCSB6	2337HWLT4	ILLUMINA	2	A145	CACACTGC+CCAACAAC	data/Lane2/266_A145_10483619_2337HWLT4_L2_R1.fastq.gz	data/Lane2/266_A145_10483619_2337HWLT4_L2_R2.fastq.gz	1243741	1217514
